$MeshFormat
4.1 0 8
$EndMeshFormat
$Entities
11 12 2 0
1 0 0 0 0 
2 -0.5 0 0 0 
3 0 0.5 0 0 
4 -5 2.5 0 0 
5 -5 0 0 0 
6 15 0 0 0 
7 15 2.5 0 0 
8 -5 -2.5 0 0 
12 15 -2.5 0 0 
15 0.5 0 0 0 
16 0 -0.5 0 0 
7 15 0 0 15 2.5 0 1 11 2 6 -7 
8 -5 2.5 0 15 2.5 0 1 12 2 7 -4 
9 -5 0 0 -5 2.5 0 1 10 2 4 -5 
10 -0.5 2.775557561562891e-17 0 0 0.5 0 1 13 2 3 -2 
11 -5 -2.5 0 -5 0 0 1 10 2 8 -5 
12 -5 -2.5 0 15 -2.5 0 1 12 2 12 -8 
13 15 -2.5 0 15 0 0 1 11 2 6 -12 
14 0 2.775557561562891e-17 0 0.5 0.5 0 1 13 2 3 -15 
15 0 -0.5 0 0.5 -2.775557561562891e-17 0 1 13 2 16 -15 
16 -0.5 -0.5 0 0 -2.775557561562891e-17 0 1 13 2 16 -2 
17 -5 0 0 -0.5 0 0 0 2 5 -2 
18 0.5 0 0 15 0 0 0 2 15 -6 
1 -5 0 0 15 2.5 0 1 1 7 8 9 17 -10 14 18 7 
19 -5 -2.5 0 15 0 0 1 1 7 12 11 17 -16 15 18 13 
$EndEntities
$Nodes
24 3807 1 3807
0 2 0 1
1
-0.5 0 0
0 3 0 1
2
0 0.5 0
0 4 0 1
3
-5 2.5 0
0 5 0 1
4
-5 0 0
0 6 0 1
5
15 0 0
0 7 0 1
6
15 2.5 0
0 8 0 1
7
-5 -2.5 0
0 12 0 1
8
15 -2.5 0
0 15 0 1
9
0.5 0 0
0 16 0 1
10
0 -0.5 0
1 7 0 9
11
12
13
14
15
16
17
18
19
15 0.2499999999997973 0
15 0.4999999999992067 0
15 0.7499999999984774 0
15 0.9999999999977567 0
15 1.249999999998103 0
15 1.499999999998483 0
15 1.749999999998864 0
15 1.999999999999244 0
15 2.249999999999623 0
1 8 0 79
20
21
22
23
24
25
26
27
28
29
30
31
32
33
34
35
36
37
38
39
40
41
42
43
44
45
46
47
48
49
50
51
52
53
54
55
56
57
58
59
60
61
62
63
64
65
66
67
68
69
70
71
72
73
74
75
76
77
78
79
80
81
82
83
84
85
86
87
88
89
90
91
92
93
94
95
96
97
98
14.74999999999994 2.5 0
14.49999999999988 2.5 0
14.24999999999982 2.5 0
13.99999999999975 2.5 0
13.74999999999969 2.5 0
13.49999999999963 2.5 0
13.24999999999957 2.5 0
12.99999999999951 2.5 0
12.74999999999945 2.5 0
12.49999999999939 2.5 0
12.24999999999932 2.5 0
11.99999999999926 2.5 0
11.7499999999992 2.5 0
11.49999999999914 2.5 0
11.24999999999908 2.5 0
10.99999999999902 2.5 0
10.74999999999896 2.5 0
10.4999999999989 2.5 0
10.24999999999883 2.5 0
9.999999999998774 2.5 0
9.749999999998714 2.5 0
9.499999999998652 2.5 0
9.24999999999859 2.5 0
8.999999999998529 2.5 0
8.749999999998469 2.5 0
8.499999999998407 2.5 0
8.249999999998344 2.5 0
7.999999999998561 2.5 0
7.749999999999542 2.5 0
7.50000000000059 2.5 0
7.250000000001639 2.5 0
7.000000000002617 2.5 0
6.750000000002835 2.5 0
6.500000000002773 2.5 0
6.250000000002711 2.5 0
6.00000000000265 2.5 0
5.75000000000259 2.5 0
5.500000000002528 2.5 0
5.250000000002466 2.5 0
5.000000000002405 2.5 0
4.750000000002345 2.5 0
4.500000000002283 2.5 0
4.25000000000222 2.5 0
4.00000000000216 2.5 0
3.7500000000021 2.5 0
3.500000000002037 2.5 0
3.250000000001975 2.5 0
3.000000000001915 2.5 0
2.750000000001855 2.5 0
2.500000000001792 2.5 0
2.25000000000173 2.5 0
2.00000000000167 2.5 0
1.750000000001609 2.5 0
1.500000000001547 2.5 0
1.250000000001485 2.5 0
1.000000000001425 2.5 0
0.7500000000013642 2.5 0
0.5000000000013021 2.5 0
0.2500000000012399 2.5 0
1.179500941361766e-12 2.5 0
-0.2499999999988809 2.5 0
-0.4999999999989431 2.5 0
-0.7499999999990052 2.5 0
-0.9999999999990639 2.5 0
-1.249999999999122 2.5 0
-1.499999999999179 2.5 0
-1.74999999999924 2.5 0
-1.999999999999297 2.5 0
-2.249999999999357 2.5 0
-2.499999999999417 2.5 0
-2.749999999999474 2.5 0
-2.999999999999531 2.5 0
-3.249999999999591 2.5 0
-3.499999999999648 2.5 0
-3.749999999999709 2.5 0
-3.999999999999766 2.5 0
-4.249999999999822 2.5 0
-4.499999999999883 2.5 0
-4.749999999999943 2.5 0
1 9 0 9
99
100
101
102
103
104
105
106
107
-5 2.25 0
-5 1.999999999999999 0
-5 1.749999999999998 0
-5 1.499999999999998 0
-5 1.249999999999997 0
-5 0.9999999999999969 0
-5 0.7499999999999962 0
-5 0.4999999999999956 0
-5 0.2499999999999978 0
1 10 0 11
108
109
110
111
112
113
114
115
116
117
118
-0.06526309626101673 0.4957224306670269 0
-0.1294095228858618 0.482962913054878 0
-0.1913417167027803 0.4619397660401548 0
-0.2500000006355843 0.4330127015252646 0
-0.3043807152859429 0.3966766695458881 0
-0.3535533914210651 0.3535533897654825 0
-0.3966766707270195 0.3043807137466626 0
-0.4330127022846476 0.2499999993202944 0
-0.4619397664874778 0.1913417156228471 0
-0.4829629132495629 0.1294095221592876 0
-0.4957224307129924 0.06526309591187414 0
1 11 0 9
119
120
121
122
123
124
125
126
127
-5 -2.25 0
-5 -1.999999999999999 0
-5 -1.749999999999998 0
-5 -1.499999999999998 0
-5 -1.249999999999997 0
-5 -0.9999999999999969 0
-5 -0.7499999999999962 0
-5 -0.4999999999999956 0
-5 -0.2499999999999978 0
1 12 0 79
128
129
130
131
132
133
134
135
136
137
138
139
140
141
142
143
144
145
146
147
148
149
150
151
152
153
154
155
156
157
158
159
160
161
162
163
164
165
166
167
168
169
170
171
172
173
174
175
176
177
178
179
180
181
182
183
184
185
186
187
188
189
190
191
192
193
194
195
196
197
198
199
200
201
202
203
204
205
206
14.74999999999994 -2.5 0
14.49999999999988 -2.5 0
14.24999999999982 -2.5 0
13.99999999999975 -2.5 0
13.74999999999969 -2.5 0
13.49999999999963 -2.5 0
13.24999999999957 -2.5 0
12.99999999999951 -2.5 0
12.74999999999945 -2.5 0
12.49999999999939 -2.5 0
12.24999999999932 -2.5 0
11.99999999999926 -2.5 0
11.7499999999992 -2.5 0
11.49999999999914 -2.5 0
11.24999999999908 -2.5 0
10.99999999999902 -2.5 0
10.74999999999896 -2.5 0
10.4999999999989 -2.5 0
10.24999999999883 -2.5 0
9.999999999998774 -2.5 0
9.749999999998714 -2.5 0
9.499999999998652 -2.5 0
9.24999999999859 -2.5 0
8.999999999998529 -2.5 0
8.749999999998469 -2.5 0
8.499999999998407 -2.5 0
8.249999999998344 -2.5 0
7.999999999998561 -2.5 0
7.749999999999542 -2.5 0
7.50000000000059 -2.5 0
7.250000000001639 -2.5 0
7.000000000002617 -2.5 0
6.750000000002835 -2.5 0
6.500000000002773 -2.5 0
6.250000000002711 -2.5 0
6.00000000000265 -2.5 0
5.75000000000259 -2.5 0
5.500000000002528 -2.5 0
5.250000000002466 -2.5 0
5.000000000002405 -2.5 0
4.750000000002345 -2.5 0
4.500000000002283 -2.5 0
4.25000000000222 -2.5 0
4.00000000000216 -2.5 0
3.7500000000021 -2.5 0
3.500000000002037 -2.5 0
3.250000000001975 -2.5 0
3.000000000001915 -2.5 0
2.750000000001855 -2.5 0
2.500000000001792 -2.5 0
2.25000000000173 -2.5 0
2.00000000000167 -2.5 0
1.750000000001609 -2.5 0
1.500000000001547 -2.5 0
1.250000000001485 -2.5 0
1.000000000001425 -2.5 0
0.7500000000013642 -2.5 0
0.5000000000013021 -2.5 0
0.2500000000012399 -2.5 0
1.179500941361766e-12 -2.5 0
-0.2499999999988809 -2.5 0
-0.4999999999989431 -2.5 0
-0.7499999999990052 -2.5 0
-0.9999999999990639 -2.5 0
-1.249999999999122 -2.5 0
-1.499999999999179 -2.5 0
-1.74999999999924 -2.5 0
-1.999999999999297 -2.5 0
-2.249999999999357 -2.5 0
-2.499999999999417 -2.5 0
-2.749999999999474 -2.5 0
-2.999999999999531 -2.5 0
-3.249999999999591 -2.5 0
-3.499999999999648 -2.5 0
-3.749999999999709 -2.5 0
-3.999999999999766 -2.5 0
-4.249999999999822 -2.5 0
-4.499999999999883 -2.5 0
-4.749999999999943 -2.5 0
1 13 0 9
207
208
209
210
211
212
213
214
215
15 -0.2499999999997973 0
15 -0.4999999999992067 0
15 -0.7499999999984774 0
15 -0.9999999999977567 0
15 -1.249999999998103 0
15 -1.499999999998483 0
15 -1.749999999998864 0
15 -1.999999999999244 0
15 -2.249999999999623 0
1 14 0 11
216
217
218
219
220
221
222
223
224
225
226
0.06526309626101673 0.4957224306670269 0
0.1294095228858618 0.482962913054878 0
0.1913417167027803 0.4619397660401548 0
0.2500000006355843 0.4330127015252646 0
0.3043807152859429 0.3966766695458881 0
0.3535533914210651 0.3535533897654825 0
0.3966766707270195 0.3043807137466626 0
0.4330127022846476 0.2499999993202944 0
0.4619397664874778 0.1913417156228471 0
0.4829629132495629 0.1294095221592876 0
0.4957224307129924 0.06526309591187414 0
1 15 0 11
227
228
229
230
231
232
233
234
235
236
237
0.06526309626101673 -0.4957224306670269 0
0.1294095228858618 -0.482962913054878 0
0.1913417167027803 -0.4619397660401548 0
0.2500000006355843 -0.4330127015252646 0
0.3043807152859429 -0.3966766695458881 0
0.3535533914210651 -0.3535533897654825 0
0.3966766707270195 -0.3043807137466626 0
0.4330127022846476 -0.2499999993202944 0
0.4619397664874778 -0.1913417156228471 0
0.4829629132495629 -0.1294095221592876 0
0.4957224307129924 -0.06526309591187414 0
1 16 0 11
238
239
240
241
242
243
244
245
246
247
248
-0.06526309626101673 -0.4957224306670269 0
-0.1294095228858618 -0.482962913054878 0
-0.1913417167027803 -0.4619397660401548 0
-0.2500000006355843 -0.4330127015252646 0
-0.3043807152859429 -0.3966766695458881 0
-0.3535533914210651 -0.3535533897654825 0
-0.3966766707270195 -0.3043807137466626 0
-0.4330127022846476 -0.2499999993202944 0
-0.4619397664874778 -0.1913417156228471 0
-0.4829629132495629 -0.1294095221592876 0
-0.4957224307129924 -0.06526309591187414 0
1 17 0 31
249
250
251
252
253
254
255
256
257
258
259
260
261
262
263
264
265
266
267
268
269
270
271
272
273
274
275
276
277
278
279
-4.756254170927358 0 0
-4.522014250876795 0 0
-4.296909532752286 0 0
-4.080583761812124 0 0
-3.872694541134404 0 0
-3.672912859825906 0 0
-3.480922555524532 0 0
-3.296419729625318 0 0
-3.119112360351008 0 0
-2.948719898576191 0 0
-2.784972623758153 0 0
-2.62761139501389 0 0
-2.476387103777404 0 0
-2.331060517784364 0 0
-2.1914015497742 0 0
-2.057189182668394 0 0
-1.92821096586779 0 0
-1.804262863208491 0 0
-1.68514864624679 0 0
-1.570679795321257 0 0
-1.460675162160894 0 0
-1.354960642216859 0 0
-1.25336891241658 0 0
-1.155739188725828 0 0
-1.061916953665786 0 0
-0.971753738511862 0 0
-0.8851068155568846 0 0
-0.8018390852460353 0 0
-0.7218187210645182 0 0
-0.6449191042110654 0 0
-0.5710185262404872 0 0
1 18 0 102
280
281
282
283
284
285
286
287
288
289
290
291
292
293
294
295
296
297
298
299
300
301
302
303
304
305
306
307
308
309
310
311
312
313
314
315
316
317
318
319
320
321
322
323
324
325
326
327
328
329
330
331
332
333
334
335
336
337
338
339
340
341
342
343
344
345
346
347
348
349
350
351
352
353
354
355
356
357
358
359
360
361
362
363
364
365
366
367
368
369
370
371
372
373
374
375
376
377
378
379
380
381
0.570122847818593 0 0
0.6411177057488535 0 0
0.7129954191415624 0 0
0.7857669666992391 0 0
0.8594434812672433 0 0
0.9340362113800982 0 0
1.009556533045542 0 0
1.086015994708839 0 0
1.163426283255973 0 0
1.241799201707031 0 0
1.321146737136783 0 0
1.401481011949613 0 0
1.482814284238466 0 0
1.565158981770524 0 0
1.648527679669085 0 0
1.732933115077755 0 0
1.818388190677587 0 0
1.90490594534858 0 0
1.992499596179816 0 0
2.081182524232386 0 0
2.170968267577741 0 0
2.261870562148101 0 0
2.353903274483919 0 0
2.447080460832169 0 0
2.541416406630118 0 0
2.636925427855255 0 0
2.733622135906946 0 0
2.831521370297634 0 0
2.930638017221789 0 0
3.030987217538615 0 0
3.132584365425952 0 0
3.235444909720707 0 0
3.339584569718825 0 0
3.445019265335387 0 0
3.551765110053013 0 0
3.659838410720818 0 0
3.769255633088147 0 0
3.880033586336337 0 0
3.992189052113716 0 0
4.105739284392914 0 0
4.220701559992918 0 0
4.33709347815577 0 0
4.454932798995257 0 0
4.574237490421274 0 0
4.695025799826889 0 0
4.817316211896185 0 0
4.941127357712622 0 0
5.066478174593574 0 0
5.193387822457018 0 0
5.321875628927851 0 0
5.451961276927627 0 0
5.583664587269324 0 0
5.717005746442473 0 0
5.852005051508493 0 0
5.988683136899965 0 0
6.12706091388995 0 0
6.267159510591816 0 0
6.409000307010525 0 0
6.552604970426573 0 0
6.697995435668338 0 0
6.845193908457597 0 0
6.994222871488023 0 0
7.145105136695931 0 0
7.29786369372701 0 0
7.452521861123291 0 0
7.609103337740787 0 0
7.767631948224131 0 0
7.928132001855812 0 0
8.090627944317943 0 0
8.255144614580152 0 0
8.421707147032372 0 0
8.590340971296705 0 0
8.76107186161034 0 0
8.933925882849866 0 0
9.108929459770174 0 0
9.286109291510753 0 0
9.465492466352961 0 0
9.647106371769326 0 0
9.830978756413151 0 0
10.01713768451701 0 0
10.20561169363481 0 0
10.39642941443446 0 0
10.5896200055165 0 0
10.78521312852532 0 0
10.98323851165227 0 0
11.18372638759271 0 0
11.38670759059433 0 0
11.59221291759211 0 0
11.80027377268873 0 0
12.01092207070804 0 0
12.22418981256332 0 0
12.44010971042942 0 0
12.65871473887989 0 0
12.88003816443327 0 0
13.10411395471583 0 0
13.33097621475475 0 0
13.56065963478458 0 0
13.7931992526264 0 0
14.02863073529953 0 0
14.26698983607636 0 0
14.50831314111725 0 0
14.75263743289473 0 0
2 1 0 1713
382
383
384
385
386
387
388
389
390
391
392
393
394
395
396
397
398
399
400
401
402
403
404
405
406
407
408
409
410
411
412
413
414
415
416
417
418
419
420
421
422
423
424
425
426
427
428
429
430
431
432
433
434
435
436
437
438
439
440
441
442
443
444
445
446
447
448
449
450
451
452
453
454
455
456
457
458
459
460
461
462
463
464
465
466
467
468
469
470
471
472
473
474
475
476
477
478
479
480
481
482
483
484
485
486
487
488
489
490
491
492
493
494
495
496
497
498
499
500
501
502
503
504
505
506
507
508
509
510
511
512
513
514
515
516
517
518
519
520
521
522
523
524
525
526
527
528
529
530
531
532
533
534
535
536
537
538
539
540
541
542
543
544
545
546
547
548
549
550
551
552
553
554
555
556
557
558
559
560
561
562
563
564
565
566
567
568
569
570
571
572
573
574
575
576
577
578
579
580
581
582
583
584
585
586
587
588
589
590
591
592
593
594
595
596
597
598
599
600
601
602
603
604
605
606
607
608
609
610
611
612
613
614
615
616
617
618
619
620
621
622
623
624
625
626
627
628
629
630
631
632
633
634
635
636
637
638
639
640
641
642
643
644
645
646
647
648
649
650
651
652
653
654
655
656
657
658
659
660
661
662
663
664
665
666
667
668
669
670
671
672
673
674
675
676
677
678
679
680
681
682
683
684
685
686
687
688
689
690
691
692
693
694
695
696
697
698
699
700
701
702
703
704
705
706
707
708
709
710
711
712
713
714
715
716
717
718
719
720
721
722
723
724
725
726
727
728
729
730
731
732
733
734
735
736
737
738
739
740
741
742
743
744
745
746
747
748
749
750
751
752
753
754
755
756
757
758
759
760
761
762
763
764
765
766
767
768
769
770
771
772
773
774
775
776
777
778
779
780
781
782
783
784
785
786
787
788
789
790
791
792
793
794
795
796
797
798
799
800
801
802
803
804
805
806
807
808
809
810
811
812
813
814
815
816
817
818
819
820
821
822
823
824
825
826
827
828
829
830
831
832
833
834
835
836
837
838
839
840
841
842
843
844
845
846
847
848
849
850
851
852
853
854
855
856
857
858
859
860
861
862
863
864
865
866
867
868
869
870
871
872
873
874
875
876
877
878
879
880
881
882
883
884
885
886
887
888
889
890
891
892
893
894
895
896
897
898
899
900
901
902
903
904
905
906
907
908
909
910
911
912
913
914
915
916
917
918
919
920
921
922
923
924
925
926
927
928
929
930
931
932
933
934
935
936
937
938
939
940
941
942
943
944
945
946
947
948
949
950
951
952
953
954
955
956
957
958
959
960
961
962
963
964
965
966
967
968
969
970
971
972
973
974
975
976
977
978
979
980
981
982
983
984
985
986
987
988
989
990
991
992
993
994
995
996
997
998
999
1000
1001
1002
1003
1004
1005
1006
1007
1008
1009
1010
1011
1012
1013
1014
1015
1016
1017
1018
1019
1020
1021
1022
1023
1024
1025
1026
1027
1028
1029
1030
1031
1032
1033
1034
1035
1036
1037
1038
1039
1040
1041
1042
1043
1044
1045
1046
1047
1048
1049
1050
1051
1052
1053
1054
1055
1056
1057
1058
1059
1060
1061
1062
1063
1064
1065
1066
1067
1068
1069
1070
1071
1072
1073
1074
1075
1076
1077
1078
1079
1080
1081
1082
1083
1084
1085
1086
1087
1088
1089
1090
1091
1092
1093
1094
1095
1096
1097
1098
1099
1100
1101
1102
1103
1104
1105
1106
1107
1108
1109
1110
1111
1112
1113
1114
1115
1116
1117
1118
1119
1120
1121
1122
1123
1124
1125
1126
1127
1128
1129
1130
1131
1132
1133
1134
1135
1136
1137
1138
1139
1140
1141
1142
1143
1144
1145
1146
1147
1148
1149
1150
1151
1152
1153
1154
1155
1156
1157
1158
1159
1160
1161
1162
1163
1164
1165
1166
1167
1168
1169
1170
1171
1172
1173
1174
1175
1176
1177
1178
1179
1180
1181
1182
1183
1184
1185
1186
1187
1188
1189
1190
1191
1192
1193
1194
1195
1196
1197
1198
1199
1200
1201
1202
1203
1204
1205
1206
1207
1208
1209
1210
1211
1212
1213
1214
1215
1216
1217
1218
1219
1220
1221
1222
1223
1224
1225
1226
1227
1228
1229
1230
1231
1232
1233
1234
1235
1236
1237
1238
1239
1240
1241
1242
1243
1244
1245
1246
1247
1248
1249
1250
1251
1252
1253
1254
1255
1256
1257
1258
1259
1260
1261
1262
1263
1264
1265
1266
1267
1268
1269
1270
1271
1272
1273
1274
1275
1276
1277
1278
1279
1280
1281
1282
1283
1284
1285
1286
1287
1288
1289
1290
1291
1292
1293
1294
1295
1296
1297
1298
1299
1300
1301
1302
1303
1304
1305
1306
1307
1308
1309
1310
1311
1312
1313
1314
1315
1316
1317
1318
1319
1320
1321
1322
1323
1324
1325
1326
1327
1328
1329
1330
1331
1332
1333
1334
1335
1336
1337
1338
1339
1340
1341
1342
1343
1344
1345
1346
1347
1348
1349
1350
1351
1352
1353
1354
1355
1356
1357
1358
1359
1360
1361
1362
1363
1364
1365
1366
1367
1368
1369
1370
1371
1372
1373
1374
1375
1376
1377
1378
1379
1380
1381
1382
1383
1384
1385
1386
1387
1388
1389
1390
1391
1392
1393
1394
1395
1396
1397
1398
1399
1400
1401
1402
1403
1404
1405
1406
1407
1408
1409
1410
1411
1412
1413
1414
1415
1416
1417
1418
1419
1420
1421
1422
1423
1424
1425
1426
1427
1428
1429
1430
1431
1432
1433
1434
1435
1436
1437
1438
1439
1440
1441
1442
1443
1444
1445
1446
1447
1448
1449
1450
1451
1452
1453
1454
1455
1456
1457
1458
1459
1460
1461
1462
1463
1464
1465
1466
1467
1468
1469
1470
1471
1472
1473
1474
1475
1476
1477
1478
1479
1480
1481
1482
1483
1484
1485
1486
1487
1488
1489
1490
1491
1492
1493
1494
1495
1496
1497
1498
1499
1500
1501
1502
1503
1504
1505
1506
1507
1508
1509
1510
1511
1512
1513
1514
1515
1516
1517
1518
1519
1520
1521
1522
1523
1524
1525
1526
1527
1528
1529
1530
1531
1532
1533
1534
1535
1536
1537
1538
1539
1540
1541
1542
1543
1544
1545
1546
1547
1548
1549
1550
1551
1552
1553
1554
1555
1556
1557
1558
1559
1560
1561
1562
1563
1564
1565
1566
1567
1568
1569
1570
1571
1572
1573
1574
1575
1576
1577
1578
1579
1580
1581
1582
1583
1584
1585
1586
1587
1588
1589
1590
1591
1592
1593
1594
1595
1596
1597
1598
1599
1600
1601
1602
1603
1604
1605
1606
1607
1608
1609
1610
1611
1612
1613
1614
1615
1616
1617
1618
1619
1620
1621
1622
1623
1624
1625
1626
1627
1628
1629
1630
1631
1632
1633
1634
1635
1636
1637
1638
1639
1640
1641
1642
1643
1644
1645
1646
1647
1648
1649
1650
1651
1652
1653
1654
1655
1656
1657
1658
1659
1660
1661
1662
1663
1664
1665
1666
1667
1668
1669
1670
1671
1672
1673
1674
1675
1676
1677
1678
1679
1680
1681
1682
1683
1684
1685
1686
1687
1688
1689
1690
1691
1692
1693
1694
1695
1696
1697
1698
1699
1700
1701
1702
1703
1704
1705
1706
1707
1708
1709
1710
1711
1712
1713
1714
1715
1716
1717
1718
1719
1720
1721
1722
1723
1724
1725
1726
1727
1728
1729
1730
1731
1732
1733
1734
1735
1736
1737
1738
1739
1740
1741
1742
1743
1744
1745
1746
1747
1748
1749
1750
1751
1752
1753
1754
1755
1756
1757
1758
1759
1760
1761
1762
1763
1764
1765
1766
1767
1768
1769
1770
1771
1772
1773
1774
1775
1776
1777
1778
1779
1780
1781
1782
1783
1784
1785
1786
1787
1788
1789
1790
1791
1792
1793
1794
1795
1796
1797
1798
1799
1800
1801
1802
1803
1804
1805
1806
1807
1808
1809
1810
1811
1812
1813
1814
1815
1816
1817
1818
1819
1820
1821
1822
1823
1824
1825
1826
1827
1828
1829
1830
1831
1832
1833
1834
1835
1836
1837
1838
1839
1840
1841
1842
1843
1844
1845
1846
1847
1848
1849
1850
1851
1852
1853
1854
1855
1856
1857
1858
1859
1860
1861
1862
1863
1864
1865
1866
1867
1868
1869
1870
1871
1872
1873
1874
1875
1876
1877
1878
1879
1880
1881
1882
1883
1884
1885
1886
1887
1888
1889
1890
1891
1892
1893
1894
1895
1896
1897
1898
1899
1900
1901
1902
1903
1904
1905
1906
1907
1908
1909
1910
1911
1912
1913
1914
1915
1916
1917
1918
1919
1920
1921
1922
1923
1924
1925
1926
1927
1928
1929
1930
1931
1932
1933
1934
1935
1936
1937
1938
1939
1940
1941
1942
1943
1944
1945
1946
1947
1948
1949
1950
1951
1952
1953
1954
1955
1956
1957
1958
1959
1960
1961
1962
1963
1964
1965
1966
1967
1968
1969
1970
1971
1972
1973
1974
1975
1976
1977
1978
1979
1980
1981
1982
1983
1984
1985
1986
1987
1988
1989
1990
1991
1992
1993
1994
1995
1996
1997
1998
1999
2000
2001
2002
2003
2004
2005
2006
2007
2008
2009
2010
2011
2012
2013
2014
2015
2016
2017
2018
2019
2020
2021
2022
2023
2024
2025
2026
2027
2028
2029
2030
2031
2032
2033
2034
2035
2036
2037
2038
2039
2040
2041
2042
2043
2044
2045
2046
2047
2048
2049
2050
2051
2052
2053
2054
2055
2056
2057
2058
2059
2060
2061
2062
2063
2064
2065
2066
2067
2068
2069
2070
2071
2072
2073
2074
2075
2076
2077
2078
2079
2080
2081
2082
2083
2084
2085
2086
2087
2088
2089
2090
2091
2092
2093
2094
1.198893183202219 0.06953050965738072 0
1.606843330719805 0.07175600509514614 0
-1.193605156320743 0.0815205001617024 0
-0.3587958346776807 0.4215810968734912 0
0.4166665650333169 0.3654209042540091 0
-1.624210879344858 0.09819221049664713 0
1.948702770764198 0.07539245012677201 0
2.294677593813014 0.07159193338821164 0
2.685317490335374 0.07890249582538289 0
3.081785791482284 0.08744533387315184 0
3.498291230864014 0.09828673160952137 0
3.933323986556568 0.1044639871701838 0
4.394906297961395 0.08555660015977043 0
4.86892429278665 0.1031762147986476 0
5.386918452927739 0.1119655901579235 0
0.2454641898394044 0.4984872862250006 0
-0.1785821991670571 0.5260861926770561 0
0.03633603183931235 0.5543807146251831 0
-2.12622705776123 0.1164159891106192 0
5.91563668829695 0.1110250864473684 0
6.486801670755968 0.1277934479583308 0
0.8878634477701246 0.05977839527218296 0
7.06581133290276 0.127045270524297 0
-2.720514398494172 0.1331720697206144 0
7.669111532430736 0.1494709780338213 0
8.338425880806264 0.1433615001076967 0
1.374590058364272 2.301794707021219 0
9.021513995878315 0.1439572500792384 0
-1.110863818848745 2.268880414934514 0
-3.387720410167141 0.1546950656015421 0
2.141133636954368 2.305472311677697 0
9.732235911615122 0.1602508368598557 0
-0.8397382667827489 0.08351490698304288 0
2.871657957981249 2.306863955923278 0
3.625803075741066 2.29941481284543 0
10.48312879548394 0.1559660846137411 0
4.345256942839459 2.300569657951455 0
11.27947454791663 0.1773765696221486 0
5.137949587175655 2.269366540743398 0
-2.376731350660396 2.313128193976431 0
6.122321211091924 2.269007822186376 0
11.90524008197684 0.1946815865349785 0
12.55207230192594 0.1826458108926136 0
13.21736450936469 0.1953295691839188 0
6.891979241639685 2.26916800987115 0
0.6215175937678283 2.29576843683048 0
7.875667552466961 2.277017059710416 0
8.629672529639423 2.298441888281404 0
-0.374999999998912 2.283493649053837 0
9.39381373098254 2.272552167154625 0
-3.130228842181962 2.254299403542777 0
10.87321685350801 2.289405488166133 0
10.11864917919239 2.292696108125254 0
11.62499999999917 2.283493649053837 0
13.62552331689123 2.284249110788458 0
12.84228264426425 2.274708535005116 0
-4.795316310264836 1.124113890240387 0
14.79208696317621 1.125292631152152 0
-0.5009971591594777 0.2432455757886583 0
0.4985714159218809 0.2437143334985521 0
-3.874999999999737 2.283493649053841 0
-3.976608878202239 0.1722620807026367 0
13.90443894203312 0.1987845047119687 0
-4.409665200425749 0.1856977266954205 0
-1.016608285362797 0.06806649818958169 0
-3.013149209032016 0.1414781501235948 0
-1.405372814845845 0.09605778616227069 0
-2.409544553257123 0.1286925516519987 0
-1.866320746335712 0.1031185108828771 0
0.1322691151081742 2.304991604863285 0
-1.62499999999921 2.283493649053841 0
0.677056562445208 0.06186563813484778 0
5.622795350753494 2.28483987155063 0
-4.784474348615621 1.616851939186001 0
7.377171972616062 2.289126018487326 0
1.040672505102963 0.06773802896825509 0
10.88722517354281 0.1849945732665324 0
10.10871939649184 0.1603249530051544 0
12.1116745150644 2.292893770817783 0
9.370108268706577 0.1653355725963651 0
14.78877062773284 1.624999656764685 0
8.675706416453524 0.1469492319862878 0
14.11775033726755 2.289259038275535 0
8.003753138427415 0.1424014208659183 0
7.369612490939895 0.1386828292742725 0
6.770912535771266 0.124207240170773 0
6.191499189449639 0.1201220340632174 0
5.651152110197449 0.1047066708233345 0
5.12379204131357 0.1147565093133384 0
1.370681160023456 0.06695602079542799 0
4.639505743035852 0.125413254085616 0
4.146521227421157 0.09870405405570459 0
3.713730209747296 0.09476844977107954 0
3.288262268017216 0.08726588000326545 0
2.883742419991944 0.09056627503338865 0
2.494248433731143 0.08119556799089854 0
-0.6833689126377918 0.0652983998066267 0
2.13255780622778 0.0722426349516157 0
1.770967378860905 0.06953128803534632 0
14.78370174250891 0.6267732191435536 0
-4.374999999999853 2.28349364905384 0
-4.798237114733035 0.626078706412571 0
14.39804240704773 0.1938852334934867 0
14.76418447153335 2.136426551036238 0
0.5431489376938027 0.1128855730223607 0
-0.5448951066735226 0.108386375298942 0
-4.799474474081514 2.136931057600544 0
0.5241869368753342 0.1784383943208848 0
0.5673191054256447 0.2317803603315405 0
0.5430650109848605 0.2963908297327138 0
0.6130146633973494 0.2871424583659628 0
0.5890210234762974 0.3536861460581968 0
0.6635465230977725 0.3426352083323519 0
0.6332145089353552 0.4154581083607123 0
0.7136952493480404 0.4050080731332947 0
0.6821664851601686 0.4822301086044534 0
0.7686013703334819 0.4706823553846923 0
0.7354940624678703 0.5549949955726617 0
0.831342385621842 0.5390131771548985 0
0.7928031872709109 0.6314321995169858 0
0.9002606664338273 0.6122763313357349 0
0.8538026657911401 0.7165173307180499 0
0.9668492790207381 0.6976913479256441 0
0.9231032999364184 0.8055872781729355 0
1.037932036873209 0.7881428963915732 0
0.806798049288837 0.8215257456275545 0
0.8813017290538641 0.9159746696472424 0
0.758324987533337 0.9316956739356435 0
0.8386279268072914 1.034283795980058 0
0.6994658604260877 1.04967324040413 0
1.08091965216165 0.6776692068384098 0
1.154198182104691 0.7689255802323871 0
0.7861288831506856 1.159787079093499 0
0.6480612605646366 1.176470884676527 0
0.9275731350158393 1.140352328939704 0
0.5662470733042514 1.063852952336674 0
0.5107186912367695 1.191147371575409 0
1.195104627737477 0.6574959648567222 0
1.271313326106734 0.7489377798737593 0
0.4296728153738333 1.080590791610525 0
0.3747286343159094 1.205453546371847 0
0.2986488011601746 1.097848834688731 0
0.2405221182806308 1.218550351719046 0
0.1663795605861149 1.109105038802014 0
0.1071349570351076 1.23336196144885 0
0.02878683136248204 1.121659769494165 0
-0.02624443952002919 1.250552125763094 0
-0.1084347355114297 1.138713882127886 0
-0.1640202183068599 1.263231828036469 0
-0.2448134246413256 1.151670906109383 0
-0.3030032375333686 1.279572822388139 0
-0.3892061969749033 1.162510470457567 0
-0.4466557309691943 1.295968957677436 0
-0.5332569488978708 1.175906778628456 0
-0.5943651436549638 1.313412556191761 0
-0.6865161533308535 1.1880457382292 0
-0.7491238377691067 1.331733258976416 0
-0.838597312444743 1.203736401702567 0
-0.7767368399744012 1.063810734963856 0
-0.9286551238857703 1.074808336172524 0
-0.993047698089378 1.216035229299137 0
-1.084476992943188 1.083675588535519 0
-0.8679964501337465 0.939312301817014 0
-1.153513048127333 1.225718803296533 0
-1.243738949984439 1.0933167030862 0
-1.316829775281045 1.23789884402792 0
-1.406742410789236 1.101037453989581 0
-1.484306105720725 1.248572521458533 0
-1.578235672104471 1.111679911974918 0
-1.656752441355463 1.259240111382632 0
-1.750719407552543 1.118709325780041 0
1.309024918070848 0.6392693818238759 0
1.395635930891172 0.7245499656923238 0
1.348149707395067 0.8431133112605289 0
1.480917560246481 0.8175473252550274 0
1.427629018249406 0.9468011581446318 0
1.564804515442276 0.9218817074993517 0
1.515564166410693 1.052508572058811 0
1.655323103393019 1.026803489168969 0
1.703103955954482 0.894740250678722 0
1.7956848855131 1.000541490938651 0
1.842788538938206 0.8669314766688864 0
1.93443418489895 0.9670773083445805 0
1.982368816855487 0.8380401080674742 0
2.074265387549955 0.9393370847951605 0
2.12401354325306 0.8078388598116759 0
2.219588026195603 0.9138367983959168 0
2.172310286880286 1.04458026329466 0
2.317118281357041 1.024406033130637 0
2.365102291326892 0.8828017469089187 0
2.462448674912755 0.9904501617353081 0
2.50853733432497 0.8512968709547428 0
2.607051971538703 0.9573045443856121 0
2.426516538898077 1.127783926218944 0
1.742756944990911 1.13216423565705 0
2.651518912740954 0.8182480877005711 0
2.75150193340269 0.9248285557783276 0
-1.832515774979139 1.277481386857633 0
-1.932613686112517 1.129162437309152 0
0.8723019447781805 1.272842766660221 0
2.789384357450449 0.7840124500510482 0
2.896116816506772 0.8943554740874412 0
2.844260860060538 1.036236133666298 0
3.001731036701761 1.004686722089276 0
3.046628243639409 0.857069028838221 0
3.156488679962525 0.9662651079786141 0
3.11167681440556 1.120585556628203 0
3.267492493870809 1.079597880414267 0
3.310258912046815 0.9253568092240256 0
3.422387113037836 1.037517900098935 0
3.46315278265034 0.8832817130242578 0
3.579139403092992 0.9936788317535807 0
-1.327648736834709 0.9571593163474527 0
0.6320873433707929 0.5616161320924675 0
-2.013902151398629 1.292966369388983 0
-2.116398943215344 1.139388024114578 0
-2.199832540754886 1.307159673938608 0
-2.304911994720428 1.149573074194733 0
3.537085369905618 1.153398227560758 0
3.696007899119792 1.107781545357444 0
3.736312031350942 0.9479251559801261 0
3.854368122165377 1.060740404235024 0
3.892061955451783 0.90020300226483 0
4.013463840389331 1.01110367649831 0
3.974892673264744 1.176668706392173 0
4.136630293913607 1.125971463702489 0
4.173394039243832 0.960605742283629 0
4.297623989324611 1.074153531158182 0
4.333207390000919 0.9100280941259491 0
4.460307736056959 1.021072873705827 0
-2.390400218176973 1.321361312952927 0
-2.498341689512186 1.159456712151044 0
1.429884239289649 0.6149983090781441 0
4.423793649363107 1.190341246534923 0
4.588041335079822 1.135027778824943 0
4.622794697682876 0.9661456739601917 0
4.751365999655214 1.078616212825652 0
4.781721017819784 0.9107579019999339 0
4.912881385842278 1.021554837513503 0
0.3099804859949515 1.332306767800384 0
-0.72428042014908 0.9294463361219598 0
-0.7985376135914425 0.8186070600612129 0
4.882095843393097 1.194298416593401 0
5.047468534210941 1.132019794786153 0
5.070565961702355 0.9599190344162821 0
5.211518915959497 1.070180309268853 0
1.893407486380992 0.7453243118241613 0
5.229650684911812 0.8997020418786258 0
5.377748687240867 1.011310196586407 0
5.34158148611525 1.184666723276488 0
5.516746185240959 1.12319536062359 0
5.546165846040489 0.9172761848357144 0
5.689569270724837 1.051597467092207 0
-2.585588699149424 1.335553331853846 0
-2.695563259696619 1.169839596116668 0
-1.83965278270147 0.9431896910179148 0
5.660466550100567 1.238235865962024 0
5.832065178037086 1.168196871340347 0
5.859370791319019 0.9866179349908895 0
6.002027059836964 1.098224067099514 0
-2.78529853646954 1.349979367629821 0
-2.898479541982393 1.176272433518177 0
-2.989942662436222 1.363993507056199 0
-3.10571990580946 1.186241323894518 0
-0.0742681502220221 1.388635871240174 0
-3.199219790066563 1.378754474402036 0
-3.317689309789809 1.200015968110439 0
6.024899647602267 0.917949183624285 0
6.170940761498594 1.028147600616573 0
6.146276996664863 1.20610193521674 0
6.316340835709573 1.130062725428878 0
6.340830471987929 0.9553480858483523 0
6.490274215727111 1.062906757885594 0
6.450663232565812 1.266994090395825 0
6.641929210019077 1.175943119114432 0
6.669162305814378 0.9813024293629892 0
6.822004687182848 1.091042605354134 0
0.859367366565012 0.4522559443845783 0
3.353552243316555 0.7759070669872177 0
2.557367941198149 0.7059235193403413 0
6.802076577371238 1.286345911325245 0
6.978530081454149 1.202199143856659 0
6.993253335345943 1.0088724564572 0
7.152458228177153 1.118148810278094 0
-2.408091630967938 0.9935110750426774 0
-0.3294110828095888 1.047642993674534 0
4.210717035207977 0.8006256089981127 0
-3.413044928622155 1.394248389327599 0
-3.533949646763515 1.211826785294967 0
-1.369632007777121 1.384266950975231 0
7.16622434172026 0.9276819155647436 0
7.326182173878237 1.034886217950128 0
7.314417424355012 1.22631060440996 0
7.488921590470976 1.142124828758187 0
-0.6735956527037468 0.8074452569647526 0
-0.7430267328752203 0.7075229695758265 0
-0.8715679702507302 0.7107961487715369 0
-0.8122040612541662 0.6083313180127814 0
-0.929305891037518 0.6142708019916635 0
4.658042026849373 0.8021656146558935 0
4.809056674321151 0.7481442661997627 0
7.496257331480821 0.9486421440502132 0
7.663608294797148 1.055044477977005 0
7.656844927881325 1.247547957149534 0
7.831803642581505 1.161043669132651 0
1.236176365942524 0.5549979416247701 0
7.841107719412492 0.9662984626632871 0
8.008233007930762 1.069131230064013 0
8.005225927542131 1.265136778426152 0
8.180807188774267 1.176794063014609 0
-0.6533831422913201 1.459119957300675 0
-3.630019111370508 1.408808985910118 0
-3.752259390061802 1.225111303514942 0
8.192390028331795 0.9705391779609005 0
8.36227751797993 1.076809402258744 0
8.371044463174158 1.313527352163873 0
8.5349930999998 1.184717919236178 0
0.3562032742333819 0.9787306108317702 0
8.537965920151128 0.9789406057151773 0
8.713618644090385 1.084388353068212 0
8.718039964941827 1.282688151119961 0
8.895355316568558 1.1884545090441 0
3.770140777249694 0.7937740608744998 0
-0.04393338775315118 1.022140612102613 0
5.881838286094644 0.808360191024013 0
-2.796347443181124 1.005588464624008 0
8.892657491961263 1.396399458482906 0
9.078538113217363 1.295731293902767 0
9.07767763709144 1.08490333277279 0
9.261167729312328 1.189900958292316 0
5.805062425857195 1.352296490692284 0
6.964032035689184 1.39920455047708 0
5.010447240248541 1.3090967732746 0
9.261358250110717 0.9797398775116983 0
9.443915076096665 1.084922924984532 0
9.443788015371965 1.297484371574404 0
9.629529699338516 1.190166380566231 0
9.62949628857997 1.406819899380171 0
9.81785633936413 1.295874070566584 0
9.814312060493631 1.080957341835963 0
10.00392146757043 1.185419761233126 0
3.655124157096385 1.271747879397918 0
-3.654112902961677 1.028062127185332 0
-3.872879116525759 1.040434366191505 0
-1.910670494473858 1.438241234869665 0
-3.218607337460989 1.007289852112224 0
4.098988416164739 1.294879067793547 0
-0.8775915369716247 0.5106829769106576 0
-0.9941428134197712 0.5147480349128146 0
1.019660859554799 1.253055949450101 0
0.9599322981606959 1.399617700233169 0
1.120270483440042 1.375236083654291 0
1.062401332801168 1.530024748442425 0
1.227508838327996 1.509305365849379 0
0.8956501873005051 1.550607500657958 0
-3.846377680996899 1.428882957649728 0
6.778908931946546 1.484883600789397 0
4.553102706556979 1.308277420235799 0
7.012555675527235 0.8207170699985493 0
5.627950513553192 1.426037301658836 0
3.224428977080189 1.237799878665063 0
3.058982407653474 1.279933375518064 0
3.179801587097319 1.405062797656426 0
3.002478138415143 1.449013305069158 0
6.044243681669966 0.7440555949086938 0
10.00067080139397 0.9708479665988314 0
10.189610376696 1.075656498842106 0
10.19314683672718 1.29239697553839 0
10.38082597389627 1.180849390679519 0
10.38484811093644 1.4007756696242 0
10.57470024596186 1.286753583301545 0
10.56149514433354 1.066935176373338 0
10.75865329535431 1.170561721770476 0
-2.299403997188326 1.511447720270729 0
8.717618713590083 0.8817917509785147 0
10.76966782633469 1.393472561050977 0
10.95827518204294 1.274789726214239 0
10.95368381576387 1.053446798515452 0
11.15030720477206 1.159050798403982 0
11.1481578941297 1.382629711732405 0
11.34712057694426 1.26239196966647 0
11.34167706494383 1.03978411464189 0
11.54023311436563 1.14337973734668 0
11.54360270117079 1.369203295438558 0
11.74124569106399 1.246754242609611 0
3.13672687058605 1.583667559765828 0
0.7382793761937603 0.3289122608073479 0
-0.8160942236426852 1.481816791561447 0
-0.7117665518945572 1.621261122975273 0
11.73461354960141 1.017109095072992 0
11.93630168230318 1.121649108983551 0
11.94367845483385 1.352831686968791 0
12.14024671115447 1.227654580247859 0
12.12745777566351 0.9974071341170168 0
12.33315551873755 1.101460694302696 0
12.34691010015727 1.333345299517398 0
12.54184981635849 1.205779774056855 0
-0.7628783249934301 0.5057687870932637 0
9.442045587645085 0.8766657981900484 0
-0.6262852153283862 0.6984633691732385 0
-0.3636623376109432 1.414230460049543 0
-2.676625118921031 1.477037058461396 0
12.55570380874564 1.439552524012415 0
12.75211795510479 1.310149929552269 0
12.73620558443502 1.077917543680737 0
12.95150489261851 1.18497442397637 0
12.96055236160921 1.409815020596001 0
13.15630569127499 1.277884929262268 0
13.14509436878258 1.048067167399265 0
13.35793182555136 1.151496797403413 0
13.37225517141475 1.416512390646788 0
13.57307108981847 1.257607247096464 0
-0.891465096583947 1.643289854957954 0
4.691504814963944 0.6445496315046163 0
4.835441268331545 0.5929157266789726 0
5.779720698294732 1.546932733212345 0
7.177860461080163 0.7428156826673536 0
13.56409618269687 1.011096149478744 0
13.77864283726199 1.111921311919831 0
13.79306807287172 1.356171953512996 0
1.000911165180683 1.693040309610707 0
10.18532219236094 0.8622986188547188 0
2.95025648143852 1.628870108895464 0
8.682757086805715 1.497299296955847 0
9.064827442434822 1.507207786039753 0
9.8200402865616 1.514769306073214 0
-3.497864796938325 1.573243962720466 0
8.546136420940559 0.7780561655859307 0
5.589958137621363 1.623435375781189 0
-0.8212892162689889 0.4171753139000506 0
9.259844455838364 0.7745131657250265 0
5.910542103306996 0.6381061702455499 0
-0.7841730575406279 1.791434863760733 0
6.950751382892687 1.604443886174786 0
-1.046578798664876 0.6206948187271776 0
-1.111052814582338 0.5201179525931049 0
-3.773045590617886 0.845594588922129 0
-3.993438083685435 0.8557145925006232 0
13.99368754914059 1.220760791246332 0
13.97155640899399 0.9876457888761944 0
14.00996763887803 1.464164437937299 0
0.8163608994663178 1.716202041787026 0
10.00075510073805 0.7591843091498293 0
6.754247341262394 1.692660862994218 0
-0.5942439585703627 1.767291969175708 0
7.026992820439308 0.6409617217107941 0
-3.065694327362325 1.595790677508746 0
12.31950843646235 0.8722175026995853 0
-1.057177452971744 0.4155780268048471 0
-1.172219393053185 0.4188474971339303 0
-1.231456664210707 0.524746953686098 0
-1.293073197300729 0.4194166921296204 0
-1.355269044029319 0.5277531431357718 0
-1.42040583177657 0.4189301900776944 0
-1.483720989241806 0.5313636602010988 0
-4.095240452289788 1.05379001331766 0
8.719193420807969 0.6838338823236054 0
12.35867380483777 1.568342454610526 0
-1.551570653635546 0.4183305901638864 0
-1.616630204155387 0.5350966778318773 0
-0.720734227141504 0.4112749037746815 0
0.6923091838976277 0.8278431388067303 0
2.820085869334741 1.48892786636976 0
2.763405853116954 1.671276805151532 0
6.065236886873543 0.5752520055695465 0
9.627397282293369 1.627596775832368 0
9.446683173564089 0.6702010319876576 0
-0.5572762899580356 0.7906910566914007 0
-0.5147312448332929 0.6881302436748888 0
0.9339173700325901 1.864242130151048 0
-1.686384757313296 0.4182364820096485 0
-1.754067183367471 0.5391297907835886 0
-0.7708468705287952 0.3312529497202774 0
0.5975054947228184 1.304466060250734 0
-0.4484478092647324 0.7729043500720711 0
-0.4105182821065039 0.6759305947635263 0
-0.350892707200292 0.7579098582103191 0
3.083420243857633 1.771525549201863 0
3.278541520253832 1.721694922591655 0
13.77956944297659 1.617149526860375 0
-1.826774023790853 0.4180030335211329 0
-1.896467498640957 0.5432880399184299 0
12.11712572340631 0.7686777290247875 0
2.629182355324577 1.528112111191826 0
2.575567915193677 1.71330536058508 0
2.444001076450868 1.570792388718851 0
2.38556186355157 1.757625506461629 0
2.247550869081113 1.608173554675343 0
1.110841433261512 0.8636931412557574 0
4.720412231947481 0.494428730579573 0
4.579818811340628 0.5421955492740755 0
12.56984228758171 1.676006582030814 0
7.187852124524466 0.5637664622857139 0
-1.54568231889934 0.6514838776184606 0
10.18237523464735 0.6516206743042885 0
1.123043582349494 1.839303546551198 0
5.756341523005386 1.765806578126933 0
5.948688995891812 1.652138172637867 0
8.550994922209521 0.5848005933668096 0
4.861726109789235 0.4449997552940741 0
4.976230921255175 0.5407055340432743 0
-4.212265017740517 0.865534174010561 0
9.822402863002955 1.739345409634198 0
3.217373006920154 1.917130780242517 0
-0.9737221301580595 1.811648165047973 0
-1.971192328833269 0.4180841976572148 0
-2.043599179088538 0.5474797095560332 0
-2.121249288778548 0.417950458387644 0
-2.195057231674534 0.5510069786468977 0
-2.114644717832153 0.6846087443213246 0
9.264759044636834 0.5738270549166991 0
-0.4707401433605866 0.5968622361229533 0
1.37399070782785 1.077552073812221 0
1.460758448768533 1.188941773746654 0
2.519381977937575 1.90486771282442 0
0.6431761646409599 0.2110837199770994 0
2.19407508193021 1.800351830477807 0
2.060913057946895 1.655991965283106 0
2.000981413521522 1.845593856458181 0
1.867542788196107 1.699971037783606 0
1.806115012135494 1.889081347236981 0
1.675865264005009 1.739778243979054 0
14.21218805811872 1.32735826086293 0
14.22893722523276 1.572022275424486 0
0.5542376303317857 0.4214777052692005 0
3.433185738924356 1.888293355123928 0
2.103491665992762 1.46415030255024 0
-0.6848080076147409 0.3213093894479059 0
-0.6298989082713551 0.3951944058324726 0
5.933974310352456 0.4765796694046947 0
5.784583877093704 0.5354495414134665 0
-4.111931217021175 0.6653362040690254 0
1.734274792989005 1.558203549651497 0
5.561443809086377 1.84454126882786 0
5.393145747684214 1.698763834384889 0
-1.114736070820076 0.3189965915029305 0
-1.007025317610199 0.315336335925046 0
-0.3761203908172226 0.5864628396556287 0
12.30601350821654 0.6451226422541614 0
10.00304493284172 0.5522589961559106 0
-2.274735975163479 0.4182504308166995 0
-2.352465681445991 0.5552814970185285 0
-2.434885454024371 0.4181733042031371 0
-2.513527421826218 0.559749477686677 0
-0.7329881041439062 0.2466490081836228 0
-0.8267839622921933 0.2552083311241281 0
-0.6699278664960555 1.947673529245608 0
-1.290354403483708 0.6297406839418217 0
3.474825842402575 1.663332849382514 0
3.622486413610386 1.807894475658495 0
6.866353685321454 0.7152624481686748 0
6.880861902989993 0.5417059917578865 0
6.724726220555081 0.6135237399147264 0
5.002020322748147 0.3942176298495559 0
5.115114490401172 0.4884765669401545 0
3.498938582843835 0.7347376379277067 0
3.394389120608354 0.6328467653684242 0
3.530221301449688 0.5937574649216036 0
3.430601568099965 0.4969538451676236 0
3.298504418312775 0.5322781490716747 0
3.550372713578477 0.4574262066647453 0
3.33746796067945 0.4022538592898394 0
3.208853956236823 0.4346909087320003 0
3.169432727307052 0.5595667902395545 0
3.082319681748156 0.4643515578583974 0
3.929981873734625 0.7454069958137578 0
3.7926585283693 0.6269948381199671 0
3.956781582025081 0.5975945506440518 0
3.853813296591154 0.49370476031681 0
3.985676679711327 0.4612133406224738 0
3.884201636669452 0.3669812463297076 0
8.382933192343149 0.6752398243586732 0
4.608673307991944 0.3986728793375845 0
4.473619380864971 0.4429780308531624 0
-3.552956577974213 0.835380231141855 0
-3.672835875268212 0.6572258856024371 0
-3.461601436401933 0.6454532233936707 0
12.37016828678825 1.806097957010949 0
3.119508990975762 0.3432779205137676 0
2.995605972091983 0.3716776854461528 0
2.957939872465286 0.4909555332209278 0
2.873088750535498 0.3992281240762785 0
2.837019224892503 0.5163588769123626 0
2.754107871330163 0.4240489741849429 0
2.792263520329267 0.309911814594982 0
2.675147482070947 0.3340058736505383 0
2.634885946470985 0.4464463392296977 0
2.554914985912419 0.355892874916256 0
2.517648504408684 0.468705747868593 0
2.437468615252889 0.3781620727395181 0
2.400912938277055 0.4908913111687168 0
2.321928049522052 0.4019266323247079 0
2.285676589951879 0.5124826943475594 0
2.205441926644573 0.4244178780824215 0
2.175930891665217 0.5386765497103819 0
2.092777008129948 0.4459942409344449 0
2.130560411863594 0.3377064428094761 0
2.018665306161079 0.3581386927434191 0
1.978906758768125 0.4650493222215032 0
1.906983671850141 0.3775513382660441 0
1.870708218825675 0.479612307086431 0
1.79637003850713 0.3957184553590012 0
1.76266431544926 0.4901053653821346 0
1.690121688649207 0.4096737690093469 0
1.72898820911344 0.3110936924026787 0
1.621212713286268 0.3283082758966777 0
6.931086398479593 1.817341051775309 0
7.128810365328233 1.724885035039433 0
4.013105809787387 0.3298784470025228 0
4.112729213977618 0.4195875271071997 0
6.197665144933369 0.6741808465816679 0
6.217884933138294 0.5101174742708698 0
6.349130417936303 0.6076655498197419 0
6.363978748990563 0.4440118651775385 0
7.337377542188008 0.6621489232375086 0
7.3471066374176 0.4852894527255524 0
7.493104533007394 0.5815243636465277 0
1.582417580613026 0.4439946167543598 0
1.514223157753209 0.3455659799374839 0
2.688661114153474 1.350521981503709 0
-1.081140471074793 1.6596927114618 0
-1.167429290996102 1.831257281729148 0
1.076324767879382 2.01088285686688 0
10.36460916158359 0.7534863274102871 0
12.51454392987587 0.7408085907569062 0
4.440738453084888 0.5825043375108891 0
9.622261283269246 1.86685601328287 0
6.732524080554161 1.908522397586237 0
6.555366827686116 1.779029431397069 0
6.531299836797364 1.999291939745187 0
6.350363817582691 1.869505717528984 0
6.380642757364745 1.639382764169997 0
0.7613300277326691 1.892601424807546 0
0.6283162438272984 1.734115053221581 0
0.5671334976825015 1.919697107062694 0
0.4399166222612281 1.758224616414451 0
5.805972251580572 0.3810134218900852 0
5.66113759588082 0.4372807205340319 0
5.63748438282055 0.592037615504196 0
5.517669190380925 0.4922437463731311 0
5.498300720591637 0.6372765449384445 0
6.738838982973534 0.4459642485272222 0
12.15783371174969 1.697818773260325 0
2.356449132123979 0.291961280479245 0
-0.4864219294743502 0.8725738739722352 0
-0.473871898098286 1.919241981240122 0
-4.320214992567803 1.053944364236651 0
8.7192517126767 0.4938789628674992 0
-2.597230908309243 0.4199533191369165 0
-2.681609371455107 0.5627609595441845 0
-2.767072581632076 0.4199487456392009 0
-2.860288580462945 0.5768190440843661 0
0.3600899488384051 1.935877702560158 0
0.2490756561094591 1.77867019525441 0
1.554135148122356 0.2499506345584889 0
1.452636485920034 0.264015556750851 0
1.414655395026195 0.3571406672051567 0
1.353697268644008 0.2778107792531481 0
8.89925035880621 0.5841668012066057 0
10.19455094266882 1.513716526239546 0
10.38950169807004 1.625646072612452 0
10.36131137406959 0.5458372321734865 0
10.54130835492169 0.6454585907707698 0
-0.6482218420824505 0.2382973805800617 0
-4.195817399243953 1.258754436638437 0
-3.575313890834901 0.4768115768623802 0
-4.334015247575739 0.6875126919728719 0
1.947329451495408 0.2742630315858514 0
5.936349625226919 1.881531069043398 0
-1.479330201559981 0.2855791167343324 0
1.315701570247766 0.3682801419634774 0
1.257310211047026 0.2898400900207662 0
8.390157725809035 0.4885279714607705 0
8.224883854081231 0.575712562231979 0
1.490006354236803 0.1734562738276542 0
-2.600145304630302 0.7030584361116918 0
5.358853776894042 1.910422638721341 0
5.198690590852436 1.778317764999133 0
1.218425651564011 0.3792416582368512 0
1.160902647339895 0.3020350681275963 0
1.116878828294468 0.3904994309369242 0
1.065353094949565 0.3126799999283434 0
1.105572167428183 0.2273291361029282 0
1.013497111160793 0.2390687873927912 0
9.432054749485003 1.741728469667686 0
3.666165017751766 1.587147487212146 0
3.808435526488329 1.736848017318857 0
7.501103349835621 0.40675699518247 0
7.648544636777854 0.501688741657813 0
-0.3999381363916734 1.709225441753694 0
-0.2792891578731499 1.884029134317975 0
-0.2032397543010984 1.707210638358119 0
1.609340016463964 1.930537861167904 0
10.19755130899368 1.740679696158637 0
10.39381703563231 1.855427174855967 0
10.59173952778256 1.735459485538021 0
12.5839937772883 1.915215991826095 0
12.78533541151335 1.782566473473298 0
9.818217952795635 0.6589156006519039 0
0.9747301314778116 0.3200589071957652 0
0.9243671161238711 0.2482702758497829 0
-1.809374411402523 0.6667404103472016 0
5.541127522613736 0.3410553205456029 0
5.399493307018251 0.3937855587311717 0
5.091497930360355 0.6350906644229745 0
4.845012573167712 1.371441278480876 0
2.362444711781071 0.6061410541138637 0
12.10521183147059 0.5429629803912214 0
11.91867444913348 0.6649974242656498 0
-0.09524071017818059 1.851461999843292 0
3.933637847631537 1.347130076589028 0
4.047880751916395 1.478367905288943 0
4.385380527902651 1.365295392080256 0
4.51742856573041 1.490512263502793 0
-4.425483653090447 1.251843141538834 0
-4.300644876540667 1.465202352564436 0
3.494611600426155 1.31483943986773 0
6.894483645505734 0.371198882448029 0
7.107753543133009 1.935577734936848 0
7.310653179546295 1.847353806108697 0
7.320864438385826 1.629661199970828 0
7.509758189011973 1.75073359791955 0
7.639867476372313 0.6786991125337197 0
7.79934615651894 0.5988279615246102 0
7.810859645689852 0.4074271586914968 0
9.445224493379106 0.4729871122339606 0
2.595215766515784 0.2521908907515006 0
-3.375157630914436 0.4708044646350875 0
-3.261731241948993 0.6303588517361434 0
-3.174969758161517 0.4560427896326164 0
-3.783623991727227 0.481068504716367 0
9.819288194606614 1.986157020658109 0
5.145810027488392 0.3482952150299174 0
1.544008114586609 1.596530380443539 0
1.725945519572256 2.090863450375761 0
7.198639787016671 0.3909886238197106 0
1.074437127109539 1.121714552921205 0
10.59577641538197 1.967996106871458 0
10.79123146447515 1.847982046964084 0
4.502634207691602 0.3133373096259425 0
4.36867081328482 0.3485835945306723 0
4.339567978605325 1.554916361632559 0
4.485140481797176 1.684582373081753 0
4.289285374900347 1.75163437865069 0
4.440520162010267 1.884118935793264 0
4.641736304601831 1.818972042090164 0
4.243495340526909 1.944174156043246 0
4.605759752367 2.037859084605524 0
4.806901836288928 1.955834606807745 0
4.835366194178285 1.740439076244555 0
-1.753022495175661 0.3042840766030654 0
3.770290313594031 1.952900910254473 0
2.923542240525257 0.6111153286905454 0
0.5149559154000107 1.588147110218091 0
1.293876774403388 0.2064601043716781 0
8.235767999588264 0.4015571992085082 0
-0.1585034591318756 2.019024352579871 0
14.42261485013545 1.422034569650943 0
14.41083579825382 1.196229960980173 0
5.232609716664516 0.5846581944929838 0
-0.02531690619497403 1.675720116825415 0
5.205852301013116 1.560981981933882 0
-1.280558709343986 1.680697003238265 0
-1.365985719783094 1.853591572269619 0
-1.481677155091864 1.697372475206822 0
-1.568404315741535 1.872911912791175 0
-1.685827506735155 1.712713783170751 0
-1.775637363467364 1.893088533564559 0
-1.074812107306238 1.357622206838528 0
14.43536542791488 1.666741182014633 0
14.24783725051598 1.80413970467854 0
12.29179526408926 0.4218846410505357 0
3.026086530026855 0.2612963393387622 0
3.136782708848708 0.2369711736065269 0
9.818097552827556 0.460254463344168 0
1.584022776997236 1.420177437470287 0
1.787301003988352 1.388468013520665 0
-1.062208532416033 0.2234263550656879 0
1.3749772413835 0.4474927557848306 0
4.142853600798325 0.295972497434524 0
0.9628867320790834 0.178171496869783 0
0.8768722421365402 0.1851474200212651 0
3.035872074371603 1.956644156264038 0
3.168744515140696 2.123155839010299 0
1.317164696603651 1.213260648565182 0
8.914979578950195 0.4046732745199116 0
7.501084767184835 1.967034024536397 0
7.698173765141499 1.873518193423989 0
7.69954726420116 1.65024159501868 0
7.894535656814494 1.771818177271686 0
3.758303017004472 0.4010993049153357 0
3.790411138121641 0.2802798600064764 0
3.670038903384158 0.3059853315005317 0
-4.214471534309411 0.4891759025585853 0
-4.437912211319318 0.5047090447058161 0
0.8424685290289328 0.2535915022627813 0
0.7975043481261915 0.1871882393844018 0
6.235718336648596 0.3552316029570322 0
14.44924926604513 1.911901534690563 0
-3.677378195835051 0.3115723035947761 0
-1.171086677643059 0.2333732998275024 0
0.1624356054336255 1.960818128553488 0
8.083174265025125 0.4737138869583085 0
8.061846542276577 0.6605692176841325 0
1.263397322755074 1.990443451792909 0
1.326991142352891 1.801057234742798 0
-0.4327501471778186 0.517402145955054 0
-0.5146877829988169 0.5205668845913455 0
-0.4769588035729331 0.4426564583128552 0
-1.890831010477781 1.736354417778362 0
-1.984690232535572 1.913967641977845 0
-2.093748074747908 1.753432877283261 0
-2.196992834234328 1.932112270537863 0
-2.066611500259347 2.109475917419835 0
-2.308935816678254 1.738148853737993 0
-2.415779266690146 1.953010600579488 0
-0.9567702539534038 0.2199364637198068 0
5.955588433022957 0.3269926304535696 0
4.888819761381662 0.3090213844645791 0
12.17390715534326 1.926888910247376 0
11.95548786153419 1.826195703373026 0
10.54288455682952 0.4451890583761089 0
10.71925731889744 0.5345449324337872 0
10.72419743214573 0.7435387871602638 0
10.90139984551124 0.6362425882864026 0
6.594978217376596 0.5006201182093211 0
6.569981865898368 0.6825112571839654 0
6.616089659831418 0.3403528260772071 0
9.276287033916962 0.3488971048769763 0
-1.443513591848149 2.07963713418556 0
4.990981050578808 1.492521593192657 0
10.39807850055186 2.076588580000037 0
7.864103544405815 1.551661199052679 0
8.086534064428884 1.62793807237481 0
8.081748658059087 1.887370280956644 0
8.28249302408264 1.783085337001957 0
8.27350713220148 2.002161973733605 0
8.4812227258292 1.875203700622735 0
-0.7766733743344858 0.1616215956949247 0
1.940646339039435 0.5465037430737091 0
-1.608322951538748 1.555907063646962 0
-2.029044955013183 0.2983073267738175 0
-1.078346077000361 2.026486293363579 0
-2.541015888887693 1.785051721442102 0
-2.637918546700091 1.973454716051238 0
-2.766037119559788 1.798907853887186 0
-2.863802763302995 1.986669994913634 0
8.314368910358226 1.544481037687161 0
4.763144945939884 2.178182345939172 0
9.423410361265384 1.975241205535941 0
9.225871024474872 1.850767846406432 0
5.158977393563314 1.988879697960804 0
-2.953104711510019 0.4266669375424452 0
1.415430771721386 1.337458363422645 0
-2.741654210919822 2.19047747679936 0
4.091531758183006 1.807678771620731 0
4.071651443151116 2.023935507746993 0
10.89448546307113 0.4281569053388065 0
11.07848870860975 0.5269702564854484 0
11.08575108941388 0.7367589156918238 0
11.26582511075518 0.6251919304565359 0
2.133787588032596 1.980814733743768 0
5.613500193162412 0.7484366712596653 0
11.07169462221591 0.3187665617724529 0
9.095969573201669 0.4764693996429953 0
6.382830110680085 0.2716235965940718 0
-0.3414857654451924 0.5049518272328011 0
-0.2939459586867442 0.5739633955969536 0
4.048819655707445 0.1980198212777402 0
-2.502848591810563 0.2763072393547154 0
-2.861864105703277 0.2644939616078642 0
3.651368015936281 0.5479419182404104 0
-3.049532272078315 0.6062428612806559 0
-2.942368038071151 0.754822213413074 0
11.90929209282234 0.4376378711701694 0
11.72408042163029 0.562578085705424 0
11.71193748598538 0.3467584701787068 0
11.54157378702561 0.4439979505564122 0
11.50222958445598 0.6674813671666012 0
-2.99310215396877 1.809606228542839 0
-0.5281709506982051 0.1759134344001806 0
-0.6032530213650086 0.15657047771089 0
0.3667712521308178 0.4171156774574424 0
0.4348232010011974 0.4338173907556553 0
0.3794444354005634 0.4872231198400216 0
0.4562949892715412 0.506826340027737 0
0.3982244258462778 0.564297161713475 0
0.4816490600016597 0.5832010715230862 0
0.4249906862918592 0.645065877617661 0
0.3410974557629469 0.6218270954920202 0
0.3628458927696808 0.7079781581840882 0
0.2785357617999938 0.688418502874937 0
0.4524529714086668 0.7515499778081187 0
0.2913819855519948 0.774915075235965 0
0.2069998225587993 0.749117242334256 0
0.197121737727458 0.653989300716919 0
0.1210626889162935 0.7210702806810085 0
0.1391885115501585 0.8130139952756213 0
0.05023842286959684 0.7829446426394059 0
0.03392298598067212 0.6827744263676271 0
-0.0371342779164602 0.7508928691788703 0
-0.05511303638576456 0.6623808815673179 0
-0.1273192359839282 0.7258923003180505 0
-0.1084672588184375 0.8160561678534155 0
0.07104862646247603 0.8793757598675566 0
0.171278484855963 0.9041412436452856 0
-0.19653868676268 0.7829852620654494 0
-0.1872387987952995 0.889754850168049 0
-0.213240372974616 0.6859299680258845 0
0.09075698165651382 0.9968419246950788 0
4.63336363719552 0.2675514937863681 0
4.372649070988449 0.7250491241214687 0
4.21899927357128 0.6443189916487684 0
-0.4679427814944449 0.305784331785985 0
-0.5385243896244949 0.3025283991351948 0
-0.4247342976082257 0.3785929265863395 0
0.1785821991670572 0.5260861926770561 0
0.2268446061343165 0.5723504305755361 0
-0.1151647736430793 0.5471195570816453 0
-0.04412608079876875 0.5682231423704223 0
-0.2552804062808436 0.5037136622153061 0
0.1038954378802538 0.5566489493622632 0
11.56221574020788 0.2727544155722797 0
0.5400155481839793 0.5178998250999373 0
-0.6188803454379447 1.036010335003329 0
-0.4667986218330844 1.056122254102571 0
2.600193231476384 0.5705231840210589 0
9.079211987213801 0.6767555091040632 0
0.4726639946406338 0.3120183220136526 0
9.632081163997562 0.7673595555259488 0
-3.133750234940309 0.8010310957326988 0
10.60940133906877 2.234552386944908 0
-0.1780186311770947 0.6044283865767446 0
5.31524267234986 2.11291226710908 0
-0.6953801229395279 0.603571897570677 0
-0.6541203754775623 0.5019090628046383 0
6.329385440775335 2.106590948096306 0
9.635045456974836 0.5608621928481878 0
9.62811062332603 0.347088964565437 0
-0.9296641497678901 0.4034656243607089 0
1.918357150226762 1.516008229160829 0
1.968463881901386 1.342728828431065 0
2.138565305035732 1.285415134704388 0
2.280858444635177 1.393131170930331 0
2.48945638860327 1.382117651566198 0
2.000072155983109 1.197594001750556 0
10.71546554185833 0.3286866141643376 0
-4.548653402042682 1.481278324443083 0
-4.400982896324489 1.685303893163031 0
-4.1684153466864 1.666786219866164 0
-4.272815234454832 1.878237223649228 0
-4.0387079019718 1.864210046396522 0
-4.507061030669862 1.889151898630121 0
-4.177409685957912 2.076434750960836 0
4.082106075768482 0.6959654398369326 0
0.4793763884252552 0.9613119623757532 0
0.414183497559908 0.8678492944441141 0
0.5186508680218856 0.8459595800451489 0
0.5569432207006884 0.7448848431633768 0
0.6115761531219703 0.9299890383967314 0
10.37224646840343 0.3358587257054257 0
-3.09023974560798 2.016774545418502 0
-3.223892992827813 1.800112203704367 0
-3.321684965507721 2.038660974260029 0
0.828102024286748 0.115432127565839 0
0.7400302358836176 0.1241296093393275 0
0.7198103562456609 0.1956199818440044 0
3.867371698489544 1.534915233864004 0
-0.1833753826562448 1.019776292807264 0
-3.455400932693514 1.853520833766873 0
-3.555928851278172 2.060021608666462 0
-3.691702382962467 1.866219318581601 0
1.199933551010748 0.2180328125563361 0
1.153974397876118 0.1456904859211853 0
10.01074831881012 0.3367376320672795 0
0.7015250307369548 1.549666679913117 0
0.3083685086049492 0.4625263610857032 0
0.3108224037674154 0.5465872883843992 0
1.837098678834994 0.2942540102161511 0
1.771628004849456 0.2176185176200069 0
1.877563743483826 0.2052299964872538 0
1.657304444514978 0.2193904704511028 0
-0.1210922295509848 2.318758198415448 0
0.4846325305302158 0.3895735213233663 0
2.244147768242351 0.3162273917726475 0
2.168182552642216 0.2351529683088627 0
2.282645182014228 0.2166838418952462 0
2.384485169080815 0.1878815674825616 0
2.471051198117099 0.2546335911556289 0
2.055326832762125 0.256349599362251 0
1.97867401100438 0.1678308000084022 0
11.96894893794338 2.070672372021998 0
11.74927855007658 1.946331562687757 0
11.74402065831441 1.715035947129334 0
11.53870699250606 1.842462130997815 0
0.5919869903293147 0.1586224354735108 0
1.388228488951936 0.18889153114681 0
-0.5461430857809821 2.109997071602682 0
-0.7587076737355758 2.135653220269159 0
0.3291496139586774 1.612180092719429 0
6.510740984434889 2.22740128239337 0
2.41143703818307 0.7374681912569703 0
2.267310925792204 0.7844846814610016 0
2.175158176646547 0.6709884018796252 0
2.033535919419043 0.7051342915738679 0
-0.8697764674705696 0.1719300961037298 0
6.176883925177875 1.736025834132292 0
6.109193574287914 1.526729790861342 0
6.317490227689981 1.423850797927804 0
-3.344471185787136 0.8221598093629015 0
1.053314590575937 0.1539745482752999 0
3.915765138189978 0.2385727870683083 0
0.3755702565095567 2.301333158558893 0
4.050287469966005 0.8523184109492619 0
7.684612855328663 2.100585280602682 0
2.909751504460085 0.2853650669271472 0
2.82393077677919 0.1876052646282756 0
2.709362042266708 0.2318327555403612 0
3.457141021255332 0.3665054679706963 0
3.360356893229379 0.262695156292696 0
3.483037800242863 0.2344534009382684 0
3.236249473679854 0.3126271045396388 0
12.11020749558184 0.3203123733905121 0
3.81303291684573 0.1653135137443372 0
6.083426745479493 0.4164034728158604 0
6.105828224790809 0.2534493712464618 0
-2.992567311508222 0.9710928392692867 0
-1.363939107350677 2.301600552157264 0
2.686330498639108 0.6750206374845462 0
1.752836010220056 0.7661242990911991 0
1.803078808255003 0.6562668614758934 0
1.668586136763987 0.672920907444245 0
-3.99113172872575 0.4887205983354481 0
12.799875059421 2.024200115687926 0
13.00256536309643 1.904215131087725 0
12.60140051840734 2.148794651560733 0
1.125571300790876 0.5714911606258308 0
1.012487781713556 0.5910024596287811 0
1.068465020579632 0.4865400779672494 0
2.87989038717365 1.317862148084184 0
8.898992960197264 0.7811128720647033 0
-2.352177208748197 0.2789829810569807 0
0.1118646488693279 0.6357804796681588 0
-0.3099390625770364 0.6643826315744642 0
3.20251653683274 0.8135231198945783 0
3.090255997519315 0.7096219759731899 0
-0.6864838051634241 0.1721359583615777 0
5.031956752835109 0.2488760467030134 0
4.498533108479807 0.8535012757255246 0
-0.9316065287924069 0.1016809340962952 0
3.613345080709625 0.8407412033757991 0
-0.5801449409972292 0.5893879946896901 0
9.210583618195596 2.096595401312167 0
9.018232504209871 1.968010149432338 0
9.617427785000107 2.125506252433324 0
9.009796531235859 2.21114788936403 0
9.84838626822812 2.262061428467427 0
8.782291838871442 2.101076756318152 0
8.818469396726123 1.844867456824927 0
2.776198657794397 1.188798173294436 0
2.580602304101469 1.217442821236525 0
4.745925214291322 0.354567524192831 0
4.775555030310689 0.2095948918233439 0
-0.2743266657654884 0.8291878008449463 0
-1.616828047363965 0.3038629027114823 0
-1.547255792444222 0.19567211113976 0
7.359543287621777 0.312161785487477 0
7.209506440082029 0.2273751431056423 0
7.513461826162832 0.2394004275331978 0
7.652254386975285 0.3256064434059584 0
6.139183108603486 1.975010758049234 0
-1.353400905140419 0.3104835536595543 0
9.814952771495031 0.8695443412651249 0
-1.172732232726207 0.9513031230618678 0
-1.264220164075048 0.8321158215057941 0
-1.103801759145207 0.8155407626206315 0
-1.410283306327673 0.8370165141119987 0
-1.020436748258053 0.9459883073371598 0
-1.488847151690036 0.9614362948763526 0
-1.657135328873031 0.961162331754857 0
-1.568172444360999 0.8013271739880897 0
-1.723764679675129 0.8130047914279424 0
8.562795732205759 0.4083432664266057 0
-1.88482597311417 0.304288619899024 0
10.18935873456136 0.4518011835618002 0
-1.231725336857066 0.3196560445985381 0
-1.285835777184928 0.2168186333376911 0
5.4271708267036 1.491479123240691 0
4.932344351924397 0.8521267595194606 0
7.038462934545962 0.4677856750359729 0
7.050957758805537 0.2966066842706688 0
6.908169044742614 0.2140749824981898 0
5.957760435671998 2.110887244677821 0
5.744762000389565 2.034146984156374 0
0.8915177770167046 0.3212421138777534 0
-3.390880313702427 2.276756713687655 0
0.8757788129164732 2.280051204477213 0
1.125955913837598 2.321260294227162 0
-2.174308285672958 0.262342391769656 0
-0.1304941250148043 1.540166311704801 0
0.03707314284786344 1.51362628515392 0
-3.437311862753411 1.016310025970676 0
-4.788141902202248 0.8734216313073977 0
-4.563729549012075 1.026676927266491 0
-4.571593130694187 0.7416201096893249 0
-0.6062764594727987 0.07096844422049092 0
2.21440568510971 0.1378724088777755 0
1.891204660066794 2.265199102770791 0
6.595877064479893 1.565741549470887 0
7.147041355247723 2.291252242338076 0
2.943645380985694 0.1791016757930576 0
8.078686401910929 2.112631782115527 0
6.845178613404178 0.900147315031815 0
-2.603393927702795 1.00091326712754 0
-2.218918611144289 0.9882468679574267 0
-2.326374974648843 0.8436105612176659 0
-2.030630354571558 0.9781548216657403 0
-1.986272766478433 0.8173268862734753 0
-1.390580726898548 0.2032698323416865 0
1.623487815912706 2.295255471958337 0
0.9473872169086458 0.4966649634500185 0
-0.5027046044922768 0.3692818658051602 0
-1.869638790871236 2.276117353710799 0
-0.9409031616954668 0.8227533429874467 0
-1.199828046578923 1.499342344890807 0
8.373144625029834 0.8732668953103937 0
-0.9081923605664151 0.298714918493465 0
-0.5699509730896491 0.2358214217183574 0
2.380797954474095 2.305060158076596 0
2.624493901219349 2.300973721672565 0
2.724684806150212 2.085110914963828 0
1.718754956376942 0.1395838256794886 0
5.687616510458673 0.2955674440183802 0
5.829854594030663 0.2310006084458354 0
9.078019760833865 0.8779472404663855 0
3.356920488995276 2.270295682030843 0
3.517472895287137 2.103602264127785 0
3.859938376042716 2.308408857474205 0
4.094047373469991 2.269715756247455 0
1.618876002558093 0.7920205542970322 0
1.539250607623833 0.68019697469375 0
1.599545825213162 0.5711874794971288 0
11.54303042669797 1.602862371644358 0
11.33671034848149 1.73219765003476 0
11.33910343026218 1.974321214102634 0
11.14029810162119 1.854539655911059 0
11.14674412491781 2.077085095842786 0
11.35835741667843 2.237749158231262 0
11.13374097197238 1.619328074533535 0
1.224659214658535 1.101692365381334 0
5.429024110624847 0.2474191126140956 0
5.289172556062464 0.3070017273906014 0
-4.784083676234881 1.376021957055318 0
-0.76273222749933 0.08839340714285832 0
-3.952027428175515 1.638020987560696 0
0.6117542227671479 0.09290211778252343 0
0.6639690887186513 0.1407039170918855 0
-4.775465597908184 0.3676863228296062 0
11.927838179986 0.8918451584605098 0
-0.5476878610183249 1.584694992404706 0
-4.189005185776166 0.175972335674339 0
9.0438089182508 1.731271727495781 0
-4.63510397864236 0.1754692555673468 0
8.372686650530644 2.322151671241867 0
2.937343064704391 0.7557458141407547 0
9.627817533094014 0.9787642142328218 0
8.895057163238979 0.9836303224385772 0
8.083505809479144 0.2996862427915348 0
14.78600879774548 0.8755133533280286 0
14.57066400153926 0.7514870037625696 0
14.55604010170068 0.5235109089163628 0
14.35493875951397 0.6334257213096648 0
14.35834194605609 0.8732865709110351 0
14.13575738979524 0.7868628716862673 0
14.15063000012079 0.5095255508834313 0
13.93863076678331 0.6319203949671249 0
14.75498834902331 0.3755038021959034 0
10.3712390764252 0.9650456693785141 0
13.67543222817833 0.2000091810469009 0
13.79001607574591 0.4037658104564465 0
13.55815522875993 0.4013308278689023 0
13.67751620526134 0.6096046242103896 0
13.44156977840391 0.5870037258454583 0
13.78516049480534 0.8228941543318358 0
3.40994007987008 0.1652994533476148 0
3.599978116634926 0.1818867626301999 0
0.7494301080818375 0.7279358477890178 0
8.486140881871236 1.670845660815746 0
6.759251186263315 0.2800985465949369 0
6.628555032471594 0.2004266844019347 0
0.8065295266276805 1.406868937571957 0
5.271728184952214 1.367049624197353 0
1.581978848713235 0.1611542051277002 0
7.134643216000446 1.513516885653629 0
12.99146698896475 0.1936913621670026 0
13.10264620495341 0.3902567619928735 0
12.87789969092568 0.3864422104912488 0
12.98738119527986 0.5853234703176691 0
12.72643006694467 0.6058269856520433 0
12.88970277541942 0.7594794402960496 0
13.12084430305672 0.8007849323183507 0
14.79358491636276 1.375248516488611 0
-3.198136092809114 0.1522025041002417 0
12.52117485051607 0.9744349954862981 0
12.49416074152269 0.5208653217900965 0
4.664064453915055 1.616124422262775 0
8.484087513776855 1.471956974566601 0
14.58347990464955 1.008591390015294 0
14.18726539952051 1.064981185046476 0
12.31306453269094 0.2010302896813479 0
13.87420595309158 2.283952092249945 0
13.7514716885396 2.068431201448329 0
13.5029162387797 2.068919566541565 0
13.6334589577474 1.850295378504828 0
13.39068328369528 1.849254638031487 0
13.22636133460687 2.045917744992037 0
13.50391023030805 1.642792647970539 0
13.25981201270261 1.642504022895904 0
13.87720303196322 1.864615816817707 0
-4.754076739942526 1.885622942463109 0
12.38303809547659 2.279273420154096 0
14.24086286359412 2.06561340197165 0
14.50775947005906 2.126226593374692 0
11.95064870723191 1.587135789588779 0
-1.097202141711306 0.07850793390560125 0
7.495039452267186 1.534553545073716 0
14.15391882521334 0.2433701029896336 0
6.19011306068792 0.8514269587647296 0
7.330914409314115 0.8449417919474331 0
13.98794346903539 2.077489276152113 0
13.11580469529011 2.285314425043434 0
4.344694884185335 0.4746248262656972 0
4.239787711915159 0.379365817831121 0
4.266759903649008 0.2577674331927871 0
3.311126573216343 1.532625281071129 0
-3.887667747840947 0.6656100623576715 0
13.37010093092785 2.280733474560915 0
5.209540459247829 0.735287885621756 0
14.7837176532429 1.874612013361945 0
0.9638236112683418 0.06259647638634491 0
-2.567728850522747 0.1367918265314657 0
13.44541893995639 0.1982349919830469 0
8.014603245811079 0.8363666133491849 0
12.76822718469605 0.189443053486853 0
6.512980818587051 0.8473658960227781 0
-1.294648923556312 0.0829643125370465 0
-2.264119862166345 0.1310723189315424 0
-1.992700074268093 0.1088439659843079 0
-1.744195330546285 0.09983111861421626 0
13.34306339503347 0.9237978473805826 0
5.368076778136889 0.8356205874856082 0
11.53188890835859 0.9123679662335407 0
9.92386988907138 0.159795919689556 0
3.642778714426404 0.6896578539099978 0
8.172925783219087 1.391797145462118 0
11.72322084886096 0.7860631828174529 0
9.547948371174787 0.163251384639437 0
9.195184197322828 0.1596074606301926 0
1.120296829528971 0.06972234703551708 0
3.251441840649465 0.6706239779224399 0
8.841972014872209 0.1449659727503167 0
13.3297603973052 0.3931933947308955 0
8.502664961052016 0.142982134090183 0
8.170954794304034 0.1399678415394675 0
7.906768567278745 0.2771291763413846 0
12.14966524832749 1.461188097365613 0
7.671011908667058 0.865170014135295 0
8.410508529993194 0.2996306280002452 0
4.545117805637251 0.693887130244194 0
10.90654269776765 0.8475369192102705 0
6.337015965863333 0.122457694041131 0
1.290461907528337 0.9724266383283072 0
11.24128155521868 0.4119915606383877 0
6.057872025394942 0.1188626307003682 0
5.514253647964422 0.1134997554939343 0
0.9302744940325081 0.3975079559134486 0
5.25666483779941 0.1072701958646216 0
4.994141799482647 0.1112980856096138 0
12.76522617407189 1.544906138609689 0
1.282425709337833 0.0677180663972229 0
1.51820768983263 0.07629809127458273 0
1.442323340174305 0.100742403855352 0
4.499002623515064 0.1069230793266918 0
8.208300247978945 0.7652823818158773 0
4.276618892000235 0.1235333405787854 0
7.838980504718856 1.346551975306482 0
6.698063918263419 0.7900188476141581 0
3.187493578969191 0.08658077260265752 0
0.6911404791637571 0.2699269495112849 0
6.626735895767625 1.365456805583304 0
2.782571753102289 0.08409267909108196 0
2.586051990786978 0.08342143708713182 0
13.01556397799068 1.655597345903431 0
2.392421818448559 0.0898606164493863 0
5.725230727892059 0.8698989295283842 0
10.20567400988772 1.957874238975646 0
9.44001670781366 1.515957154474109 0
6.339450662960786 0.770187272837956 0
2.035678815815614 0.07887615055004429 0
1.861276414558198 0.07169938832033723 0
-0.5619175720398386 0.4496047912129484 0
10.57928611203065 1.509176536301436 0
5.489987315740177 1.304054518778352 0
10.54806147648291 0.8526986571772723 0
10.00639714492675 1.403305371154401 0
10.77368624924678 1.617145504672263 0
-3.637515850275559 2.285329773006223 0
0.9756890335975444 1.01892212353492 0
7.815225199448379 0.7661818671885424 0
12.38724130644972 2.032391138617998 0
11.8673884733367 2.298525782025811 0
13.21340772239286 0.5870044915111736 0
0.297734416960724 0.8803106404600146 0
12.65159249813408 0.374211189089681 0
7.885057293830218 1.993302109866312 0
2.945456693964896 1.15801701821341 0
2.262449277134428 1.188540784969774 0
4.086276060856026 0.5525202381209734 0
-3.972835503141164 1.240764102433417 0
11.1475114986577 0.9433978651625199 0
4.970908917541977 2.102000123035085 0
0.6978723108763628 2.084365147366598 0
10.30102055403465 0.1618781721169889 0
5.255959334239954 0.441485553391911 0
7.140653613083826 1.311434145981345 0
7.288782228491458 2.086166240101458 0
0.4833326231622261 2.108002565395256 0
-3.291385056003996 1.577573890379316 0
5.974927447517519 1.273935533684359 0
9.257193060009284 1.404449801495 0
11.32582439299066 0.8229818687812298 0
2.097470950593637 0.1580540936764919 0
3.248555575882927 0.1918957449580596 0
7.486624789513614 1.331237447618489 0
0.7973684230751539 0.3911982275698 0
5.375387927183318 0.5391735420122327 0
-1.514070903274154 0.09188628663298437 0
-3.080680250512121 0.3061701364692637 0
6.907252552936606 2.029343788073685 0
6.708996046732871 2.125618463261227 0
4.716414062225529 1.252527836611578 0
2.900100645835416 1.808686703224184 0
4.951329701197942 0.6905816748981924 0
11.74437110655215 1.478970555563239 0
3.813997111143848 1.225888085165282 0
1.473040192344631 0.4388376857212347 0
14.62279376511103 0.1820762614288977 0
4.260260422882105 1.244128553725031 0
8.748176391151608 0.3029592148294072 0
-0.6005145021613149 0.9054727829684713 0
1.024117165654597 0.3971322293328065 0
-2.428505450955322 0.7010690703292134 0
2.719324907199943 0.5438200929579512 0
2.049503188443478 0.5766726070341397 0
4.407143371415056 0.2058491118468426 0
-2.845012820917309 1.525071845489809 0
3.042910414567079 0.5868198373713741 0
-4.0726863724641 1.449735176118813 0
-2.509634187210319 1.494926932164776 0
3.379744197749404 1.196560302979594 0
5.524667390520729 2.042687145988348 0
5.758863261728394 0.6987148531625458 0
-1.683404384055087 0.2010750396182015 0
0.1502700775844936 1.636930251183499 0
0.2048743561955823 1.462389274309283 0
-0.6323312000771204 2.309399932511247 0
-0.2977061976373804 1.568047808283815 0
1.241411756057219 0.1387826401303823 0
-3.578327445620223 0.1545252025202903 0
-1.660572499836838 2.072512828914375 0
-0.09009383604916733 0.9222647908477239 0
-0.3742010330450175 0.8554665277823594 0
-0.9080843918488336 1.348761565304153 0
-3.282481849075481 0.3090899214203543 0
2.475000727554069 0.5966088346282572 0
10.00808280580048 1.627413116641506 0
-1.167844534963993 0.6259704279660987 0
-3.478531413185755 0.3141799237569735 0
-2.09822582757659 1.455473189152311 0
-2.693586097283497 0.8518817608295923 0
4.222877049548442 0.5098570523285786 0
7.494755533504952 0.7635210582584495 0
1.668138088692806 1.271922932413818 0
7.847881975039965 0.133201681064174 0
1.229882663730928 0.8601898359335109 0
1.167635274743203 1.233007026616604 0
0.4087076872857138 1.464394747543614 0
-4.637505961315348 2.304391714390198 0
2.984724544082703 0.08709038532246073 0
2.724036473707576 1.858821841377608 0
2.533650414933077 0.1665982767823836 0
1.276448547895422 0.4595105830304609 0
-1.947707280123544 0.6737344580075876 0
3.610051345928404 1.406155954251487 0
0.5112679468832406 0.6670267481173252 0
0.6067064705267816 0.655478402488328 0
-2.669467060783329 0.2825790984614659 0
-1.255900426200224 2.001962242876886 0
2.334439275323837 1.947011159062517 0
0.06188774651898707 1.370937908984573 0
-0.3491653120644773 2.069912344174067 0
13.52126092637911 0.7818213069102931 0
1.936988395040739 2.034694743209534 0
0.0009213036552071308 0.6171106192847837 0
1.173660952511155 0.4737134754036811 0
-0.8619764873139426 1.966726946659744 0
0.2382516154914076 0.9969331037404404 0
11.3420604865661 1.494768845508348 0
0.6973124932917574 0.6419689928080345 0
-1.669615206976808 0.66779712033286 0
-0.9050226063320158 2.30082720890196 0
-1.415394178535426 0.6370360158757034 0
9.072831271649182 0.2995373076280411 0
-3.764168339015358 2.05814836745486 0
0.9937341502904958 0.8959963082836978 0
10.79803538216603 2.073007887195252 0
1.167157511504794 1.660598758466697 0
0.2524809031273735 2.125762309336087 0
4.045318641238359 0.08023757250072572 0
0.7339664995798711 1.286574456094147 0
0.4540408782630665 1.314398113656319 0
5.080821514890781 0.7954513434595485 0
11.54881790940089 2.072434058501704 0
-2.150205221170927 0.8362183623753181 0
5.194766965521953 0.2206480161695394 0
9.247064374647834 1.623855258669849 0
-0.5044799409175765 1.428936182641202 0
10.0102229835155 1.854981109289122 0
10.74210564364133 0.9557863433678453 0
-0.2221923777208964 1.408980850283823 0
-3.723353825324781 1.639120846574638 0
10.95667618688034 1.498653270203042 0
-2.510016231031449 0.8490073617763967 0
-0.01848686381028129 0.8493453626000749 0
1.468319237174234 2.10315884771248 0
5.784505398975475 0.1084151079337459 0
5.36349588316665 0.6827620527327363 0
-1.871430077394072 2.053032455117483 0
-0.2920847139102275 0.933575580883222 0
1.340478594817367 0.5395180527190208 0
4.759265415571253 0.08763687214152149 0
2.493473395590084 2.113369479874508 0
0.1624543319543869 0.5902643441870195 0
1.89102509585524 1.097368391308283 0
0.761092738739936 0.05889935917581074 0
-1.727733448101468 1.413909719174236 0
-4.11189148650157 2.288667060241167 0
-2.261208879621295 0.6952992023181581 0
10.35080553758476 2.291217915608959 0
7.618624359487526 2.307202920568111 0
5.001981301858958 1.872502803812599 0
3.71743825694675 0.2056467835305249 0
1.268758019919962 1.355555253402209 0
4.686978603879659 1.428936347840402 0
5.851063724067942 2.295350763775754 0
11.67689004209069 0.1534179498483665 0
-0.9768311718408506 1.501625503446823 0
7.315373822267651 1.424452304784661 0
4.213033607750761 1.428384568594131 0
3.769951967585255 1.391259899020102 0
0.7664080169867571 0.2591076488853795 0
4.407013302827308 2.100403284388336 0
14.03482015277149 1.696204027836648 0
1.489282609418817 1.772056505219688 0
2.640496034505109 0.1596359259662002 0
-3.773884314000976 0.1597164274304061 0
3.342352820391977 1.358778794333247 0
4.588998486928585 2.304279132318193 0
-2.866481022809152 0.1162090167570892 0
10.02987354372047 2.081600183440361 0
-2.124999999999327 2.322509614760384 0
4.155970841499984 1.620029561672463 0
8.864123007839684 1.61302914715088 0
-3.87600870578302 0.3206311770311365 0
0.5587560342697402 1.433829538909168 0
14.34225218898592 0.4135843102581378 0
1.128529361453842 0.9763764236626762 0
5.175516258707876 1.238016722689125 0
-0.6089082963161445 0.3065325337995191 0
2.815490715568608 0.6476788667062013 0
9.449176979575636 0.3030977776759188 0
-0.4124998695934567 0.9534031928740473 0
12.95179076641428 0.9730328551920252 0
-2.917192808648033 2.316485910887729 0
8.678030178230735 1.712179529238311 0
11.09925366732931 2.290022370184476 0
1.342014309397587 1.637158882816376 0
1.408927045768986 1.490452837302612 0
12.99961346147706 2.106859759016563 0
1.686195058694149 0.0682946397411241 0
-1.809811083502034 0.2005082499614543 0
5.951377037797053 1.45214150774384 0
-4.381489558188307 2.068197128147226 0
1.849978745975767 1.238156078835279 0
-2.509049320743828 2.13747393541151 0
12.69259438094376 0.850202262956637 0
5.590716091403088 0.215339430499156 0
0.6083443031964164 0.4797363758853542 0
2.384045449197433 1.27161597277805 0
1.601521839777237 1.155560782268261 0
3.118163016630148 2.321682028187481 0
11.08107184858407 0.1362275409322268 0
-2.771782678502522 0.7192911509288695 0
-0.3029258644835675 0.4533815907987579 0
8.12499999999846 2.327875204511621 0
8.500309598639868 2.118528870743615 0
8.834352179948745 2.322133306792717 0
0.07462010674940789 1.814713232038072 0
5.37936688709771 2.318171750908194 0
-1.802917830616256 1.574303428333851 0
2.691869885512038 1.064411845172505 0
4.924400690132453 2.309909801943531 0
1.32389303225908 0.1318183759983021 0
6.517973687792876 0.2629800908942606 0
5.01871709632298 1.665048501823724 0
0.2213166442955279 0.8242996393902285 0
10.67912829536945 0.1498768987321255 0
0.1839948189802775 1.332554172227136 0
0.8244537317526581 0.04682197640276653 0
-2.291371807813331 2.105417062118228 0
13.60437480147792 1.458046753217432 0
3.604720615604013 0.07498838880216017 0
-0.1088775834016033 0.6084781986906385 0
-4.400363587518064 0.8750576534351797 0
1.817448088327201 0.1388793939762032 0
14.61431583815939 1.250345444781058 0
0.8146781747215235 0.3222711910916865 0
-1.020920770753268 0.1502400600880727 0
1.431119439391683 1.927582612498939 0
2.553697874992608 1.071478659749779 0
3.981065461139761 1.672406056801073 0
6.262477668815766 0.2254703897761479 0
2.257921337881792 2.131390635184468 0
-0.9990677475929088 0.7157045007827226 0
9.830359771175063 0.2909894539775824 0
13.99034855347549 0.3855192206494928 0
-1.222922997014132 1.340969830005804 0
3.388286714977029 0.07966433331305919 0
1.437098222610595 0.5242400148223183 0
2.263195364291508 0.6032880703562068 0
7.775395252760604 0.2558034508872484 0
7.942917852777396 0.5298206822108829 0
0.5572319481162301 0.5960100896008347 0
14.61110750197955 2.315473858396393 0
-0.2308793281135048 0.5676951248543683 0
3.560245166377322 0.3216531961949915 0
10.95136450684999 1.72782561723401 0
6.326057768890585 2.311750459361185 0
-0.5700347082044699 0.3623917856828104 0
-4.626841584637114 1.250879882678861 0
0.001187869712253346 2.143550696085443 0
-0.6522314732526369 0.11513623893896 0
-2.575486976464588 2.32821592123746 0
0.5503808763861677 0.05253406875326966 0
7.525062321037376 0.1055254629600825 0
8.655495452330225 1.93890414132558 0
7.673523413831326 1.443632286536596 0
4.840186662007083 1.552418536640831 0
10.96581286481728 1.952722463668978 0
-4.599049683519036 1.711641799577069 0
-1.409525478914985 1.539230275085153 0
0.6507710609124764 0.736233875581777 0
-0.5505016635548408 0.05239633738427898 0
0.001858304101278012 0.9339936900226095 0
-4.583573995703127 2.088938281579018 0
6.475591965225314 0.3747038994397588 0
2.214895982975269 0.05634139544352057 0
14.62317150467845 1.50005001819168 0
12.11755594163566 0.1388634617016686 0
-1.99412157237053 1.58869435136313 0
12.4555212026111 0.3435057407341056 0
3.716186322971654 2.126046009103083 0
13.14827625913462 1.480893674695283 0
-0.942983332646128 2.139714816825791 0
0.494000779863744 0.4539189564951793 0
5.128229260612107 1.409515204711651 0
14.35837248084497 2.302927976649277 0
4.541410861803269 0.205242425513249 0
-1.120439127826523 0.1589286393506321 0
0.9146376893072399 0.1244012684706425 0
3.047083215708139 0.1664088555041528 0
6.129612822439392 1.360573163826819 0
1.669229365145329 0.4990404949695924 0
10.20132027036346 0.2889154186822266 0
8.254271378213291 0.254357885471655 0
9.179978271962216 2.315235369171635 0
4.927185711001141 0.1997858605637256 0
-4.083037941226104 0.317634706338034 0
-1.542712072234751 1.400187773620458 0
13.18718026380668 1.824280959966115 0
3.483188866686203 1.477146634353042 0
-1.108014496212163 0.6993594357259686 0
6.68017958403452 2.319983361897737 0
-0.2689874990560225 0.7440791041442127 0
4.232292880562957 2.127759672475497 0
7.221484415211471 0.09727998133439335 0
8.589476032277743 0.2582844392362973 0
0.3742278664496304 0.7899656457580504 0
8.919894650500302 0.259218603961383 0
-0.1479432107522918 0.6595057171259775 0
4.181327227948072 0.1973791004417202 0
3.939401703752814 1.886241132447221 0
-0.2452046707057992 0.619279901325683 0
6.474281835573612 1.452285201509563 0
14.81632966501752 0.1843561830395223 0
-1.93969921878333 0.2006164677480679 0
6.466607546509881 0.5491081649701319 0
2.963366669047588 2.127190074310921 0
-4.643663208006108 0.500620313913229 0
-4.828373006944583 0.170903342983397 0
14.62770063078994 1.754699752360392 0
5.321205577632775 0.1976884027157444 0
1.541634314121842 1.286087903621982 0
0.9959847301909224 0.1203353525736928 0
5.980474101211628 0.2083873849859343 0
9.622803969172216 2.337632390976102 0
-0.4140186624344809 0.4529449760187617 0
12.62248652947411 2.347959774397304 0
3.338739329053524 2.060495584107075 0
7.508992239283263 2.156806848898175 0
1.519770317214697 0.5168064128673252 0
3.654509296599125 0.4171383615019134 0
-4.816987298107775 2.31698729810779 0
-1.226158609118703 0.1609831930255949 0
-4.304810401991708 0.3283207893927054 0
-1.345627741841672 0.7312436190420077 0
0.891561474636074 2.052092303215165 0
14.81851412603601 2.318514126035909 0
13.3161595020737 0.7365313402147485 0
-1.213310516620298 0.7223284584670537 0
1.71512837409721 0.5791881160918263 0
-0.5777176678783617 0.5153671833246555 0
0.601924888976166 0.8192920284351753 0
-0.003100117482953896 1.957913681820033 0
2.033926621649445 1.068863915671837 0
-2.162469101015462 1.605122365996132 0
11.39424184110032 0.3150412777338452 0
14.06616693975625 1.893064106149512 0
6.272076823013925 1.277516542559213 0
12.21094000539459 2.118075900908734 0
0.2749000405432828 0.6186798011210026 0
3.823635373853125 0.06839233354349056 0
-1.467167817091648 0.7323941001012318 0
14.63728553633461 1.989551149306877 0
11.74870738701479 2.14409490026125 0
-4.534436766382237 0.343750575517354 0
0.6056202767837235 0.03987186457909032 0
7.993553964862954 1.436617034124448 0
7.068722118506869 2.117649978972878 0
-3.964851456079096 2.043757600690281 0
1.251221053362968 2.165304798242832 0
7.926395482378452 0.6707463456868096 0
2.730805602807531 0.146677926545043 0
13.95777626509447 0.8073308024653555 0
11.38654812922792 0.4991208718535791 0
1.901668211787846 0.1304125671276899 0
-2.839330313709303 0.860535285812966 0
-3.85998536612147 1.829887972237793 0
7.968708253534465 0.3944415437081132 0
2.455171406862139 0.1560339239721718 0
-2.442196794313356 1.649917872465502 0
-2.053280650347481 0.1948272010514745 0
2.869612133822479 1.967290738028115 0
3.610177557204332 1.968271678975405 0
-2.956194604421407 2.14545307828829 0
-0.4224142122498741 1.527200882530069 0
-0.8908012415674944 0.2366822308878021 0
-1.252346708328012 2.156225386572674 0
10.5643447294879 0.2913971461748771 0
8.231137774909373 2.188064063914564 0
3.749256663136639 0.5047252873244943 0
0.8633939641324789 0.383962444006566 0
2.127812717347014 1.163499176148736 0
6.918671053493087 0.08562487878787925 0
5.7211226465594 0.1897882794995888 0
-0.711787607427819 0.1155497686572685 0
1.0187311437097 2.175129436009516 0
-1.848879636266804 0.7828794320095528 0
1.938856811254779 0.6483229065302109 0
14.52671714328572 0.3379978879973909 0
-0.8470144660013201 0.3442343478704087 0
3.14034017417825 0.1538603761089097 0
0.05574919576014245 0.6067023927265329 0
4.327232598443628 0.5879830524759612 0
6.626055934086553 0.08261734599915131 0
6.246052621130128 1.581497296772858 0
-0.2260308390344178 2.176982057538127 0
2.99851292932901 0.665825739043966 0
6.447630262378479 0.6913676281669148 0
10.22457764929457 2.14169745258687 0
1.644792583472351 0.1304983061582681 0
2.321464481723629 0.14665599544442 0
1.85127714030672 0.5676521747037403 0
10.97661257854769 2.136448661011525 0
11.48410086777687 0.1397311853698574 0
-1.32864651791032 0.1545388473418074 0
-1.46732208780455 0.1744930266022068 0
8.56323198435159 1.339610538912315 0
-2.888925984801938 1.689386165298436 0
3.913435719960641 2.1236775309412 0
1.381281505352194 0.122102082948973 0
1.512667131286308 0.6005414310971768 0
2.301868445645721 0.6826676717895535 0
-3.364663757669301 1.719607788999907 0
-0.5196112773538707 0.9619511846541966 0
0.5311991345344853 0.3526688275091001 0
-2.666071504290538 1.643692191914808 0
2.06983256740112 2.141543351989958 0
5.4833798307785 0.7643547378489934 0
-3.583101227910143 1.7412195599622 0
0.6796565171874129 1.396281134547825 0
3.332426430300408 0.1584928185575191 0
1.442395942853945 0.04389079093315663 0
2 19 0 1713
2095
2096
2097
2098
2099
2100
2101
2102
2103
2104
2105
2106
2107
2108
2109
2110
2111
2112
2113
2114
2115
2116
2117
2118
2119
2120
2121
2122
2123
2124
2125
2126
2127
2128
2129
2130
2131
2132
2133
2134
2135
2136
2137
2138
2139
2140
2141
2142
2143
2144
2145
2146
2147
2148
2149
2150
2151
2152
2153
2154
2155
2156
2157
2158
2159
2160
2161
2162
2163
2164
2165
2166
2167
2168
2169
2170
2171
2172
2173
2174
2175
2176
2177
2178
2179
2180
2181
2182
2183
2184
2185
2186
2187
2188
2189
2190
2191
2192
2193
2194
2195
2196
2197
2198
2199
2200
2201
2202
2203
2204
2205
2206
2207
2208
2209
2210
2211
2212
2213
2214
2215
2216
2217
2218
2219
2220
2221
2222
2223
2224
2225
2226
2227
2228
2229
2230
2231
2232
2233
2234
2235
2236
2237
2238
2239
2240
2241
2242
2243
2244
2245
2246
2247
2248
2249
2250
2251
2252
2253
2254
2255
2256
2257
2258
2259
2260
2261
2262
2263
2264
2265
2266
2267
2268
2269
2270
2271
2272
2273
2274
2275
2276
2277
2278
2279
2280
2281
2282
2283
2284
2285
2286
2287
2288
2289
2290
2291
2292
2293
2294
2295
2296
2297
2298
2299
2300
2301
2302
2303
2304
2305
2306
2307
2308
2309
2310
2311
2312
2313
2314
2315
2316
2317
2318
2319
2320
2321
2322
2323
2324
2325
2326
2327
2328
2329
2330
2331
2332
2333
2334
2335
2336
2337
2338
2339
2340
2341
2342
2343
2344
2345
2346
2347
2348
2349
2350
2351
2352
2353
2354
2355
2356
2357
2358
2359
2360
2361
2362
2363
2364
2365
2366
2367
2368
2369
2370
2371
2372
2373
2374
2375
2376
2377
2378
2379
2380
2381
2382
2383
2384
2385
2386
2387
2388
2389
2390
2391
2392
2393
2394
2395
2396
2397
2398
2399
2400
2401
2402
2403
2404
2405
2406
2407
2408
2409
2410
2411
2412
2413
2414
2415
2416
2417
2418
2419
2420
2421
2422
2423
2424
2425
2426
2427
2428
2429
2430
2431
2432
2433
2434
2435
2436
2437
2438
2439
2440
2441
2442
2443
2444
2445
2446
2447
2448
2449
2450
2451
2452
2453
2454
2455
2456
2457
2458
2459
2460
2461
2462
2463
2464
2465
2466
2467
2468
2469
2470
2471
2472
2473
2474
2475
2476
2477
2478
2479
2480
2481
2482
2483
2484
2485
2486
2487
2488
2489
2490
2491
2492
2493
2494
2495
2496
2497
2498
2499
2500
2501
2502
2503
2504
2505
2506
2507
2508
2509
2510
2511
2512
2513
2514
2515
2516
2517
2518
2519
2520
2521
2522
2523
2524
2525
2526
2527
2528
2529
2530
2531
2532
2533
2534
2535
2536
2537
2538
2539
2540
2541
2542
2543
2544
2545
2546
2547
2548
2549
2550
2551
2552
2553
2554
2555
2556
2557
2558
2559
2560
2561
2562
2563
2564
2565
2566
2567
2568
2569
2570
2571
2572
2573
2574
2575
2576
2577
2578
2579
2580
2581
2582
2583
2584
2585
2586
2587
2588
2589
2590
2591
2592
2593
2594
2595
2596
2597
2598
2599
2600
2601
2602
2603
2604
2605
2606
2607
2608
2609
2610
2611
2612
2613
2614
2615
2616
2617
2618
2619
2620
2621
2622
2623
2624
2625
2626
2627
2628
2629
2630
2631
2632
2633
2634
2635
2636
2637
2638
2639
2640
2641
2642
2643
2644
2645
2646
2647
2648
2649
2650
2651
2652
2653
2654
2655
2656
2657
2658
2659
2660
2661
2662
2663
2664
2665
2666
2667
2668
2669
2670
2671
2672
2673
2674
2675
2676
2677
2678
2679
2680
2681
2682
2683
2684
2685
2686
2687
2688
2689
2690
2691
2692
2693
2694
2695
2696
2697
2698
2699
2700
2701
2702
2703
2704
2705
2706
2707
2708
2709
2710
2711
2712
2713
2714
2715
2716
2717
2718
2719
2720
2721
2722
2723
2724
2725
2726
2727
2728
2729
2730
2731
2732
2733
2734
2735
2736
2737
2738
2739
2740
2741
2742
2743
2744
2745
2746
2747
2748
2749
2750
2751
2752
2753
2754
2755
2756
2757
2758
2759
2760
2761
2762
2763
2764
2765
2766
2767
2768
2769
2770
2771
2772
2773
2774
2775
2776
2777
2778
2779
2780
2781
2782
2783
2784
2785
2786
2787
2788
2789
2790
2791
2792
2793
2794
2795
2796
2797
2798
2799
2800
2801
2802
2803
2804
2805
2806
2807
2808
2809
2810
2811
2812
2813
2814
2815
2816
2817
2818
2819
2820
2821
2822
2823
2824
2825
2826
2827
2828
2829
2830
2831
2832
2833
2834
2835
2836
2837
2838
2839
2840
2841
2842
2843
2844
2845
2846
2847
2848
2849
2850
2851
2852
2853
2854
2855
2856
2857
2858
2859
2860
2861
2862
2863
2864
2865
2866
2867
2868
2869
2870
2871
2872
2873
2874
2875
2876
2877
2878
2879
2880
2881
2882
2883
2884
2885
2886
2887
2888
2889
2890
2891
2892
2893
2894
2895
2896
2897
2898
2899
2900
2901
2902
2903
2904
2905
2906
2907
2908
2909
2910
2911
2912
2913
2914
2915
2916
2917
2918
2919
2920
2921
2922
2923
2924
2925
2926
2927
2928
2929
2930
2931
2932
2933
2934
2935
2936
2937
2938
2939
2940
2941
2942
2943
2944
2945
2946
2947
2948
2949
2950
2951
2952
2953
2954
2955
2956
2957
2958
2959
2960
2961
2962
2963
2964
2965
2966
2967
2968
2969
2970
2971
2972
2973
2974
2975
2976
2977
2978
2979
2980
2981
2982
2983
2984
2985
2986
2987
2988
2989
2990
2991
2992
2993
2994
2995
2996
2997
2998
2999
3000
3001
3002
3003
3004
3005
3006
3007
3008
3009
3010
3011
3012
3013
3014
3015
3016
3017
3018
3019
3020
3021
3022
3023
3024
3025
3026
3027
3028
3029
3030
3031
3032
3033
3034
3035
3036
3037
3038
3039
3040
3041
3042
3043
3044
3045
3046
3047
3048
3049
3050
3051
3052
3053
3054
3055
3056
3057
3058
3059
3060
3061
3062
3063
3064
3065
3066
3067
3068
3069
3070
3071
3072
3073
3074
3075
3076
3077
3078
3079
3080
3081
3082
3083
3084
3085
3086
3087
3088
3089
3090
3091
3092
3093
3094
3095
3096
3097
3098
3099
3100
3101
3102
3103
3104
3105
3106
3107
3108
3109
3110
3111
3112
3113
3114
3115
3116
3117
3118
3119
3120
3121
3122
3123
3124
3125
3126
3127
3128
3129
3130
3131
3132
3133
3134
3135
3136
3137
3138
3139
3140
3141
3142
3143
3144
3145
3146
3147
3148
3149
3150
3151
3152
3153
3154
3155
3156
3157
3158
3159
3160
3161
3162
3163
3164
3165
3166
3167
3168
3169
3170
3171
3172
3173
3174
3175
3176
3177
3178
3179
3180
3181
3182
3183
3184
3185
3186
3187
3188
3189
3190
3191
3192
3193
3194
3195
3196
3197
3198
3199
3200
3201
3202
3203
3204
3205
3206
3207
3208
3209
3210
3211
3212
3213
3214
3215
3216
3217
3218
3219
3220
3221
3222
3223
3224
3225
3226
3227
3228
3229
3230
3231
3232
3233
3234
3235
3236
3237
3238
3239
3240
3241
3242
3243
3244
3245
3246
3247
3248
3249
3250
3251
3252
3253
3254
3255
3256
3257
3258
3259
3260
3261
3262
3263
3264
3265
3266
3267
3268
3269
3270
3271
3272
3273
3274
3275
3276
3277
3278
3279
3280
3281
3282
3283
3284
3285
3286
3287
3288
3289
3290
3291
3292
3293
3294
3295
3296
3297
3298
3299
3300
3301
3302
3303
3304
3305
3306
3307
3308
3309
3310
3311
3312
3313
3314
3315
3316
3317
3318
3319
3320
3321
3322
3323
3324
3325
3326
3327
3328
3329
3330
3331
3332
3333
3334
3335
3336
3337
3338
3339
3340
3341
3342
3343
3344
3345
3346
3347
3348
3349
3350
3351
3352
3353
3354
3355
3356
3357
3358
3359
3360
3361
3362
3363
3364
3365
3366
3367
3368
3369
3370
3371
3372
3373
3374
3375
3376
3377
3378
3379
3380
3381
3382
3383
3384
3385
3386
3387
3388
3389
3390
3391
3392
3393
3394
3395
3396
3397
3398
3399
3400
3401
3402
3403
3404
3405
3406
3407
3408
3409
3410
3411
3412
3413
3414
3415
3416
3417
3418
3419
3420
3421
3422
3423
3424
3425
3426
3427
3428
3429
3430
3431
3432
3433
3434
3435
3436
3437
3438
3439
3440
3441
3442
3443
3444
3445
3446
3447
3448
3449
3450
3451
3452
3453
3454
3455
3456
3457
3458
3459
3460
3461
3462
3463
3464
3465
3466
3467
3468
3469
3470
3471
3472
3473
3474
3475
3476
3477
3478
3479
3480
3481
3482
3483
3484
3485
3486
3487
3488
3489
3490
3491
3492
3493
3494
3495
3496
3497
3498
3499
3500
3501
3502
3503
3504
3505
3506
3507
3508
3509
3510
3511
3512
3513
3514
3515
3516
3517
3518
3519
3520
3521
3522
3523
3524
3525
3526
3527
3528
3529
3530
3531
3532
3533
3534
3535
3536
3537
3538
3539
3540
3541
3542
3543
3544
3545
3546
3547
3548
3549
3550
3551
3552
3553
3554
3555
3556
3557
3558
3559
3560
3561
3562
3563
3564
3565
3566
3567
3568
3569
3570
3571
3572
3573
3574
3575
3576
3577
3578
3579
3580
3581
3582
3583
3584
3585
3586
3587
3588
3589
3590
3591
3592
3593
3594
3595
3596
3597
3598
3599
3600
3601
3602
3603
3604
3605
3606
3607
3608
3609
3610
3611
3612
3613
3614
3615
3616
3617
3618
3619
3620
3621
3622
3623
3624
3625
3626
3627
3628
3629
3630
3631
3632
3633
3634
3635
3636
3637
3638
3639
3640
3641
3642
3643
3644
3645
3646
3647
3648
3649
3650
3651
3652
3653
3654
3655
3656
3657
3658
3659
3660
3661
3662
3663
3664
3665
3666
3667
3668
3669
3670
3671
3672
3673
3674
3675
3676
3677
3678
3679
3680
3681
3682
3683
3684
3685
3686
3687
3688
3689
3690
3691
3692
3693
3694
3695
3696
3697
3698
3699
3700
3701
3702
3703
3704
3705
3706
3707
3708
3709
3710
3711
3712
3713
3714
3715
3716
3717
3718
3719
3720
3721
3722
3723
3724
3725
3726
3727
3728
3729
3730
3731
3732
3733
3734
3735
3736
3737
3738
3739
3740
3741
3742
3743
3744
3745
3746
3747
3748
3749
3750
3751
3752
3753
3754
3755
3756
3757
3758
3759
3760
3761
3762
3763
3764
3765
3766
3767
3768
3769
3770
3771
3772
3773
3774
3775
3776
3777
3778
3779
3780
3781
3782
3783
3784
3785
3786
3787
3788
3789
3790
3791
3792
3793
3794
3795
3796
3797
3798
3799
3800
3801
3802
3803
3804
3805
3806
3807
1.198893183202219 -0.0695305096573807 0
1.606843330719805 -0.07175600509514614 0
-1.193605156320743 -0.0815205001617024 0
-0.3587958346776807 -0.4215810968734912 0
0.4166665650333169 -0.3654209042540091 0
-1.624210879344858 -0.09819221049664713 0
1.948702770764198 -0.07539245012677201 0
2.294677593813014 -0.07159193338821164 0
2.685317490335374 -0.07890249582538289 0
3.081785791482284 -0.08744533387315184 0
3.498291230864014 -0.09828673160952137 0
3.933323986556568 -0.1044639871701838 0
4.394906297961395 -0.08555660015977043 0
4.86892429278665 -0.1031762147986476 0
5.386918452927739 -0.1119655901579235 0
0.2454641898394044 -0.4984872862250006 0
-0.1785821991670571 -0.5260861926770561 0
0.03633603183931235 -0.5543807146251831 0
-2.12622705776123 -0.1164159891106192 0
5.91563668829695 -0.1110250864473684 0
6.486801670755968 -0.1277934479583308 0
0.8878634477701246 -0.059778395272183 0
7.06581133290276 -0.127045270524297 0
-2.720514398494172 -0.1331720697206147 0
7.669111532430736 -0.1494709780338213 0
8.338425880806264 -0.1433615001076967 0
1.374590058364272 -2.301794707021219 0
9.021513995878315 -0.1439572500792384 0
-1.110863818848745 -2.268880414934514 0
-3.387720410167142 -0.1546950656015416 0
2.141133636954368 -2.305472311677697 0
9.732235911615122 -0.1602508368598557 0
-0.8397382667827489 -0.08351490698304288 0
2.871657957981249 -2.306863955923278 0
3.625803075741066 -2.29941481284543 0
10.48312879548394 -0.1559660846137411 0
4.345256942839459 -2.300569657951455 0
11.27947454791663 -0.1773765696221486 0
5.137949587175655 -2.269366540743398 0
-2.376731350660396 -2.313128193976431 0
6.122321211091924 -2.269007822186376 0
11.90524008197684 -0.1946815865349785 0
12.55207230192594 -0.1826458108926136 0
13.21736450936469 -0.1953295691839188 0
6.891979241639685 -2.26916800987115 0
0.6215175937678283 -2.29576843683048 0
7.875667552466961 -2.277017059710416 0
8.629672529639423 -2.298441888281404 0
-0.374999999998912 -2.283493649053837 0
9.39381373098254 -2.272552167154625 0
-3.130228842181961 -2.254299403542778 0
10.87321685350801 -2.289405488166133 0
10.11864917919239 -2.292696108125254 0
11.62499999999917 -2.283493649053837 0
13.62552331689123 -2.284249110788458 0
12.84228264426425 -2.274708535005116 0
-4.795316310264835 -1.124113890240387 0
14.79208696317621 -1.125292631152152 0
-0.5009971591594777 -0.2432455757886583 0
0.4985714159218809 -0.2437143334985521 0
-3.874999999999737 -2.283493649053841 0
-3.97660887820224 -0.1722620807026366 0
13.90443894203312 -0.1987845047119687 0
-4.409665200425749 -0.1856977266954207 0
-1.016608285362797 -0.06806649818958169 0
-3.013149209032016 -0.1414781501235954 0
-1.405372814845845 -0.09605778616227069 0
-2.409544553257123 -0.1286925516519987 0
-1.866320746335712 -0.1031185108828771 0
0.1322691151081742 -2.304991604863285 0
-1.62499999999921 -2.283493649053841 0
0.677056562445208 -0.06186563813484778 0
5.622795350753494 -2.28483987155063 0
-4.78447434861562 -1.616851939186004 0
7.377171972616062 -2.289126018487326 0
1.040672505102963 -0.06773802896825501 0
10.88722517354281 -0.1849945732665324 0
10.10871939649184 -0.1603249530051544 0
12.1116745150644 -2.292893770817783 0
9.370108268706577 -0.1653355725963651 0
14.78877062773284 -1.624999656764685 0
8.675706416453524 -0.1469492319862878 0
14.11775033726755 -2.289259038275535 0
8.003753138427415 -0.1424014208659183 0
7.369612490939895 -0.1386828292742725 0
6.770912535771266 -0.124207240170773 0
6.191499189449639 -0.1201220340632174 0
5.651152110197449 -0.1047066708233345 0
5.12379204131357 -0.1147565093133384 0
1.370681160023456 -0.06695602079542788 0
4.639505743035852 -0.125413254085616 0
4.146521227421157 -0.09870405405570459 0
3.713730209747296 -0.09476844977107954 0
3.288262268017216 -0.08726588000326545 0
2.883742419991944 -0.09056627503338865 0
2.494248433731143 -0.08119556799089854 0
-0.6833689126377918 -0.0652983998066267 0
2.13255780622778 -0.0722426349516157 0
1.770967378860905 -0.06953128803534632 0
14.78370174250891 -0.6267732191435536 0
-4.374999999999853 -2.28349364905384 0
-4.798237114733037 -0.6260787064125709 0
14.39804240704773 -0.1938852334934867 0
14.76418447153335 -2.136426551036238 0
0.5431489376938027 -0.1128855730223607 0
-0.5448951066735226 -0.108386375298942 0
-4.799474474081514 -2.136931057600545 0
0.5241869368753342 -0.1784383943208848 0
0.5673191054256447 -0.2317803603315405 0
0.5430650109848605 -0.2963908297327138 0
0.6130146633973493 -0.2871424583659629 0
0.5890210234762974 -0.3536861460581969 0
0.6635465230977725 -0.3426352083323522 0
0.6332145089353552 -0.4154581083607124 0
0.7136952493480404 -0.4050080731332948 0
0.6821664851601686 -0.4822301086044536 0
0.7686013703334819 -0.4706823553846923 0
0.7354940624678703 -0.5549949955726619 0
0.831342385621842 -0.5390131771548985 0
0.7928031872709109 -0.6314321995169858 0
0.9002606664338273 -0.6122763313357349 0
0.8538026657911401 -0.7165173307180499 0
0.9668492790207381 -0.6976913479256441 0
0.9231032999364184 -0.8055872781729355 0
1.037932036873209 -0.7881428963915732 0
0.806798049288837 -0.8215257456275545 0
0.8813017290538641 -0.9159746696472424 0
0.758324987533337 -0.9316956739356435 0
0.8386279268072914 -1.034283795980058 0
0.6994658604260877 -1.049673240404129 0
1.08091965216165 -0.6776692068384098 0
1.154198182104691 -0.7689255802323871 0
0.7861288831506856 -1.159787079093499 0
0.6480612605646366 -1.176470884676527 0
0.9275731350158393 -1.140352328939704 0
0.5662470733042514 -1.063852952336674 0
0.5107186912367695 -1.191147371575409 0
1.195104627737477 -0.6574959648567222 0
1.271313326106734 -0.7489377798737593 0
0.4296728153738333 -1.080590791610525 0
0.3747286343159094 -1.205453546371847 0
0.2986488011601741 -1.097848834688731 0
0.2405221182806307 -1.218550351719046 0
0.1663795605861137 -1.109105038802012 0
0.1071349570351074 -1.23336196144885 0
0.02878683136248112 -1.121659769494164 0
-0.02624443952002936 -1.250552125763094 0
-0.1084347355114299 -1.138713882127885 0
-0.16402021830686 -1.263231828036469 0
-0.2448134246413256 -1.151670906109383 0
-0.3030032375333687 -1.279572822388139 0
-0.3892061969749033 -1.162510470457567 0
-0.4466557309691943 -1.295968957677436 0
-0.5332569488978708 -1.175906778628456 0
-0.5943651436549638 -1.313412556191761 0
-0.6865161533308535 -1.1880457382292 0
-0.7491238377691067 -1.331733258976416 0
-0.838597312444743 -1.203736401702567 0
-0.7767368399744012 -1.063810734963856 0
-0.9286551238857703 -1.074808336172524 0
-0.993047698089378 -1.216035229299137 0
-1.084476992943188 -1.083675588535519 0
-0.8679964501337465 -0.939312301817014 0
-1.153513048127333 -1.225718803296533 0
-1.243738949984439 -1.0933167030862 0
-1.316829775281045 -1.23789884402792 0
-1.406742410789236 -1.101037453989581 0
-1.484306105720725 -1.248572521458533 0
-1.578235672104471 -1.111679911974918 0
-1.656752441355463 -1.259240111382632 0
-1.750719407552543 -1.118709325780041 0
1.309024918070848 -0.6392693818238756 0
1.395635930891172 -0.7245499656923237 0
1.348149707395067 -0.8431133112605289 0
1.480917560246481 -0.8175473252550274 0
1.427629018249406 -0.9468011581446318 0
1.564804515442276 -0.9218817074993517 0
1.515564166410693 -1.052508572058811 0
1.655323103393019 -1.026803489168969 0
1.703103955954482 -0.894740250678722 0
1.7956848855131 -1.000541490938651 0
1.842788538938206 -0.8669314766688864 0
1.93443418489895 -0.9670773083445805 0
1.982368816855487 -0.8380401080674742 0
2.074265387549955 -0.9393370847951605 0
2.12401354325306 -0.8078388598116759 0
2.219588026195603 -0.9138367983959168 0
2.172310286880286 -1.04458026329466 0
2.317118281357041 -1.024406033130637 0
2.365102291326892 -0.8828017469089187 0
2.462448674912755 -0.9904501617353081 0
2.50853733432497 -0.8512968709547428 0
2.607051971538703 -0.9573045443856121 0
2.426516538898077 -1.127783926218944 0
1.742756944990911 -1.13216423565705 0
2.651518912740954 -0.8182480877005711 0
2.75150193340269 -0.9248285557783276 0
-1.832515774979139 -1.277481386857633 0
-1.932613686112517 -1.129162437309152 0
0.8723019447781805 -1.272842766660221 0
2.789384357450449 -0.7840124500510482 0
2.896116816506772 -0.8943554740874412 0
2.844260860060538 -1.036236133666298 0
3.001731036701761 -1.004686722089276 0
3.046628243639409 -0.857069028838221 0
3.156488679962525 -0.9662651079786141 0
3.11167681440556 -1.120585556628203 0
3.267492493870809 -1.079597880414267 0
3.310258912046815 -0.9253568092240256 0
3.422387113037836 -1.037517900098935 0
3.46315278265034 -0.8832817130242578 0
3.579139403092992 -0.9936788317535807 0
-1.327648736834709 -0.9571593163474527 0
0.6320873433707931 -0.5616161320924677 0
-2.013902151398629 -1.292966369388983 0
-2.116398943215344 -1.139388024114578 0
-2.199832540754886 -1.307159673938608 0
-2.304911994720428 -1.149573074194733 0
3.537085369905618 -1.153398227560758 0
3.696007899119792 -1.107781545357444 0
3.736312031350942 -0.9479251559801261 0
3.854368122165377 -1.060740404235024 0
3.892061955451783 -0.90020300226483 0
4.013463840389331 -1.01110367649831 0
3.974892673264744 -1.176668706392173 0
4.136630293913607 -1.125971463702489 0
4.173394039243832 -0.960605742283629 0
4.297623989324611 -1.074153531158182 0
4.333207390000919 -0.9100280941259491 0
4.460307736056959 -1.021072873705827 0
-2.390400218176973 -1.321361312952927 0
-2.498341689512186 -1.159456712151044 0
1.429884239289649 -0.6149983090781441 0
4.423793649363107 -1.190341246534923 0
4.588041335079822 -1.135027778824943 0
4.622794697682876 -0.9661456739601917 0
4.751365999655214 -1.078616212825652 0
4.781721017819784 -0.9107579019999339 0
4.912881385842278 -1.021554837513503 0
0.3099804859949514 -1.332306767800384 0
-0.72428042014908 -0.9294463361219598 0
-0.7985376135914425 -0.8186070600612129 0
4.882095843393097 -1.194298416593401 0
5.047468534210941 -1.132019794786153 0
5.070565961702355 -0.9599190344162821 0
5.211518915959497 -1.070180309268853 0
1.893407486380992 -0.7453243118241613 0
5.229650684911812 -0.8997020418786258 0
5.377748687240867 -1.011310196586407 0
5.34158148611525 -1.184666723276488 0
5.516746185240959 -1.12319536062359 0
5.546165846040489 -0.9172761848357144 0
5.689569270724837 -1.051597467092207 0
-2.585588699149424 -1.335553331853846 0
-2.695563259696619 -1.169839596116668 0
-1.83965278270147 -0.9431896910179148 0
5.660466550100567 -1.238235865962024 0
5.832065178037086 -1.168196871340347 0
5.859370791319019 -0.9866179349908895 0
6.002027059836964 -1.098224067099514 0
-2.78529853646954 -1.349979367629821 0
-2.898479541982393 -1.176272433518175 0
-2.989942662436222 -1.363993507056198 0
-3.10571990580946 -1.186241323894516 0
-0.07426815022202213 -1.388635871240173 0
-3.199219790066563 -1.378754474402036 0
-3.317689309789809 -1.200015968110437 0
6.024899647602267 -0.917949183624285 0
6.170940761498594 -1.028147600616573 0
6.146276996664863 -1.20610193521674 0
6.316340835709573 -1.130062725428878 0
6.340830471987929 -0.9553480858483523 0
6.490274215727111 -1.062906757885594 0
6.450663232565812 -1.266994090395825 0
6.641929210019077 -1.175943119114432 0
6.669162305814378 -0.9813024293629892 0
6.822004687182848 -1.091042605354134 0
0.859367366565012 -0.4522559443845783 0
3.353552243316555 -0.7759070669872177 0
2.557367941198149 -0.7059235193403413 0
6.802076577371238 -1.286345911325245 0
6.978530081454149 -1.202199143856659 0
6.993253335345943 -1.0088724564572 0
7.152458228177153 -1.118148810278094 0
-2.408091630967938 -0.9935110750426777 0
-0.329411082809589 -1.047642993674534 0
4.210717035207977 -0.8006256089981127 0
-3.413044928622155 -1.394248389327599 0
-3.533949646763515 -1.211826785294965 0
-1.369632007777121 -1.384266950975231 0
7.16622434172026 -0.9276819155647436 0
7.326182173878237 -1.034886217950128 0
7.314417424355012 -1.22631060440996 0
7.488921590470976 -1.142124828758187 0
-0.6735956527037468 -0.8074452569647526 0
-0.7430267328752203 -0.7075229695758265 0
-0.8715679702507302 -0.7107961487715369 0
-0.8122040612541662 -0.6083313180127814 0
-0.929305891037518 -0.6142708019916635 0
4.658042026849373 -0.8021656146558935 0
4.809056674321151 -0.7481442661997627 0
7.496257331480821 -0.9486421440502132 0
7.663608294797148 -1.055044477977005 0
7.656844927881325 -1.247547957149534 0
7.831803642581505 -1.161043669132651 0
1.236176365942524 -0.5549979416247696 0
7.841107719412492 -0.9662984626632871 0
8.008233007930762 -1.069131230064013 0
8.005225927542131 -1.265136778426152 0
8.180807188774267 -1.176794063014609 0
-0.6533831422913201 -1.459119957300675 0
-3.630019111370507 -1.408808985910118 0
-3.752259390061802 -1.225111303514942 0
8.192390028331795 -0.9705391779609005 0
8.36227751797993 -1.076809402258744 0
8.371044463174158 -1.313527352163873 0
8.5349930999998 -1.184717919236178 0
0.3562032742333815 -0.9787306108317699 0
8.537965920151128 -0.9789406057151773 0
8.713618644090385 -1.084388353068212 0
8.718039964941827 -1.282688151119961 0
8.895355316568558 -1.1884545090441 0
3.770140777249694 -0.7937740608744998 0
-0.04393338775315218 -1.022140612102611 0
5.881838286094644 -0.808360191024013 0
-2.796347443181124 -1.005588464624006 0
8.892657491961263 -1.396399458482906 0
9.078538113217363 -1.295731293902767 0
9.07767763709144 -1.08490333277279 0
9.261167729312328 -1.189900958292316 0
5.805062425857195 -1.352296490692284 0
6.964032035689184 -1.39920455047708 0
5.010447240248541 -1.3090967732746 0
9.261358250110717 -0.9797398775116983 0
9.443915076096665 -1.084922924984532 0
9.443788015371965 -1.297484371574404 0
9.629529699338516 -1.190166380566231 0
9.62949628857997 -1.406819899380171 0
9.81785633936413 -1.295874070566584 0
9.814312060493631 -1.080957341835963 0
10.00392146757043 -1.185419761233126 0
3.655124157096385 -1.271747879397918 0
-3.654112902961678 -1.028062127185331 0
-3.872879116525761 -1.040434366191506 0
-1.910670494473858 -1.438241234869665 0
-3.21860733746099 -1.007289852112221 0
4.098988416164739 -1.294879067793547 0
-0.8775915369716247 -0.5106829769106576 0
-0.9941428134197712 -0.5147480349128146 0
1.019660859554799 -1.253055949450101 0
0.9599322981606959 -1.399617700233169 0
1.120270483440042 -1.375236083654291 0
1.062401332801168 -1.530024748442425 0
1.227508838327996 -1.509305365849379 0
0.8956501873005051 -1.550607500657958 0
-3.846377680996895 -1.42888295764973 0
6.778908931946546 -1.484883600789397 0
4.553102706556979 -1.308277420235799 0
7.012555675527235 -0.8207170699985493 0
5.627950513553192 -1.426037301658836 0
3.224428977080189 -1.237799878665063 0
3.058982407653474 -1.279933375518064 0
3.179801587097319 -1.405062797656426 0
3.002478138415143 -1.449013305069158 0
6.044243681669966 -0.7440555949086938 0
10.00067080139397 -0.9708479665988314 0
10.189610376696 -1.075656498842106 0
10.19314683672718 -1.29239697553839 0
10.38082597389627 -1.180849390679519 0
10.38484811093644 -1.4007756696242 0
10.57470024596186 -1.286753583301545 0
10.56149514433354 -1.066935176373338 0
10.75865329535431 -1.170561721770476 0
-2.299403997188326 -1.511447720270729 0
8.717618713590083 -0.8817917509785147 0
10.76966782633469 -1.393472561050977 0
10.95827518204294 -1.274789726214239 0
10.95368381576387 -1.053446798515452 0
11.15030720477206 -1.159050798403982 0
11.1481578941297 -1.382629711732405 0
11.34712057694426 -1.26239196966647 0
11.34167706494383 -1.03978411464189 0
11.54023311436563 -1.14337973734668 0
11.54360270117079 -1.369203295438558 0
11.74124569106399 -1.246754242609611 0
3.13672687058605 -1.583667559765828 0
0.7382793761937603 -0.3289122608073479 0
-0.8160942236426852 -1.481816791561447 0
-0.7117665518945572 -1.621261122975273 0
11.73461354960141 -1.017109095072992 0
11.93630168230318 -1.121649108983551 0
11.94367845483385 -1.352831686968791 0
12.14024671115447 -1.227654580247859 0
12.12745777566351 -0.9974071341170168 0
12.33315551873755 -1.101460694302696 0
12.34691010015727 -1.333345299517398 0
12.54184981635849 -1.205779774056855 0
-0.7628783249934301 -0.5057687870932637 0
9.442045587645085 -0.8766657981900484 0
-0.6262852153283862 -0.6984633691732385 0
-0.3636623376109434 -1.414230460049543 0
-2.676625118921031 -1.477037058461396 0
12.55570380874564 -1.439552524012415 0
12.75211795510479 -1.310149929552269 0
12.73620558443502 -1.077917543680737 0
12.95150489261851 -1.18497442397637 0
12.96055236160921 -1.409815020596001 0
13.15630569127499 -1.277884929262268 0
13.14509436878258 -1.048067167399265 0
13.35793182555136 -1.151496797403413 0
13.37225517141475 -1.416512390646788 0
13.57307108981847 -1.257607247096464 0
-0.891465096583947 -1.643289854957954 0
4.691504814963944 -0.6445496315046163 0
4.835441268331545 -0.5929157266789726 0
5.779720698294732 -1.546932733212345 0
7.177860461080163 -0.7428156826673536 0
13.56409618269687 -1.011096149478744 0
13.77864283726199 -1.111921311919831 0
13.79306807287172 -1.356171953512996 0
1.000911165180683 -1.693040309610707 0
10.18532219236094 -0.8622986188547188 0
2.95025648143852 -1.628870108895464 0
8.682757086805715 -1.497299296955847 0
9.064827442434822 -1.507207786039753 0
9.8200402865616 -1.514769306073214 0
-3.497864796938325 -1.573243962720467 0
8.546136420940559 -0.7780561655859307 0
5.589958137621363 -1.623435375781189 0
-0.8212892162689889 -0.4171753139000506 0
9.259844455838364 -0.7745131657250265 0
5.910542103306996 -0.6381061702455499 0
-0.7841730575406279 -1.791434863760733 0
6.950751382892687 -1.604443886174786 0
-1.046578798664876 -0.6206948187271776 0
-1.111052814582338 -0.5201179525931049 0
-3.773045590617889 -0.8455945889221299 0
-3.993438083685439 -0.8557145925006276 0
13.99368754914059 -1.220760791246332 0
13.97155640899399 -0.9876457888761944 0
14.00996763887803 -1.464164437937299 0
0.8163608994663178 -1.716202041787026 0
10.00075510073805 -0.7591843091498293 0
6.754247341262394 -1.692660862994218 0
-0.5942439585703627 -1.767291969175708 0
7.026992820439308 -0.6409617217107941 0
-3.065694327362327 -1.595790677508746 0
12.31950843646235 -0.8722175026995853 0
-1.057177452971744 -0.4155780268048471 0
-1.172219393053185 -0.4188474971339303 0
-1.231456664210707 -0.524746953686098 0
-1.293073197300729 -0.4194166921296204 0
-1.355269044029319 -0.5277531431357718 0
-1.42040583177657 -0.4189301900776944 0
-1.483720989241806 -0.5313636602010988 0
-4.095240452289789 -1.053790013317665 0
8.719193420807969 -0.6838338823236054 0
12.35867380483777 -1.568342454610526 0
-1.551570653635546 -0.4183305901638864 0
-1.616630204155387 -0.5350966778318773 0
-0.720734227141504 -0.4112749037746815 0
0.6923091838976276 -0.8278431388067304 0
2.820085869334741 -1.48892786636976 0
2.763405853116954 -1.671276805151532 0
6.065236886873543 -0.5752520055695465 0
9.627397282293369 -1.627596775832368 0
9.446683173564089 -0.6702010319876576 0
-0.5572762899580356 -0.7906910566914007 0
-0.5147312448332929 -0.6881302436748888 0
0.9339173700325901 -1.864242130151048 0
-1.686384757313296 -0.4182364820096485 0
-1.754067183367471 -0.5391297907835886 0
-0.7708468705287952 -0.3312529497202774 0
0.5975054947228184 -1.304466060250734 0
-0.4484478092647324 -0.7729043500720714 0
-0.410518282106504 -0.6759305947635265 0
-0.3508927072002917 -0.7579098582103176 0
3.083420243857633 -1.771525549201863 0
3.278541520253832 -1.721694922591655 0
13.77956944297659 -1.617149526860375 0
-1.826774023790853 -0.4180030335211329 0
-1.896467498640957 -0.5432880399184299 0
12.11712572340631 -0.7686777290247875 0
2.629182355324577 -1.528112111191826 0
2.575567915193677 -1.71330536058508 0
2.444001076450868 -1.570792388718851 0
2.38556186355157 -1.757625506461629 0
2.247550869081113 -1.608173554675343 0
1.110841433261512 -0.8636931412557574 0
4.720412231947481 -0.494428730579573 0
4.579818811340628 -0.5421955492740755 0
12.56984228758171 -1.676006582030814 0
7.187852124524466 -0.5637664622857139 0
-1.54568231889934 -0.6514838776184606 0
10.18237523464735 -0.6516206743042885 0
1.123043582349494 -1.839303546551198 0
5.756341523005386 -1.765806578126933 0
5.948688995891812 -1.652138172637867 0
8.550994922209521 -0.5848005933668096 0
4.861726109789235 -0.4449997552940741 0
4.976230921255175 -0.5407055340432743 0
-4.21226501774052 -0.8655341740105668 0
9.822402863002955 -1.739345409634198 0
3.217373006920154 -1.917130780242517 0
-0.9737221301580595 -1.811648165047973 0
-1.971192328833269 -0.4180841976572148 0
-2.043599179088538 -0.5474797095560332 0
-2.121249288778548 -0.417950458387644 0
-2.195057231674534 -0.5510069786468977 0
-2.114644717832153 -0.6846087443213246 0
9.264759044636834 -0.5738270549166991 0
-0.4707401433605866 -0.5968622361229534 0
1.37399070782785 -1.077552073812221 0
1.460758448768533 -1.188941773746654 0
2.519381977937575 -1.90486771282442 0
0.6431761646409596 -0.2110837199770996 0
2.19407508193021 -1.800351830477807 0
2.060913057946895 -1.655991965283106 0
2.000981413521522 -1.845593856458181 0
1.867542788196107 -1.699971037783606 0
1.806115012135494 -1.889081347236981 0
1.675865264005009 -1.739778243979054 0
14.21218805811872 -1.32735826086293 0
14.22893722523276 -1.572022275424486 0
0.5542376303317856 -0.4214777052692005 0
3.433185738924356 -1.888293355123928 0
2.103491665992762 -1.46415030255024 0
-0.6848080076147409 -0.3213093894479059 0
-0.6298989082713551 -0.3951944058324726 0
5.933974310352456 -0.4765796694046947 0
5.784583877093704 -0.5354495414134665 0
-4.111931217021184 -0.6653362040690314 0
1.734274792989005 -1.558203549651497 0
5.561443809086377 -1.84454126882786 0
5.393145747684214 -1.698763834384889 0
-1.114736070820076 -0.3189965915029305 0
-1.007025317610199 -0.315336335925046 0
-0.3761203908172226 -0.5864628396556288 0
12.30601350821654 -0.6451226422541614 0
10.00304493284172 -0.5522589961559106 0
-2.274735975163479 -0.4182504308166995 0
-2.352465681445991 -0.5552814970185285 0
-2.434885454024371 -0.4181733042031371 0
-2.513527421826218 -0.5597494776866772 0
-0.7329881041439062 -0.2466490081836228 0
-0.8267839622921933 -0.2552083311241281 0
-0.6699278664960555 -1.947673529245608 0
-1.290354403483708 -0.6297406839418217 0
3.474825842402575 -1.663332849382514 0
3.622486413610386 -1.807894475658495 0
6.866353685321454 -0.7152624481686748 0
6.880861902989993 -0.5417059917578865 0
6.724726220555081 -0.6135237399147264 0
5.002020322748147 -0.3942176298495559 0
5.115114490401172 -0.4884765669401545 0
3.498938582843835 -0.7347376379277067 0
3.394389120608354 -0.6328467653684242 0
3.530221301449688 -0.5937574649216036 0
3.430601568099965 -0.4969538451676236 0
3.298504418312775 -0.5322781490716747 0
3.550372713578477 -0.4574262066647453 0
3.33746796067945 -0.4022538592898394 0
3.208853956236823 -0.4346909087320003 0
3.169432727307052 -0.5595667902395545 0
3.082319681748156 -0.4643515578583974 0
3.929981873734625 -0.7454069958137578 0
3.7926585283693 -0.6269948381199671 0
3.956781582025081 -0.5975945506440518 0
3.853813296591154 -0.49370476031681 0
3.985676679711327 -0.4612133406224738 0
3.884201636669452 -0.3669812463297076 0
8.382933192343149 -0.6752398243586732 0
4.608673307991944 -0.3986728793375845 0
4.473619380864971 -0.4429780308531624 0
-3.552956577974218 -0.8353802311418523 0
-3.67283587526822 -0.6572258856024364 0
-3.461601436401941 -0.6454532233936667 0
12.37016828678825 -1.806097957010949 0
3.119508990975762 -0.3432779205137676 0
2.995605972091983 -0.3716776854461528 0
2.957939872465286 -0.4909555332209278 0
2.873088750535498 -0.3992281240762785 0
2.837019224892503 -0.5163588769123626 0
2.754107871330163 -0.4240489741849429 0
2.792263520329267 -0.309911814594982 0
2.675147482070947 -0.3340058736505383 0
2.634885946470985 -0.4464463392296977 0
2.554914985912419 -0.355892874916256 0
2.517648504408684 -0.468705747868593 0
2.437468615252889 -0.3781620727395181 0
2.400912938277055 -0.4908913111687168 0
2.321928049522052 -0.4019266323247079 0
2.285676589951879 -0.5124826943475594 0
2.205441926644573 -0.4244178780824215 0
2.175930891665217 -0.5386765497103819 0
2.092777008129948 -0.4459942409344449 0
2.130560411863594 -0.3377064428094761 0
2.018665306161079 -0.3581386927434191 0
1.978906758768125 -0.4650493222215032 0
1.906983671850141 -0.3775513382660441 0
1.870708218825675 -0.479612307086431 0
1.79637003850713 -0.3957184553590012 0
1.76266431544926 -0.4901053653821346 0
1.690121688649207 -0.4096737690093469 0
1.72898820911344 -0.3110936924026787 0
1.621212713286268 -0.3283082758966777 0
6.931086398479593 -1.817341051775309 0
7.128810365328233 -1.724885035039433 0
4.013105809787387 -0.3298784470025228 0
4.112729213977618 -0.4195875271071997 0
6.197665144933369 -0.6741808465816679 0
6.217884933138294 -0.5101174742708698 0
6.349130417936303 -0.6076655498197419 0
6.363978748990563 -0.4440118651775385 0
7.337377542188008 -0.6621489232375086 0
7.3471066374176 -0.4852894527255524 0
7.493104533007394 -0.5815243636465277 0
1.582417580613026 -0.4439946167543598 0
1.514223157753209 -0.3455659799374839 0
2.688661114153474 -1.350521981503709 0
-1.081140471074793 -1.6596927114618 0
-1.167429290996102 -1.831257281729148 0
1.076324767879382 -2.01088285686688 0
10.36460916158359 -0.7534863274102871 0
12.51454392987587 -0.7408085907569062 0
4.440738453084888 -0.5825043375108891 0
9.622261283269246 -1.86685601328287 0
6.732524080554161 -1.908522397586237 0
6.555366827686116 -1.779029431397069 0
6.531299836797364 -1.999291939745187 0
6.350363817582691 -1.869505717528984 0
6.380642757364745 -1.639382764169997 0
0.7613300277326691 -1.892601424807546 0
0.6283162438272984 -1.734115053221581 0
0.5671334976825015 -1.919697107062694 0
0.4399166222612281 -1.758224616414451 0
5.805972251580572 -0.3810134218900852 0
5.66113759588082 -0.4372807205340319 0
5.63748438282055 -0.592037615504196 0
5.517669190380925 -0.4922437463731311 0
5.498300720591637 -0.6372765449384445 0
6.738838982973534 -0.4459642485272222 0
12.15783371174969 -1.697818773260325 0
2.356449132123979 -0.291961280479245 0
-0.4864219294743502 -0.8725738739722357 0
-0.473871898098286 -1.919241981240122 0
-4.320214992567802 -1.053944364236656 0
8.7192517126767 -0.4938789628674992 0
-2.597230908309243 -0.4199533191369165 0
-2.681609371455106 -0.5627609595441845 0
-2.767072581632078 -0.4199487456392018 0
-2.860288580462948 -0.5768190440843661 0
0.3600899488384051 -1.935877702560158 0
0.2490756561094591 -1.77867019525441 0
1.554135148122356 -0.2499506345584889 0
1.452636485920034 -0.264015556750851 0
1.414655395026195 -0.3571406672051567 0
1.353697268644008 -0.2778107792531481 0
8.89925035880621 -0.5841668012066057 0
10.19455094266882 -1.513716526239546 0
10.38950169807004 -1.625646072612452 0
10.36131137406959 -0.5458372321734865 0
10.54130835492169 -0.6454585907707698 0
-0.6482218420824505 -0.2382973805800617 0
-4.195817399243952 -1.258754436638444 0
-3.575313890834909 -0.476811576862378 0
-4.334015247575746 -0.687512691972878 0
1.947329451495408 -0.2742630315858514 0
5.936349625226919 -1.881531069043398 0
-1.479330201559981 -0.2855791167343324 0
1.315701570247766 -0.3682801419634772 0
1.257310211047026 -0.2898400900207662 0
8.390157725809035 -0.4885279714607705 0
8.224883854081231 -0.575712562231979 0
1.490006354236803 -0.1734562738276541 0
-2.600145304630301 -0.7030584361116921 0
5.358853776894042 -1.910422638721341 0
5.198690590852436 -1.778317764999133 0
1.218425651564011 -0.3792416582368512 0
1.160902647339895 -0.3020350681275962 0
1.116878828294468 -0.3904994309369239 0
1.065353094949565 -0.312679999928343 0
1.105572167428183 -0.2273291361029279 0
1.013497111160793 -0.2390687873927907 0
9.432054749485003 -1.741728469667686 0
3.666165017751766 -1.587147487212146 0
3.808435526488329 -1.736848017318857 0
7.501103349835621 -0.40675699518247 0
7.648544636777854 -0.501688741657813 0
-0.3999381363916734 -1.709225441753694 0
-0.2792891578731499 -1.884029134317975 0
-0.2032397543010984 -1.707210638358119 0
1.609340016463964 -1.930537861167904 0
10.19755130899368 -1.740679696158637 0
10.39381703563231 -1.855427174855967 0
10.59173952778256 -1.735459485538021 0
12.5839937772883 -1.915215991826095 0
12.78533541151335 -1.782566473473298 0
9.818217952795635 -0.6589156006519039 0
0.9747301314778121 -0.3200589071957649 0
0.9243671161238711 -0.2482702758497826 0
-1.809374411402523 -0.6667404103472016 0
5.541127522613736 -0.3410553205456029 0
5.399493307018251 -0.3937855587311717 0
5.091497930360355 -0.6350906644229745 0
4.845012573167712 -1.371441278480876 0
2.362444711781071 -0.6061410541138637 0
12.10521183147059 -0.5429629803912214 0
11.91867444913348 -0.6649974242656498 0
-0.09524071017818059 -1.851461999843292 0
3.933637847631537 -1.347130076589028 0
4.047880751916395 -1.478367905288943 0
4.385380527902651 -1.365295392080256 0
4.51742856573041 -1.490512263502793 0
-4.425483653090446 -1.251843141538839 0
-4.300644876540665 -1.465202352564443 0
3.494611600426155 -1.31483943986773 0
6.894483645505734 -0.371198882448029 0
7.107753543133009 -1.935577734936848 0
7.310653179546295 -1.847353806108697 0
7.320864438385826 -1.629661199970828 0
7.509758189011973 -1.75073359791955 0
7.639867476372313 -0.6786991125337197 0
7.79934615651894 -0.5988279615246102 0
7.810859645689852 -0.4074271586914968 0
9.445224493379106 -0.4729871122339606 0
2.595215766515784 -0.2521908907515006 0
-3.375157630914442 -0.4708044646350847 0
-3.261731241949002 -0.6303588517361409 0
-3.174969758161522 -0.456042789632614 0
-3.783623991727236 -0.481068504716368 0
9.819288194606614 -1.986157020658109 0
5.145810027488392 -0.3482952150299174 0
1.544008114586609 -1.596530380443539 0
1.725945519572256 -2.090863450375761 0
7.198639787016671 -0.3909886238197106 0
1.074437127109539 -1.121714552921205 0
10.59577641538197 -1.967996106871458 0
10.79123146447515 -1.847982046964084 0
4.502634207691602 -0.3133373096259425 0
4.36867081328482 -0.3485835945306723 0
4.339567978605325 -1.554916361632559 0
4.485140481797176 -1.684582373081753 0
4.289285374900347 -1.75163437865069 0
4.440520162010267 -1.884118935793264 0
4.641736304601831 -1.818972042090164 0
4.243495340526909 -1.944174156043246 0
4.605759752367 -2.037859084605524 0
4.806901836288928 -1.955834606807745 0
4.835366194178285 -1.740439076244555 0
-1.753022495175661 -0.3042840766030654 0
3.770290313594031 -1.952900910254473 0
2.923542240525257 -0.6111153286905454 0
0.5149559154000107 -1.588147110218091 0
1.293876774403388 -0.2064601043716781 0
8.235767999588264 -0.4015571992085082 0
-0.1585034591318756 -2.019024352579871 0
14.42261485013545 -1.422034569650943 0
14.41083579825382 -1.196229960980173 0
5.232609716664516 -0.5846581944929838 0
-0.02531690619497403 -1.675720116825415 0
5.205852301013116 -1.560981981933882 0
-1.280558709343986 -1.680697003238265 0
-1.365985719783094 -1.853591572269619 0
-1.481677155091864 -1.697372475206822 0
-1.568404315741535 -1.872911912791175 0
-1.685827506735155 -1.712713783170751 0
-1.775637363467364 -1.893088533564559 0
-1.074812107306238 -1.357622206838528 0
14.43536542791488 -1.666741182014633 0
14.24783725051598 -1.80413970467854 0
12.29179526408926 -0.4218846410505357 0
3.026086530026855 -0.2612963393387622 0
3.136782708848708 -0.2369711736065269 0
9.818097552827556 -0.460254463344168 0
1.584022776997236 -1.420177437470287 0
1.787301003988352 -1.388468013520665 0
-1.062208532416033 -0.2234263550656879 0
1.3749772413835 -0.4474927557848301 0
4.142853600798325 -0.295972497434524 0
0.9628867320790835 -0.1781714968697827 0
0.8768722421365402 -0.1851474200212651 0
3.035872074371603 -1.956644156264038 0
3.168744515140696 -2.123155839010299 0
1.317164696603651 -1.213260648565182 0
8.914979578950195 -0.4046732745199116 0
7.501084767184835 -1.967034024536397 0
7.698173765141499 -1.873518193423989 0
7.69954726420116 -1.65024159501868 0
7.894535656814494 -1.771818177271686 0
3.758303017004472 -0.4010993049153357 0
3.790411138121641 -0.2802798600064764 0
3.670038903384158 -0.3059853315005317 0
-4.214471534309418 -0.4891759025585912 0
-4.437912211319325 -0.5047090447058223 0
0.8424685290289329 -0.2535915022627815 0
0.7975043481261912 -0.1871882393844023 0
6.235718336648596 -0.3552316029570322 0
14.44924926604513 -1.911901534690563 0
-3.677378195835058 -0.311572303594775 0
-1.171086677643059 -0.2333732998275024 0
0.1624356054336255 -1.960818128553488 0
8.083174265025125 -0.4737138869583085 0
8.061846542276577 -0.6605692176841325 0
1.263397322755074 -1.990443451792909 0
1.326991142352891 -1.801057234742798 0
-0.4327501471778186 -0.517402145955054 0
-0.5146877829988169 -0.5205668845913455 0
-0.4769588035729331 -0.4426564583128552 0
-1.890831010477781 -1.736354417778362 0
-1.984690232535572 -1.913967641977845 0
-2.093748074747908 -1.753432877283261 0
-2.196992834234328 -1.932112270537863 0
-2.066611500259347 -2.109475917419835 0
-2.308935816678254 -1.738148853737993 0
-2.415779266690146 -1.953010600579488 0
-0.9567702539534038 -0.2199364637198068 0
5.955588433022957 -0.3269926304535696 0
4.888819761381662 -0.3090213844645791 0
12.17390715534326 -1.926888910247376 0
11.95548786153419 -1.826195703373026 0
10.54288455682952 -0.4451890583761089 0
10.71925731889744 -0.5345449324337872 0
10.72419743214573 -0.7435387871602638 0
10.90139984551124 -0.6362425882864026 0
6.594978217376596 -0.5006201182093211 0
6.569981865898368 -0.6825112571839654 0
6.616089659831418 -0.3403528260772071 0
9.276287033916962 -0.3488971048769763 0
-1.443513591848149 -2.07963713418556 0
4.990981050578808 -1.492521593192657 0
10.39807850055186 -2.076588580000037 0
7.864103544405815 -1.551661199052679 0
8.086534064428884 -1.62793807237481 0
8.081748658059087 -1.887370280956644 0
8.28249302408264 -1.783085337001957 0
8.27350713220148 -2.002161973733605 0
8.4812227258292 -1.875203700622735 0
-0.7766733743344858 -0.1616215956949247 0
1.940646339039435 -0.5465037430737091 0
-1.608322951538748 -1.555907063646962 0
-2.029044955013183 -0.2983073267738175 0
-1.078346077000361 -2.026486293363579 0
-2.541015888887693 -1.785051721442102 0
-2.637918546700091 -1.973454716051238 0
-2.766037119559787 -1.798907853887186 0
-2.863802763302995 -1.986669994913634 0
8.314368910358226 -1.544481037687161 0
4.763144945939884 -2.178182345939172 0
9.423410361265384 -1.975241205535941 0
9.225871024474872 -1.850767846406432 0
5.158977393563314 -1.988879697960804 0
-2.953104711510021 -0.4266669375424468 0
1.415430771721386 -1.337458363422645 0
-2.741654210919822 -2.19047747679936 0
4.091531758183006 -1.807678771620731 0
4.071651443151116 -2.023935507746993 0
10.89448546307113 -0.4281569053388065 0
11.07848870860975 -0.5269702564854484 0
11.08575108941388 -0.7367589156918238 0
11.26582511075518 -0.6251919304565359 0
2.133787588032596 -1.980814733743768 0
5.613500193162412 -0.7484366712596653 0
11.07169462221591 -0.3187665617724529 0
9.095969573201669 -0.4764693996429953 0
6.382830110680085 -0.2716235965940718 0
-0.3414857654451924 -0.5049518272328011 0
-0.2939459586867442 -0.5739633955969538 0
4.048819655707445 -0.1980198212777402 0
-2.502848591810563 -0.2763072393547154 0
-2.861864105703281 -0.2644939616078651 0
3.651368015936281 -0.5479419182404104 0
-3.049532272078321 -0.6062428612806547 0
-2.942368038071155 -0.7548222134130713 0
11.90929209282234 -0.4376378711701694 0
11.72408042163029 -0.562578085705424 0
11.71193748598538 -0.3467584701787068 0
11.54157378702561 -0.4439979505564122 0
11.50222958445598 -0.6674813671666012 0
-2.99310215396877 -1.809606228542839 0
-0.5281709506982051 -0.1759134344001806 0
-0.6032530213650086 -0.15657047771089 0
0.3667712521308178 -0.4171156774574424 0
0.4348232010011973 -0.4338173907556554 0
0.3794444354005634 -0.4872231198400216 0
0.456294989271541 -0.5068263400277371 0
0.3982244258462775 -0.564297161713475 0
0.4816490600016596 -0.5832010715230863 0
0.4249906862918588 -0.6450658776176609 0
0.3410974557629465 -0.6218270954920198 0
0.36284589276968 -0.7079781581840878 0
0.2785357617999932 -0.688418502874936 0
0.4524529714086664 -0.7515499778081187 0
0.2913819855519939 -0.7749150752359641 0
0.2069998225587981 -0.7491172423342541 0
0.1971217377274578 -0.6539893007169176 0
0.1210626889162931 -0.7210702806810059 0
0.139188511550157 -0.8130139952756187 0
0.05023842286959591 -0.7829446426394018 0
0.03392298598067215 -0.6827744263676241 0
-0.03713427791646029 -0.7508928691788657 0
-0.05511303638576377 -0.6623808815673133 0
-0.1273192359839276 -0.7258923003180461 0
-0.1084672588184374 -0.81605616785341 0
0.07104862646247398 -0.8793757598675529 0
0.1712784848559603 -0.9041412436452833 0
-0.1965386867626794 -0.7829852620654437 0
-0.1872387987952993 -0.8897548501680445 0
-0.2132403729746148 -0.6859299680258795 0
0.09075698165651221 -0.996841924695077 0
4.63336363719552 -0.2675514937863681 0
4.372649070988449 -0.7250491241214687 0
4.21899927357128 -0.6443189916487684 0
-0.4679427814944449 -0.305784331785985 0
-0.5385243896244949 -0.3025283991351948 0
-0.4247342976082257 -0.3785929265863395 0
0.1785821991670572 -0.5260861926770561 0
0.2268446061343164 -0.5723504305755357 0
-0.1151647736430794 -0.5471195570816452 0
-0.04412608079876882 -0.5682231423704215 0
-0.2552804062808436 -0.5037136622153061 0
0.103895437880254 -0.5566489493622627 0
11.56221574020788 -0.2727544155722797 0
0.5400155481839792 -0.5178998250999375 0
-0.6188803454379447 -1.036010335003329 0
-0.4667986218330844 -1.056122254102571 0
2.600193231476384 -0.5705231840210589 0
9.079211987213801 -0.6767555091040632 0
0.4726639946406338 -0.3120183220136527 0
9.632081163997562 -0.7673595555259488 0
-3.133750234940314 -0.8010310957326954 0
10.60940133906877 -2.234552386944908 0
-0.1780186311770947 -0.6044283865767435 0
5.31524267234986 -2.11291226710908 0
-0.6953801229395279 -0.603571897570677 0
-0.6541203754775623 -0.5019090628046383 0
6.329385440775335 -2.106590948096306 0
9.635045456974836 -0.5608621928481878 0
9.62811062332603 -0.347088964565437 0
-0.9296641497678901 -0.4034656243607089 0
1.918357150226762 -1.516008229160829 0
1.968463881901386 -1.342728828431065 0
2.138565305035732 -1.285415134704388 0
2.280858444635177 -1.393131170930331 0
2.48945638860327 -1.382117651566198 0
2.000072155983109 -1.197594001750556 0
10.71546554185833 -0.3286866141643376 0
-4.54865340204268 -1.481278324443089 0
-4.400982896324489 -1.68530389316304 0
-4.168415346686399 -1.666786219866174 0
-4.272815234454836 -1.87823722364924 0
-4.038707901971804 -1.86421004639654 0
-4.507061030669864 -1.889151898630127 0
-4.177409685957918 -2.076434750960848 0
4.082106075768482 -0.6959654398369326 0
0.4793763884252552 -0.9613119623757529 0
0.4141834975599076 -0.8678492944441139 0
0.5186508680218853 -0.8459595800451487 0
0.5569432207006884 -0.7448848431633768 0
0.6115761531219702 -0.9299890383967311 0
10.37224646840343 -0.3358587257054257 0
-3.090239745607979 -2.016774545418502 0
-3.223892992827813 -1.80011220370437 0
-3.321684965507719 -2.038660974260033 0
0.8281020242867473 -0.1154321275658393 0
0.7400302358836173 -0.1241296093393278 0
0.7198103562456605 -0.195619981844005 0
3.867371698489544 -1.534915233864004 0
-0.183375382656245 -1.019776292807263 0
-3.455400932693515 -1.853520833766879 0
-3.555928851278171 -2.060021608666467 0
-3.691702382962467 -1.866219318581606 0
1.199933551010748 -0.218032812556336 0
1.153974397876119 -0.1456904859211851 0
10.01074831881012 -0.3367376320672795 0
0.7015250307369548 -1.549666679913117 0
0.3083685086049492 -0.4625263610857032 0
0.3108224037674152 -0.5465872883843991 0
1.837098678834994 -0.2942540102161511 0
1.771628004849456 -0.2176185176200069 0
1.877563743483826 -0.2052299964872538 0
1.657304444514978 -0.2193904704511028 0
-0.1210922295509848 -2.318758198415448 0
0.4846325305302158 -0.3895735213233663 0
2.244147768242351 -0.3162273917726475 0
2.168182552642216 -0.2351529683088627 0
2.282645182014228 -0.2166838418952462 0
2.384485169080815 -0.1878815674825616 0
2.471051198117099 -0.2546335911556289 0
2.055326832762125 -0.256349599362251 0
1.97867401100438 -0.1678308000084022 0
11.96894893794338 -2.070672372021998 0
11.74927855007658 -1.946331562687757 0
11.74402065831441 -1.715035947129334 0
11.53870699250606 -1.842462130997815 0
0.5919869903293147 -0.1586224354735108 0
1.388228488951936 -0.18889153114681 0
-0.5461430857809821 -2.109997071602682 0
-0.7587076737355758 -2.135653220269159 0
0.3291496139586774 -1.612180092719429 0
6.510740984434889 -2.22740128239337 0
2.41143703818307 -0.7374681912569703 0
2.267310925792204 -0.7844846814610016 0
2.175158176646547 -0.6709884018796252 0
2.033535919419043 -0.7051342915738679 0
-0.8697764674705696 -0.1719300961037298 0
6.176883925177875 -1.736025834132292 0
6.109193574287914 -1.526729790861342 0
6.317490227689981 -1.423850797927804 0
-3.344471185787141 -0.8221598093628975 0
1.053314590575938 -0.1539745482752991 0
3.915765138189978 -0.2385727870683083 0
0.3755702565095567 -2.301333158558893 0
4.050287469966005 -0.8523184109492619 0
7.684612855328663 -2.100585280602682 0
2.909751504460085 -0.2853650669271472 0
2.82393077677919 -0.1876052646282756 0
2.709362042266708 -0.2318327555403612 0
3.457141021255332 -0.3665054679706963 0
3.360356893229379 -0.262695156292696 0
3.483037800242863 -0.2344534009382684 0
3.236249473679854 -0.3126271045396388 0
12.11020749558184 -0.3203123733905121 0
3.81303291684573 -0.1653135137443372 0
6.083426745479493 -0.4164034728158604 0
6.105828224790809 -0.2534493712464618 0
-2.992567311508225 -0.9710928392692846 0
-1.363939107350677 -2.301600552157264 0
2.686330498639108 -0.6750206374845462 0
1.752836010220056 -0.7661242990911991 0
1.803078808255003 -0.6562668614758934 0
1.668586136763987 -0.672920907444245 0
-3.991131728725756 -0.4887205983354508 0
12.799875059421 -2.024200115687926 0
13.00256536309643 -1.904215131087725 0
12.60140051840734 -2.148794651560733 0
1.125571300790876 -0.5714911606258307 0
1.012487781713556 -0.5910024596287811 0
1.068465020579632 -0.4865400779672491 0
2.87989038717365 -1.317862148084184 0
8.898992960197264 -0.7811128720647033 0
-2.352177208748197 -0.2789829810569807 0
0.1118646488693277 -0.6357804796681572 0
-0.3099390625770362 -0.6643826315744626 0
3.20251653683274 -0.8135231198945783 0
3.090255997519315 -0.7096219759731899 0
-0.6864838051634241 -0.1721359583615777 0
5.031956752835109 -0.2488760467030134 0
4.498533108479807 -0.8535012757255246 0
-0.9316065287924069 -0.1016809340962952 0
3.613345080709625 -0.8407412033757991 0
-0.5801449409972292 -0.5893879946896901 0
9.210583618195596 -2.096595401312167 0
9.018232504209871 -1.968010149432338 0
9.617427785000107 -2.125506252433324 0
9.009796531235859 -2.21114788936403 0
9.84838626822812 -2.262061428467427 0
8.782291838871442 -2.101076756318152 0
8.818469396726123 -1.844867456824927 0
2.776198657794397 -1.188798173294436 0
2.580602304101469 -1.217442821236525 0
4.745925214291322 -0.354567524192831 0
4.775555030310689 -0.2095948918233439 0
-0.2743266657654884 -0.8291878008449431 0
-1.616828047363965 -0.3038629027114823 0
-1.547255792444222 -0.19567211113976 0
7.359543287621777 -0.312161785487477 0
7.209506440082029 -0.2273751431056423 0
7.513461826162832 -0.2394004275331978 0
7.652254386975285 -0.3256064434059584 0
6.139183108603486 -1.975010758049234 0
-1.353400905140419 -0.3104835536595543 0
9.814952771495031 -0.8695443412651249 0
-1.172732232726207 -0.9513031230618678 0
-1.264220164075048 -0.8321158215057941 0
-1.103801759145207 -0.8155407626206315 0
-1.410283306327673 -0.8370165141119987 0
-1.020436748258053 -0.9459883073371598 0
-1.488847151690036 -0.9614362948763526 0
-1.657135328873031 -0.961162331754857 0
-1.568172444360999 -0.8013271739880897 0
-1.723764679675129 -0.8130047914279424 0
8.562795732205759 -0.4083432664266057 0
-1.88482597311417 -0.304288619899024 0
10.18935873456136 -0.4518011835618002 0
-1.231725336857066 -0.3196560445985381 0
-1.285835777184928 -0.2168186333376911 0
5.4271708267036 -1.491479123240691 0
4.932344351924397 -0.8521267595194606 0
7.038462934545962 -0.4677856750359729 0
7.050957758805537 -0.2966066842706688 0
6.908169044742614 -0.2140749824981898 0
5.957760435671998 -2.110887244677821 0
5.744762000389565 -2.034146984156374 0
0.8915177770167048 -0.3212421138777533 0
-3.390880313702426 -2.276756713687657 0
0.8757788129164732 -2.280051204477213 0
1.125955913837598 -2.321260294227162 0
-2.174308285672958 -0.262342391769656 0
-0.1304941250148043 -1.540166311704801 0
0.03707314284786344 -1.51362628515392 0
-3.437311862753412 -1.016310025970672 0
-4.788141902202248 -0.8734216313073978 0
-4.563729549012074 -1.026676927266492 0
-4.571593130694189 -0.741620109689326 0
-0.6062764594727987 -0.07096844422049092 0
2.21440568510971 -0.1378724088777755 0
1.891204660066794 -2.265199102770791 0
6.595877064479893 -1.565741549470887 0
7.147041355247723 -2.291252242338076 0
2.943645380985694 -0.1791016757930576 0
8.078686401910929 -2.112631782115527 0
6.845178613404178 -0.900147315031815 0
-2.603393927702795 -1.00091326712754 0
-2.218918611144289 -0.9882468679574267 0
-2.326374974648843 -0.8436105612176661 0
-2.030630354571558 -0.9781548216657403 0
-1.986272766478433 -0.8173268862734753 0
-1.390580726898548 -0.2032698323416865 0
1.623487815912706 -2.295255471958337 0
0.9473872169086459 -0.4966649634500185 0
-0.5027046044922768 -0.3692818658051602 0
-1.869638790871236 -2.276117353710799 0
-0.9409031616954668 -0.8227533429874467 0
-1.199828046578923 -1.499342344890807 0
8.373144625029834 -0.8732668953103937 0
-0.9081923605664151 -0.298714918493465 0
-0.5699509730896491 -0.2358214217183574 0
2.380797954474095 -2.305060158076596 0
2.624493901219349 -2.300973721672565 0
2.724684806150212 -2.085110914963828 0
1.718754956376942 -0.1395838256794886 0
5.687616510458673 -0.2955674440183802 0
5.829854594030663 -0.2310006084458354 0
9.078019760833865 -0.8779472404663855 0
3.356920488995276 -2.270295682030843 0
3.517472895287137 -2.103602264127785 0
3.859938376042716 -2.308408857474205 0
4.094047373469991 -2.269715756247455 0
1.618876002558093 -0.7920205542970322 0
1.539250607623833 -0.6801969746937501 0
1.599545825213162 -0.5711874794971287 0
11.54303042669797 -1.602862371644358 0
11.33671034848149 -1.73219765003476 0
11.33910343026218 -1.974321214102634 0
11.14029810162119 -1.854539655911059 0
11.14674412491781 -2.077085095842786 0
11.35835741667843 -2.237749158231262 0
11.13374097197238 -1.619328074533535 0
1.224659214658535 -1.101692365381334 0
5.429024110624847 -0.2474191126140956 0
5.289172556062464 -0.3070017273906014 0
-4.784083676234881 -1.376021957055318 0
-0.76273222749933 -0.08839340714285832 0
-3.952027428175514 -1.638020987560705 0
0.611754222767148 -0.09290211778252341 0
0.6639690887186511 -0.1407039170918857 0
-4.775465597908187 -0.3676863228296063 0
11.927838179986 -0.8918451584605098 0
-0.5476878610183249 -1.584694992404706 0
-4.189005185776166 -0.1759723356743391 0
9.0438089182508 -1.731271727495781 0
-4.635103978642361 -0.1754692555673471 0
8.372686650530644 -2.322151671241867 0
2.937343064704391 -0.7557458141407547 0
9.627817533094014 -0.9787642142328218 0
8.895057163238979 -0.9836303224385772 0
8.083505809479144 -0.2996862427915348 0
14.78600879774548 -0.8755133533280286 0
14.57066400153926 -0.7514870037625696 0
14.55604010170068 -0.5235109089163628 0
14.35493875951397 -0.6334257213096648 0
14.35834194605609 -0.8732865709110351 0
14.13575738979524 -0.7868628716862673 0
14.15063000012079 -0.5095255508834313 0
13.93863076678331 -0.6319203949671249 0
14.75498834902331 -0.3755038021959034 0
10.3712390764252 -0.9650456693785141 0
13.67543222817833 -0.2000091810469009 0
13.79001607574591 -0.4037658104564465 0
13.55815522875993 -0.4013308278689023 0
13.67751620526134 -0.6096046242103896 0
13.44156977840391 -0.5870037258454583 0
13.78516049480534 -0.8228941543318358 0
3.40994007987008 -0.1652994533476148 0
3.599978116634926 -0.1818867626301999 0
0.7494301080818373 -0.7279358477890179 0
8.486140881871236 -1.670845660815746 0
6.759251186263315 -0.2800985465949369 0
6.628555032471594 -0.2004266844019347 0
0.8065295266276805 -1.406868937571957 0
5.271728184952214 -1.367049624197353 0
1.581978848713235 -0.1611542051277002 0
7.134643216000446 -1.513516885653629 0
12.99146698896475 -0.1936913621670026 0
13.10264620495341 -0.3902567619928735 0
12.87789969092568 -0.3864422104912488 0
12.98738119527986 -0.5853234703176691 0
12.72643006694467 -0.6058269856520433 0
12.88970277541942 -0.7594794402960496 0
13.12084430305672 -0.8007849323183507 0
14.79358491636276 -1.375248516488611 0
-3.198136092809113 -0.1522025041002418 0
12.52117485051607 -0.9744349954862981 0
12.49416074152269 -0.5208653217900965 0
4.664064453915055 -1.616124422262775 0
8.484087513776855 -1.471956974566601 0
14.58347990464955 -1.008591390015294 0
14.18726539952051 -1.064981185046476 0
12.31306453269094 -0.2010302896813479 0
13.87420595309158 -2.283952092249945 0
13.7514716885396 -2.068431201448329 0
13.5029162387797 -2.068919566541565 0
13.6334589577474 -1.850295378504828 0
13.39068328369528 -1.849254638031487 0
13.22636133460687 -2.045917744992037 0
13.50391023030805 -1.642792647970539 0
13.25981201270261 -1.642504022895904 0
13.87720303196322 -1.864615816817707 0
-4.754076739942527 -1.885622942463112 0
12.38303809547659 -2.279273420154096 0
14.24086286359412 -2.06561340197165 0
14.50775947005906 -2.126226593374692 0
11.95064870723191 -1.587135789588779 0
-1.097202141711306 -0.07850793390560125 0
7.495039452267186 -1.534553545073716 0
14.15391882521334 -0.2433701029896336 0
6.19011306068792 -0.8514269587647296 0
7.330914409314115 -0.8449417919474331 0
13.98794346903539 -2.077489276152113 0
13.11580469529011 -2.285314425043434 0
4.344694884185335 -0.4746248262656972 0
4.239787711915159 -0.379365817831121 0
4.266759903649008 -0.2577674331927871 0
3.311126573216343 -1.532625281071129 0
-3.887667747840954 -0.6656100623576739 0
13.37010093092785 -2.280733474560915 0
5.209540459247829 -0.735287885621756 0
14.7837176532429 -1.874612013361945 0
0.9638236112683418 -0.06259647638634493 0
-2.567728850522746 -0.1367918265314658 0
13.44541893995639 -0.1982349919830469 0
8.014603245811079 -0.8363666133491849 0
12.76822718469605 -0.189443053486853 0
6.512980818587051 -0.8473658960227781 0
-1.294648923556312 -0.0829643125370465 0
-2.264119862166345 -0.1310723189315424 0
-1.992700074268093 -0.1088439659843079 0
-1.744195330546285 -0.09983111861421626 0
13.34306339503347 -0.9237978473805826 0
5.368076778136889 -0.8356205874856082 0
11.53188890835859 -0.9123679662335407 0
9.92386988907138 -0.159795919689556 0
3.642778714426404 -0.6896578539099978 0
8.172925783219087 -1.391797145462118 0
11.72322084886096 -0.7860631828174529 0
9.547948371174787 -0.163251384639437 0
9.195184197322828 -0.1596074606301926 0
1.120296829528972 -0.06972234703551697 0
3.251441840649465 -0.6706239779224399 0
8.841972014872209 -0.1449659727503167 0
13.3297603973052 -0.3931933947308955 0
8.502664961052016 -0.142982134090183 0
8.170954794304034 -0.1399678415394675 0
7.906768567278745 -0.2771291763413846 0
12.14966524832749 -1.461188097365613 0
7.671011908667058 -0.865170014135295 0
8.410508529993194 -0.2996306280002452 0
4.545117805637251 -0.693887130244194 0
10.90654269776765 -0.8475369192102705 0
6.337015965863333 -0.122457694041131 0
1.290461907528337 -0.9724266383283072 0
11.24128155521868 -0.4119915606383877 0
6.057872025394942 -0.1188626307003682 0
5.514253647964422 -0.1134997554939343 0
0.9302744940325083 -0.3975079559134483 0
5.25666483779941 -0.1072701958646216 0
4.994141799482647 -0.1112980856096138 0
12.76522617407189 -1.544906138609689 0
1.282425709337833 -0.06771806639722289 0
1.51820768983263 -0.07629809127458259 0
1.442323340174305 -0.100742403855352 0
4.499002623515064 -0.1069230793266918 0
8.208300247978945 -0.7652823818158773 0
4.276618892000235 -0.1235333405787854 0
7.838980504718856 -1.346551975306482 0
6.698063918263419 -0.7900188476141581 0
3.187493578969191 -0.08658077260265752 0
0.6911404791637568 -0.2699269495112853 0
6.626735895767625 -1.365456805583304 0
2.782571753102289 -0.08409267909108196 0
2.586051990786978 -0.08342143708713182 0
13.01556397799068 -1.655597345903431 0
2.392421818448559 -0.0898606164493863 0
5.725230727892059 -0.8698989295283842 0
10.20567400988772 -1.957874238975646 0
9.44001670781366 -1.515957154474109 0
6.339450662960786 -0.770187272837956 0
2.035678815815614 -0.07887615055004429 0
1.861276414558198 -0.07169938832033723 0
-0.5619175720398386 -0.4496047912129484 0
10.57928611203065 -1.509176536301436 0
5.489987315740177 -1.304054518778352 0
10.54806147648291 -0.8526986571772723 0
10.00639714492675 -1.403305371154401 0
10.77368624924678 -1.617145504672263 0
-3.637515850275559 -2.285329773006226 0
0.9756890335975444 -1.01892212353492 0
7.815225199448379 -0.7661818671885424 0
12.38724130644972 -2.032391138617998 0
11.8673884733367 -2.298525782025811 0
13.21340772239286 -0.5870044915111736 0
0.2977344169607233 -0.8803106404600143 0
12.65159249813408 -0.374211189089681 0
7.885057293830218 -1.993302109866312 0
2.945456693964896 -1.15801701821341 0
2.262449277134428 -1.188540784969774 0
4.086276060856026 -0.5525202381209734 0
-3.972835503141162 -1.240764102433419 0
11.1475114986577 -0.9433978651625199 0
4.970908917541977 -2.102000123035085 0
0.6978723108763628 -2.084365147366598 0
10.30102055403465 -0.1618781721169889 0
5.255959334239954 -0.441485553391911 0
7.140653613083826 -1.311434145981345 0
7.288782228491458 -2.086166240101458 0
0.4833326231622261 -2.108002565395256 0
-3.291385056003997 -1.577573890379317 0
5.974927447517519 -1.273935533684359 0
9.257193060009284 -1.404449801495 0
11.32582439299066 -0.8229818687812298 0
2.097470950593637 -0.1580540936764919 0
3.248555575882927 -0.1918957449580596 0
7.486624789513614 -1.331237447618489 0
0.7973684230751539 -0.3911982275698 0
5.375387927183318 -0.5391735420122327 0
-1.514070903274154 -0.09188628663298437 0
-3.080680250512118 -0.3061701364692643 0
6.907252552936606 -2.029343788073685 0
6.708996046732871 -2.125618463261227 0
4.716414062225529 -1.252527836611578 0
2.900100645835416 -1.808686703224184 0
4.951329701197942 -0.6905816748981924 0
11.74437110655215 -1.478970555563239 0
3.813997111143848 -1.225888085165282 0
1.473040192344631 -0.4388376857212345 0
14.62279376511103 -0.1820762614288977 0
4.260260422882105 -1.244128553725031 0
8.748176391151608 -0.3029592148294072 0
-0.6005145021613149 -0.9054727829684713 0
1.024117165654597 -0.3971322293328061 0
-2.428505450955321 -0.7010690703292134 0
2.719324907199943 -0.5438200929579512 0
2.049503188443478 -0.5766726070341397 0
4.407143371415056 -0.2058491118468426 0
-2.845012820917309 -1.525071845489809 0
3.042910414567079 -0.5868198373713741 0
-4.072686372464098 -1.449735176118819 0
-2.509634187210319 -1.494926932164776 0
3.379744197749404 -1.196560302979594 0
5.524667390520729 -2.042687145988348 0
5.758863261728394 -0.6987148531625458 0
-1.683404384055087 -0.2010750396182015 0
0.1502700775844936 -1.636930251183499 0
0.2048743561955823 -1.462389274309283 0
-0.6323312000771204 -2.309399932511247 0
-0.2977061976373804 -1.568047808283815 0
1.241411756057219 -0.1387826401303823 0
-3.578327445620225 -0.1545252025202888 0
-1.660572499836838 -2.072512828914375 0
-0.09009383604916783 -0.9222647908477201 0
-0.3742010330450175 -0.8554665277823591 0
-0.9080843918488336 -1.348761565304153 0
-3.282481849075483 -0.3090899214203527 0
2.475000727554069 -0.5966088346282572 0
10.00808280580048 -1.627413116641506 0
-1.167844534963993 -0.6259704279660987 0
-3.47853141318576 -0.3141799237569696 0
-2.09822582757659 -1.455473189152311 0
-2.693586097283498 -0.8518817608295921 0
4.222877049548442 -0.5098570523285786 0
7.494755533504952 -0.7635210582584495 0
1.668138088692806 -1.271922932413818 0
7.847881975039965 -0.133201681064174 0
1.229882663730928 -0.8601898359335109 0
1.167635274743203 -1.233007026616604 0
0.4087076872857138 -1.464394747543614 0
-4.63750596131535 -2.304391714390199 0
2.984724544082703 -0.08709038532246073 0
2.724036473707576 -1.858821841377608 0
2.533650414933077 -0.1665982767823836 0
1.276448547895421 -0.4595105830304603 0
-1.947707280123544 -0.6737344580075876 0
3.610051345928404 -1.406155954251487 0
0.5112679468832408 -0.6670267481173254 0
0.6067064705267821 -0.6554784024883282 0
-2.669467060783329 -0.282579098461466 0
-1.255900426200224 -2.001962242876886 0
2.334439275323837 -1.947011159062517 0
0.06188774651898707 -1.370937908984573 0
-0.3491653120644773 -2.069912344174067 0
13.52126092637911 -0.7818213069102931 0
1.936988395040739 -2.034694743209534 0
0.000921303655206855 -0.6171106192847811 0
1.173660952511155 -0.4737134754036808 0
-0.8619764873139426 -1.966726946659744 0
0.2382516154914051 -0.9969331037404394 0
11.3420604865661 -1.494768845508348 0
0.6973124932917574 -0.6419689928080348 0
-1.669615206976808 -0.66779712033286 0
-0.9050226063320158 -2.30082720890196 0
-1.415394178535426 -0.6370360158757034 0
9.072831271649182 -0.2995373076280411 0
-3.76416833901536 -2.058148367454869 0
0.9937341502904958 -0.8959963082836978 0
10.79803538216603 -2.073007887195252 0
1.167157511504794 -1.660598758466697 0
0.2524809031273735 -2.125762309336087 0
4.045318641238359 -0.08023757250072572 0
0.7339664995798711 -1.286574456094147 0
0.4540408782630665 -1.314398113656319 0
5.080821514890781 -0.7954513434595485 0
11.54881790940089 -2.072434058501704 0
-2.150205221170927 -0.8362183623753181 0
5.194766965521953 -0.2206480161695394 0
9.247064374647834 -1.623855258669849 0
-0.5044799409175765 -1.428936182641202 0
10.0102229835155 -1.854981109289122 0
10.74210564364133 -0.9557863433678453 0
-0.2221923777208965 -1.408980850283823 0
-3.723353825324781 -1.639120846574644 0
10.95667618688034 -1.498653270203042 0
-2.510016231031449 -0.8490073617763968 0
-0.01848686381028201 -0.849345362600071 0
1.468319237174234 -2.10315884771248 0
5.784505398975475 -0.1084151079337459 0
5.36349588316665 -0.6827620527327363 0
-1.871430077394072 -2.053032455117483 0
-0.2920847139102276 -0.9335755808832205 0
1.340478594817366 -0.5395180527190196 0
4.759265415571253 -0.08763687214152149 0
2.493473395590084 -2.113369479874508 0
0.1624543319543867 -0.5902643441870187 0
1.89102509585524 -1.097368391308283 0
0.7610927387399358 -0.05889935917581086 0
-1.727733448101468 -1.413909719174236 0
-4.111891486501572 -2.288667060241173 0
-2.261208879621295 -0.6952992023181581 0
10.35080553758476 -2.291217915608959 0
7.618624359487526 -2.307202920568111 0
5.001981301858958 -1.872502803812599 0
3.71743825694675 -0.2056467835305249 0
1.268758019919962 -1.355555253402209 0
4.686978603879659 -1.428936347840402 0
5.851063724067942 -2.295350763775754 0
11.67689004209069 -0.1534179498483665 0
-0.9768311718408506 -1.501625503446823 0
7.315373822267651 -1.424452304784661 0
4.213033607750761 -1.428384568594131 0
3.769951967585255 -1.391259899020102 0
0.7664080169867568 -0.2591076488853797 0
4.407013302827308 -2.100403284388336 0
14.03482015277149 -1.696204027836648 0
1.489282609418817 -1.772056505219688 0
2.640496034505109 -0.1596359259662002 0
-3.773884314000979 -0.1597164274304058 0
3.342352820391977 -1.358778794333247 0
4.588998486928585 -2.304279132318193 0
-2.866481022809152 -0.11620901675709 0
10.02987354372047 -2.081600183440361 0
-2.124999999999327 -2.322509614760384 0
4.155970841499984 -1.620029561672463 0
8.864123007839684 -1.61302914715088 0
-3.876008705783025 -0.3206311770311369 0
0.5587560342697402 -1.433829538909168 0
14.34225218898592 -0.4135843102581378 0
1.128529361453842 -0.9763764236626762 0
5.175516258707876 -1.238016722689125 0
-0.6089082963161445 -0.3065325337995191 0
2.815490715568608 -0.6476788667062013 0
9.449176979575636 -0.3030977776759188 0
-0.4124998695934568 -0.953403192874047 0
12.95179076641428 -0.9730328551920252 0
-2.917192808648033 -2.316485910887729 0
8.678030178230735 -1.712179529238311 0
11.09925366732931 -2.290022370184476 0
1.342014309397587 -1.637158882816376 0
1.408927045768986 -1.490452837302612 0
12.99961346147706 -2.106859759016563 0
1.686195058694149 -0.0682946397411241 0
-1.809811083502034 -0.2005082499614543 0
5.951377037797053 -1.45214150774384 0
-4.381489558188311 -2.06819712814723 0
1.849978745975767 -1.238156078835279 0
-2.509049320743828 -2.13747393541151 0
12.69259438094376 -0.850202262956637 0
5.590716091403088 -0.215339430499156 0
0.6083443031964163 -0.4797363758853543 0
2.384045449197433 -1.27161597277805 0
1.601521839777237 -1.155560782268261 0
3.118163016630148 -2.321682028187481 0
11.08107184858407 -0.1362275409322268 0
-2.771782678502523 -0.7192911509288689 0
-0.3029258644835675 -0.4533815907987579 0
8.12499999999846 -2.327875204511621 0
8.500309598639868 -2.118528870743615 0
8.834352179948745 -2.322133306792717 0
0.07462010674940789 -1.814713232038072 0
5.37936688709771 -2.318171750908194 0
-1.802917830616256 -1.574303428333851 0
2.691869885512038 -1.064411845172505 0
4.924400690132453 -2.309909801943531 0
1.32389303225908 -0.1318183759983022 0
6.517973687792876 -0.2629800908942606 0
5.01871709632298 -1.665048501823724 0
0.2213166442955266 -0.8242996393902269 0
10.67912829536945 -0.1498768987321255 0
0.1839948189802775 -1.332554172227136 0
0.8244537317526581 -0.04682197640276663 0
-2.291371807813331 -2.105417062118228 0
13.60437480147792 -1.458046753217432 0
3.604720615604013 -0.07498838880216017 0
-0.108877583401603 -0.6084781986906367 0
-4.400363587518067 -0.8750576534351838 0
1.817448088327201 -0.1388793939762032 0
14.61431583815939 -1.250345444781058 0
0.8146781747215233 -0.3222711910916866 0
-1.020920770753268 -0.1502400600880727 0
1.431119439391683 -1.927582612498939 0
2.553697874992608 -1.071478659749779 0
3.981065461139761 -1.672406056801073 0
6.262477668815766 -0.2254703897761479 0
2.257921337881792 -2.131390635184468 0
-0.9990677475929088 -0.7157045007827226 0
9.830359771175063 -0.2909894539775824 0
13.99034855347549 -0.3855192206494928 0
-1.222922997014132 -1.340969830005804 0
3.388286714977029 -0.07966433331305919 0
1.437098222610595 -0.5242400148223181 0
2.263195364291508 -0.6032880703562068 0
7.775395252760604 -0.2558034508872484 0
7.942917852777396 -0.5298206822108829 0
0.5572319481162302 -0.5960100896008349 0
14.61110750197955 -2.315473858396393 0
-0.2308793281135047 -0.5676951248543682 0
3.560245166377322 -0.3216531961949915 0
10.95136450684999 -1.72782561723401 0
6.326057768890585 -2.311750459361185 0
-0.5700347082044699 -0.3623917856828104 0
-4.626841584637108 -1.250879882678861 0
0.001187869712253346 -2.143550696085443 0
-0.6522314732526369 -0.11513623893896 0
-2.575486976464588 -2.32821592123746 0
0.5503808763861677 -0.05253406875326966 0
7.525062321037376 -0.1055254629600825 0
8.655495452330225 -1.93890414132558 0
7.673523413831326 -1.443632286536596 0
4.840186662007083 -1.552418536640831 0
10.96581286481728 -1.952722463668978 0
-4.599049683519036 -1.711641799577074 0
-1.409525478914985 -1.539230275085153 0
0.6507710609124764 -0.736233875581777 0
-0.5505016635548408 -0.05239633738427898 0
0.001858304101276835 -0.9339936900226065 0
-4.583573995703132 -2.088938281579021 0
6.475591965225314 -0.3747038994397588 0
2.214895982975269 -0.05634139544352057 0
14.62317150467845 -1.50005001819168 0
12.11755594163566 -0.1388634617016686 0
-1.99412157237053 -1.58869435136313 0
12.4555212026111 -0.3435057407341056 0
3.716186322971654 -2.126046009103083 0
13.14827625913462 -1.480893674695283 0
-0.942983332646128 -2.139714816825791 0
0.4940007798637438 -0.4539189564951793 0
5.128229260612107 -1.409515204711651 0
14.35837248084497 -2.302927976649277 0
4.541410861803269 -0.205242425513249 0
-1.120439127826523 -0.1589286393506321 0
0.9146376893072399 -0.1244012684706423 0
3.047083215708139 -0.1664088555041528 0
6.129612822439392 -1.360573163826819 0
1.669229365145329 -0.4990404949695924 0
10.20132027036346 -0.2889154186822266 0
8.254271378213291 -0.254357885471655 0
9.179978271962216 -2.315235369171635 0
4.927185711001141 -0.1997858605637256 0
-4.083037941226104 -0.3176347063380341 0
-1.542712072234751 -1.400187773620458 0
13.18718026380668 -1.824280959966115 0
3.483188866686203 -1.477146634353042 0
-1.108014496212163 -0.6993594357259686 0
6.68017958403452 -2.319983361897737 0
-0.2689874990560221 -0.7440791041442094 0
4.232292880562957 -2.127759672475497 0
7.221484415211471 -0.09727998133439335 0
8.589476032277743 -0.2582844392362973 0
0.374227866449629 -0.7899656457580506 0
8.919894650500302 -0.259218603961383 0
-0.1479432107522912 -0.6595057171259753 0
4.181327227948072 -0.1973791004417202 0
3.939401703752814 -1.886241132447221 0
-0.2452046707057989 -0.6192799013256816 0
6.474281835573612 -1.452285201509563 0
14.81632966501752 -0.1843561830395223 0
-1.93969921878333 -0.2006164677480679 0
6.466607546509881 -0.5491081649701319 0
2.963366669047588 -2.127190074310921 0
-4.643663208006121 -0.5006203139132281 0
-4.828373006944583 -0.170903342983397 0
14.62770063078994 -1.754699752360392 0
5.321205577632775 -0.1976884027157444 0
1.541634314121842 -1.286087903621982 0
0.9959847301909219 -0.1203353525736931 0
5.980474101211628 -0.2083873849859343 0
9.622803969172216 -2.337632390976102 0
-0.4140186624344809 -0.4529449760187617 0
12.62248652947411 -2.347959774397304 0
3.338739329053524 -2.060495584107075 0
7.508992239283263 -2.156806848898175 0
1.519770317214697 -0.5168064128673244 0
3.654509296599125 -0.4171383615019134 0
-4.816987298107775 -2.31698729810779 0
-1.226158609118703 -0.1609831930255949 0
-4.30481040199171 -0.3283207893927079 0
-1.345627741841672 -0.7312436190420077 0
0.891561474636074 -2.052092303215165 0
14.81851412603601 -2.318514126035909 0
13.3161595020737 -0.7365313402147485 0
-1.213310516620298 -0.7223284584670537 0
1.71512837409721 -0.5791881160918263 0
-0.5777176678783617 -0.5153671833246555 0
0.601924888976166 -0.8192920284351748 0
-0.003100117482953896 -1.957913681820033 0
2.033926621649445 -1.068863915671837 0
-2.162469101015462 -1.605122365996132 0
11.39424184110032 -0.3150412777338452 0
14.06616693975625 -1.893064106149512 0
6.272076823013925 -1.277516542559213 0
12.21094000539459 -2.118075900908734 0
0.2749000405432825 -0.6186798011210023 0
3.823635373853125 -0.06839233354349056 0
-1.467167817091648 -0.7323941001012318 0
14.63728553633461 -1.989551149306877 0
11.74870738701479 -2.14409490026125 0
-4.534436766382242 -0.3437505755173554 0
0.6056202767837234 -0.03987186457909051 0
7.993553964862954 -1.436617034124448 0
7.068722118506869 -2.117649978972878 0
-3.964851456079102 -2.043757600690301 0
1.251221053362968 -2.165304798242832 0
7.926395482378452 -0.6707463456868096 0
2.730805602807531 -0.146677926545043 0
13.95777626509447 -0.8073308024653555 0
11.38654812922792 -0.4991208718535791 0
1.901668211787846 -0.1304125671276899 0
-2.839330313709305 -0.8605352858129645 0
-3.859985366121474 -1.829887972237812 0
7.968708253534465 -0.3944415437081132 0
2.455171406862139 -0.1560339239721718 0
-2.442196794313356 -1.649917872465502 0
-2.053280650347481 -0.1948272010514745 0
2.869612133822479 -1.967290738028115 0
3.610177557204332 -1.968271678975405 0
-2.956194604421407 -2.145453078288291 0
-0.4224142122498741 -1.527200882530069 0
-0.8908012415674944 -0.2366822308878021 0
-1.252346708328012 -2.156225386572674 0
10.5643447294879 -0.2913971461748771 0
8.231137774909373 -2.188064063914564 0
3.749256663136639 -0.5047252873244943 0
0.8633939641324792 -0.3839624440065659 0
2.127812717347014 -1.163499176148736 0
6.918671053493087 -0.08562487878787925 0
5.7211226465594 -0.1897882794995888 0
-0.711787607427819 -0.1155497686572685 0
1.0187311437097 -2.175129436009516 0
-1.848879636266804 -0.7828794320095528 0
1.938856811254779 -0.6483229065302109 0
14.52671714328572 -0.3379978879973909 0
-0.8470144660013201 -0.3442343478704087 0
3.14034017417825 -0.1538603761089097 0
0.05574919576014244 -0.6067023927265328 0
4.327232598443628 -0.5879830524759612 0
6.626055934086553 -0.08261734599915131 0
6.246052621130128 -1.581497296772858 0
-0.2260308390344178 -2.176982057538127 0
2.99851292932901 -0.665825739043966 0
6.447630262378479 -0.6913676281669148 0
10.22457764929457 -2.14169745258687 0
1.644792583472351 -0.1304983061582681 0
2.321464481723629 -0.14665599544442 0
1.85127714030672 -0.5676521747037403 0
10.97661257854769 -2.136448661011525 0
11.48410086777687 -0.1397311853698574 0
-1.32864651791032 -0.1545388473418074 0
-1.46732208780455 -0.1744930266022068 0
8.56323198435159 -1.339610538912315 0
-2.888925984801938 -1.689386165298436 0
3.913435719960641 -2.1236775309412 0
1.381281505352194 -0.122102082948973 0
1.512667131286308 -0.6005414310971772 0
2.301868445645721 -0.6826676717895535 0
-3.364663757669305 -1.71960778899991 0
-0.5196112773538707 -0.9619511846541968 0
0.5311991345344853 -0.3526688275091001 0
-2.666071504290538 -1.643692191914808 0
2.06983256740112 -2.141543351989958 0
5.4833798307785 -0.7643547378489934 0
-3.583101227910142 -1.741219559962201 0
0.6796565171874129 -1.396281134547825 0
3.332426430300408 -0.1584928185575191 0
1.442395942853945 -0.04389079093315577 0
$EndNodes
$Elements
12 7614 1 7614
1 7 1 10
1 5 11 
2 11 12 
3 12 13 
4 13 14 
5 14 15 
6 15 16 
7 16 17 
8 17 18 
9 18 19 
10 19 6 
1 8 1 80
11 6 20 
12 20 21 
13 21 22 
14 22 23 
15 23 24 
16 24 25 
17 25 26 
18 26 27 
19 27 28 
20 28 29 
21 29 30 
22 30 31 
23 31 32 
24 32 33 
25 33 34 
26 34 35 
27 35 36 
28 36 37 
29 37 38 
30 38 39 
31 39 40 
32 40 41 
33 41 42 
34 42 43 
35 43 44 
36 44 45 
37 45 46 
38 46 47 
39 47 48 
40 48 49 
41 49 50 
42 50 51 
43 51 52 
44 52 53 
45 53 54 
46 54 55 
47 55 56 
48 56 57 
49 57 58 
50 58 59 
51 59 60 
52 60 61 
53 61 62 
54 62 63 
55 63 64 
56 64 65 
57 65 66 
58 66 67 
59 67 68 
60 68 69 
61 69 70 
62 70 71 
63 71 72 
64 72 73 
65 73 74 
66 74 75 
67 75 76 
68 76 77 
69 77 78 
70 78 79 
71 79 80 
72 80 81 
73 81 82 
74 82 83 
75 83 84 
76 84 85 
77 85 86 
78 86 87 
79 87 88 
80 88 89 
81 89 90 
82 90 91 
83 91 92 
84 92 93 
85 93 94 
86 94 95 
87 95 96 
88 96 97 
89 97 98 
90 98 3 
1 9 1 10
91 3 99 
92 99 100 
93 100 101 
94 101 102 
95 102 103 
96 103 104 
97 104 105 
98 105 106 
99 106 107 
100 107 4 
1 10 1 12
101 2 108 
102 108 109 
103 109 110 
104 110 111 
105 111 112 
106 112 113 
107 113 114 
108 114 115 
109 115 116 
110 116 117 
111 117 118 
112 118 1 
1 11 1 10
113 7 119 
114 119 120 
115 120 121 
116 121 122 
117 122 123 
118 123 124 
119 124 125 
120 125 126 
121 126 127 
122 127 4 
1 12 1 80
123 8 128 
124 128 129 
125 129 130 
126 130 131 
127 131 132 
128 132 133 
129 133 134 
130 134 135 
131 135 136 
132 136 137 
133 137 138 
134 138 139 
135 139 140 
136 140 141 
137 141 142 
138 142 143 
139 143 144 
140 144 145 
141 145 146 
142 146 147 
143 147 148 
144 148 149 
145 149 150 
146 150 151 
147 151 152 
148 152 153 
149 153 154 
150 154 155 
151 155 156 
152 156 157 
153 157 158 
154 158 159 
155 159 160 
156 160 161 
157 161 162 
158 162 163 
159 163 164 
160 164 165 
161 165 166 
162 166 167 
163 167 168 
164 168 169 
165 169 170 
166 170 171 
167 171 172 
168 172 173 
169 173 174 
170 174 175 
171 175 176 
172 176 177 
173 177 178 
174 178 179 
175 179 180 
176 180 181 
177 181 182 
178 182 183 
179 183 184 
180 184 185 
181 185 186 
182 186 187 
183 187 188 
184 188 189 
185 189 190 
186 190 191 
187 191 192 
188 192 193 
189 193 194 
190 194 195 
191 195 196 
192 196 197 
193 197 198 
194 198 199 
195 199 200 
196 200 201 
197 201 202 
198 202 203 
199 203 204 
200 204 205 
201 205 206 
202 206 7 
1 13 1 10
203 5 207 
204 207 208 
205 208 209 
206 209 210 
207 210 211 
208 211 212 
209 212 213 
210 213 214 
211 214 215 
212 215 8 
1 14 1 12
213 2 216 
214 216 217 
215 217 218 
216 218 219 
217 219 220 
218 220 221 
219 221 222 
220 222 223 
221 223 224 
222 224 225 
223 225 226 
224 226 9 
1 15 1 12
225 10 227 
226 227 228 
227 228 229 
228 229 230 
229 230 231 
230 231 232 
231 232 233 
232 233 234 
233 234 235 
234 235 236 
235 236 237 
236 237 9 
1 16 1 12
237 10 238 
238 238 239 
239 239 240 
240 240 241 
241 241 242 
242 242 243 
243 243 244 
244 244 245 
245 245 246 
246 246 247 
247 247 248 
248 248 1 
2 1 2 3683
249 461 1210 1639 
250 1350 1289 1752 
251 1318 422 1452 
252 1016 1703 1708 
253 1392 457 1640 
254 414 1220 1387 
255 394 1664 1736 
256 36 37 1313 
257 1338 1274 1339 
258 828 1261 1344 
259 1220 414 1535 
260 897 1377 1538 
261 274 275 1431 
262 1315 1742 1890 
263 1111 1234 1254 
264 1742 454 1890 
265 1274 1338 1979 
266 1040 1167 1246 
267 1263 1045 1428 
268 828 1344 1709 
269 447 1252 1719 
270 1050 879 1388 
271 1736 1664 1959 
272 556 554 1522 
273 1246 1167 1794 
274 821 1555 1590 
275 1452 422 1474 
276 1580 1006 1586 
277 1348 897 1538 
278 1753 1445 1820 
279 867 1325 1326 
280 433 36 1313 
281 393 1250 1393 
282 1253 948 1635 
283 875 1462 1791 
284 1292 472 1444 
285 431 1231 1436 
286 1355 1392 1640 
287 502 500 1502 
288 867 869 1325 
289 33 34 1529 
290 1385 1386 1735 
291 1266 1268 1359 
292 400 1480 1628 
293 1796 870 1858 
294 1615 1666 1736 
295 800 799 1565 
296 1050 1388 1452 
297 1502 1657 1732 
298 915 878 1475 
299 1229 697 1588 
300 1008 1113 1436 
301 1689 1796 1858 
302 525 1291 1788 
303 861 1595 1598 
304 623 544 1505 
305 1753 1820 1863 
306 1480 1423 1628 
307 1462 1463 1791 
308 1234 1033 1254 
309 661 1383 1756 
310 1794 1167 1980 
311 452 1211 1409 
312 527 705 1291 
313 1429 470 1806 
314 1358 1266 1359 
315 697 1229 1636 
316 1632 1619 1818 
317 509 511 1341 
318 1028 1096 1485 
319 39 40 1438 
320 1402 392 1567 
321 1746 621 1768 
322 1387 1198 1431 
323 705 1350 1752 
324 1016 1014 1703 
325 435 33 1529 
326 1488 1367 1713 
327 1439 1887 1937 
328 1040 1246 1309 
329 479 1488 1713 
330 554 614 1522 
331 1006 1580 1877 
332 1499 891 1774 
333 1140 1554 1589 
334 1045 1263 1509 
335 629 1619 1632 
336 948 704 1635 
337 1554 1140 1590 
338 1343 432 1345 
339 453 1347 1538 
340 1546 582 1861 
341 1224 410 2049 
342 1636 1215 2029 
343 1293 1007 1650 
344 434 39 1438 
345 976 1385 1735 
346 1383 1088 1756 
347 1500 1051 2078 
348 891 1499 1805 
349 1231 431 1434 
350 410 1224 1955 
351 843 509 1341 
352 1666 394 1736 
353 1567 1174 1927 
354 276 277 1535 
355 1775 1067 1972 
356 1239 458 1245 
357 1439 429 1887 
358 1427 945 1641 
359 1242 1260 1712 
360 1229 1215 1636 
361 1183 1799 1932 
362 1249 1248 1302 
363 1230 60 1849 
364 1606 446 1909 
365 60 1230 1893 
366 392 1402 1566 
367 1843 1129 1849 
368 1381 1746 1768 
369 1214 1170 1938 
370 470 1429 1659 
371 1245 419 1654 
372 1473 1099 1570 
373 667 533 1307 
374 458 1239 1328 
375 1512 896 1771 
376 1134 1546 1861 
377 423 1256 1258 
378 500 659 1502 
379 1556 1608 1857 
380 275 414 1431 
381 1325 1324 1698 
382 420 1233 1315 
383 896 1512 1823 
384 1420 1062 1786 
385 1450 406 1451 
386 1231 1008 1436 
387 1480 400 2043 
388 1345 432 1477 
389 525 527 1291 
390 1444 395 1968 
391 1001 865 1326 
392 1051 1447 2078 
393 442 1828 2031 
394 661 1308 1410 
395 1420 1502 1732 
396 1211 452 1751 
397 893 850 1433 
398 848 1107 1319 
399 671 1942 1970 
400 1346 1347 1826 
401 1828 1335 2031 
402 1555 1554 1590 
403 678 623 1505 
404 1461 637 1463 
405 1196 755 2017 
406 1574 1056 1662 
407 1346 1826 1900 
408 1320 413 1916 
409 1210 461 1862 
410 1339 1274 1340 
411 1648 1104 1690 
412 908 1323 1324 
413 1067 930 1972 
414 805 1569 1588 
415 1485 1096 1931 
416 575 1442 1880 
417 402 1247 1652 
418 1667 1214 1938 
419 1419 502 1502 
420 1176 1048 1486 
421 1233 420 1702 
422 1768 1802 1856 
423 1423 449 1628 
424 1325 1698 1880 
425 1153 1404 1591 
426 1302 1248 1885 
427 1252 1234 1719 
428 1347 453 1826 
429 1626 1208 1668 
430 1108 969 1370 
431 1234 1111 1719 
432 1251 449 1423 
433 1431 1198 1909 
434 1156 1320 1916 
435 1189 893 1433 
436 473 1250 1800 
437 842 910 1317 
438 1444 472 1822 
439 947 949 1336 
440 467 1473 1570 
441 413 1320 1638 
442 755 1196 2042 
443 1751 1504 1819 
444 629 626 1803 
445 1236 90 1865 
446 1418 1420 1786 
447 1104 1105 1690 
448 535 1306 1307 
449 1864 786 1877 
450 1441 584 1697 
451 452 1504 1751 
452 1219 1866 1937 
453 1260 1242 2036 
454 404 1449 1472 
455 1703 427 1708 
456 1312 1255 1408 
457 1595 861 1600 
458 1606 1909 1960 
459 1219 1569 1866 
460 90 1236 1934 
461 657 1626 1668 
462 1355 382 1749 
463 1291 1287 1788 
464 1250 473 1982 
465 1268 1271 1359 
466 1287 1694 1788 
467 1143 1212 1957 
468 1942 1222 1970 
469 1415 437 1417 
470 1521 556 1522 
471 1349 1067 1841 
472 1430 1293 1650 
473 494 492 1670 
474 1311 848 1319 
475 544 1459 1505 
476 1174 1567 1833 
477 1256 423 1404 
478 878 1050 1475 
479 1555 821 2035 
480 821 800 1565 
481 1156 1319 1320 
482 1421 1441 1697 
483 428 1396 1696 
484 633 1244 1676 
485 277 478 1535 
486 1316 779 1317 
487 454 1475 1836 
488 1398 476 1492 
489 511 517 1341 
490 1200 1444 1968 
491 1449 1117 1472 
492 1624 1185 1665 
493 1252 405 1778 
494 385 1248 1998 
495 1639 1210 1794 
496 1277 1299 2022 
497 908 1322 1323 
498 1766 1653 1858 
499 1569 805 1866 
500 1608 1556 1917 
501 446 274 1431 
502 1001 1326 1442 
503 1442 1326 1880 
504 792 1598 1599 
505 870 1766 1858 
506 1176 1486 1990 
507 1235 1157 1869 
508 1294 1699 1762 
509 1581 1864 1877 
510 987 1036 1363 
511 914 1158 1322 
512 1619 629 1803 
513 1402 1567 1927 
514 113 385 1297 
515 393 1393 1405 
516 1294 1336 1699 
517 956 958 1391 
518 1436 1113 1438 
519 790 1582 1631 
520 1426 1427 1641 
521 1317 910 1682 
522 779 842 1317 
523 1896 1131 1939 
524 695 1624 1665 
525 1068 1067 1349 
526 1254 1033 1255 
527 1252 447 1850 
528 476 1398 1672 
529 595 1305 1879 
530 1185 1624 2033 
531 1701 1241 1712 
532 1299 1277 1824 
533 1584 1719 1755 
534 811 729 1321 
535 1525 1530 1789 
536 679 779 1316 
537 1416 1597 1870 
538 1408 1255 2038 
539 1212 1143 1896 
540 865 867 1326 
541 414 1387 1431 
542 1080 1311 1319 
543 1565 799 1783 
544 1313 37 1830 
545 1065 1162 1392 
546 891 1805 1829 
547 1329 455 1534 
548 1291 705 1945 
549 1337 699 1338 
550 2 399 1301 
551 1805 1497 1829 
552 1308 661 1756 
553 544 541 1459 
554 1363 1036 1574 
555 1475 454 1742 
556 1241 1242 1712 
557 1316 1317 1433 
558 1802 855 1856 
559 406 1450 1936 
560 1322 1158 1323 
561 1413 1411 1521 
562 487 1263 1487 
563 1319 1107 1320 
564 1816 1186 1910 
565 1297 385 1998 
566 552 637 1461 
567 1493 428 1696 
568 1263 1428 1933 
569 449 1251 1622 
570 1481 646 1482 
571 482 1335 1828 
572 1892 1442 1911 
573 947 1336 1395 
574 1609 992 1679 
575 1597 1416 1971 
576 1283 1301 1785 
577 1463 637 2059 
578 419 1245 1883 
579 1056 1378 1663 
580 892 812 1309 
581 1694 1287 1897 
582 1481 1748 1811 
583 1238 1520 2081 
584 705 529 1350 
585 727 1312 1408 
586 1186 1816 2032 
587 1561 1557 1563 
588 1354 1064 1355 
589 1250 393 1800 
590 869 908 1325 
591 1799 451 1932 
592 1212 1896 1939 
593 533 535 1307 
594 1532 1656 1878 
595 1289 1350 1820 
596 535 537 1306 
597 960 1155 1403 
598 1200 1443 1444 
599 1624 1690 2033 
600 466 1448 1449 
601 1663 1378 2082 
602 1360 986 1361 
603 1532 396 1656 
604 1372 388 1680 
605 1407 468 1913 
606 1311 1080 1454 
607 969 971 1370 
608 492 897 1670 
609 1506 1150 1838 
610 1025 1366 1368 
611 1591 1404 1950 
612 418 1843 1849 
613 1301 1283 1904 
614 1662 1056 1663 
615 944 960 1403 
616 1779 1224 2049 
617 1441 1442 1892 
618 1116 1489 1501 
619 1335 482 1874 
620 948 1253 2052 
621 1312 727 1391 
622 643 645 1408 
623 1513 480 1906 
624 1401 1403 1714 
625 1580 1586 1695 
626 861 1598 1902 
627 915 1475 1742 
628 1530 761 1789 
629 504 502 1419 
630 521 699 1337 
631 1371 1049 1372 
632 956 1391 1483 
633 1002 1506 1838 
634 1352 1345 1477 
635 1114 1429 1806 
636 1503 1190 1682 
637 1246 892 1309 
638 414 276 1535 
639 441 491 1310 
640 383 1574 1662 
641 1360 1361 1362 
642 1622 1251 1778 
643 1061 1064 1354 
644 945 1427 1738 
645 1607 1102 1839 
646 1248 385 1885 
647 405 1622 1778 
648 2060 1412 2074 
649 897 490 1377 
650 422 55 1836 
651 1067 1775 1841 
652 568 567 1384 
653 1366 1367 1368 
654 1573 631 1684 
655 1604 485 1925 
656 1247 402 1895 
657 979 1049 1371 
658 1709 1344 2085 
659 1204 1203 1328 
660 1410 1308 1734 
661 1384 567 1385 
662 901 914 1322 
663 1702 1130 1832 
664 1352 1477 1688 
665 474 1567 1903 
666 1520 1238 1976 
667 1305 595 1924 
668 1190 1297 1998 
669 1437 43 1888 
670 904 820 1590 
671 1433 1317 2013 
672 967 1108 1399 
673 1417 437 1999 
674 667 1307 1863 
675 1529 34 1867 
676 1730 1642 1980 
677 983 986 1360 
678 1475 1474 1836 
679 1735 1386 2060 
680 565 628 1386 
681 1314 1290 1984 
682 1467 1453 1468 
683 1567 474 1833 
684 1049 1362 1372 
685 1494 657 1668 
686 1007 1293 2065 
687 1648 683 1763 
688 1411 561 1521 
689 1025 973 1366 
690 1239 1204 1328 
691 1354 1355 1749 
692 850 781 1433 
693 1413 1521 1522 
694 833 1453 1467 
695 1117 1471 1472 
696 707 643 1408 
697 459 1356 1634 
698 1651 1241 1701 
699 474 1405 1833 
700 1388 879 1389 
701 1324 1323 1327 
702 1361 1513 1906 
703 116 440 1262 
704 1110 1312 1391 
705 1401 1714 2093 
706 1179 1407 1913 
707 1056 1037 1378 
708 759 1651 1701 
709 43 1437 1967 
710 1244 633 2090 
711 1263 1262 1509 
712 1488 389 2073 
713 1157 1235 1994 
714 1232 1543 1807 
715 729 730 1321 
716 736 823 1357 
717 919 1188 1248 
718 1472 1099 1473 
719 1260 1633 1712 
720 1469 1573 1684 
721 541 543 1459 
722 992 994 1679 
723 485 1604 2025 
724 1250 990 1393 
725 1115 1845 1868 
726 1104 1648 1763 
727 405 1252 1850 
728 1368 1367 1488 
729 1489 72 1501 
730 857 893 919 
731 911 1199 1406 
732 1666 1615 1982 
733 1669 1714 2063 
734 897 1348 1670 
735 958 1110 1391 
736 735 1834 1869 
737 395 1444 1822 
738 1108 1370 1772 
739 382 1355 1640 
740 1179 1406 1407 
741 472 1292 1959 
742 78 451 1394 
743 783 1740 2088 
744 1154 961 1397 
745 1377 1537 1538 
746 1208 1626 2070 
747 1740 2042 2088 
748 919 893 1188 
749 1563 1557 1565 
750 1503 1682 1930 
751 1110 1254 1312 
752 676 677 781 
753 1505 1457 1915 
754 114 113 1297 
755 80 430 1364 
756 1414 1112 1617 
757 1507 695 1665 
758 1840 1123 1853 
759 622 623 676 
760 1601 1334 1946 
761 1400 943 1401 
762 1633 1260 1637 
763 658 657 1494 
764 1200 881 1443 
765 759 754 1810 
766 1064 1065 1392 
767 490 489 1377 
768 986 987 1363 
769 1772 1673 1846 
770 671 1506 1942 
771 423 1258 1837 
772 1195 1504 1852 
773 1453 1051 1500 
774 1381 1745 1746 
775 857 850 893 
776 1426 586 1427 
777 1379 430 1747 
778 1380 1747 1792 
779 1584 447 1719 
780 1580 1581 1877 
781 704 1432 1635 
782 1608 484 1857 
783 108 2 1301 
784 415 1511 1512 
785 842 854 909 
786 1748 1071 2047 
787 1748 782 1811 
788 387 1447 1744 
789 456 1491 1707 
790 1523 999 1964 
791 1474 422 1836 
792 1375 1524 1725 
793 771 1633 1637 
794 1406 1199 1407 
795 1165 1517 1882 
796 1310 491 2087 
797 779 811 842 
798 1427 586 1546 
799 410 84 1409 
800 1915 1457 1973 
801 1438 40 1997 
802 1062 1420 1732 
803 1925 21 1958 
804 1747 82 1792 
805 1489 1116 1784 
806 645 727 1408 
807 1460 550 1461 
808 736 1357 1572 
809 592 937 1432 
810 512 504 1419 
811 75 1478 1479 
812 1397 1398 1492 
813 999 1523 2002 
814 1543 806 1807 
815 677 679 1316 
816 463 1642 1730 
817 540 544 622 
818 811 1321 2062 
819 1669 475 1714 
820 696 695 1507 
821 1013 1390 1985 
822 909 926 1045 
823 781 677 1316 
824 1223 1480 2043 
825 521 523 699 
826 610 1293 1430 
827 531 667 1350 
828 1834 1235 1869 
829 1347 1348 1538 
830 517 521 1337 
831 1051 1446 1447 
832 1032 1252 1778 
833 1391 727 1483 
834 846 911 1406 
835 1463 1083 1791 
836 1448 466 1450 
837 676 623 677 
838 1051 840 1446 
839 634 633 1676 
840 1455 594 1456 
841 76 427 1478 
842 940 943 1400 
843 1183 1932 2015 
844 1719 1111 1755 
845 756 838 1422 
846 1297 1190 1503 
847 1309 812 1516 
848 1705 1085 1717 
849 1290 1425 1984 
850 622 544 623 
851 577 661 1410 
852 571 568 1384 
853 646 1481 1811 
854 1405 1173 1833 
855 1154 1397 1492 
856 628 1412 2060 
857 1117 874 1471 
858 217 1298 1303 
859 743 745 1421 
860 856 850 857 
861 679 729 779 
862 527 529 705 
863 1129 1230 1849 
864 637 1498 1499 
865 1356 459 1965 
866 1262 440 1509 
867 918 1159 1198 
868 1337 1338 1339 
869 1261 828 2080 
870 842 811 854 
871 1455 1456 1457 
872 1418 1419 1420 
873 1355 1064 1392 
874 1132 862 1465 
875 548 550 1460 
876 820 821 1590 
877 1764 576 1875 
878 1418 512 1419 
879 779 729 811 
880 1715 1607 1839 
881 824 747 1454 
882 849 781 850 
883 587 586 1426 
884 608 605 1395 
885 384 1606 1960 
886 1516 710 1548 
887 468 1407 1655 
888 407 1644 1649 
889 605 604 1395 
890 1221 1735 2060 
891 943 944 1403 
892 593 592 1432 
893 1413 1522 1523 
894 404 1472 1473 
895 477 1673 1772 
896 1336 949 1699 
897 1524 765 1725 
898 1278 1281 1424 
899 1393 1173 1405 
900 1361 986 1363 
901 1121 1736 1959 
902 1549 465 1645 
903 1367 1371 1713 
904 830 917 918 
905 1506 671 1918 
906 1264 1266 1358 
907 918 917 1159 
908 768 494 1670 
909 415 68 1511 
910 1223 889 1480 
911 550 552 1461 
912 1015 1017 1135 
913 909 854 926 
914 1373 460 1692 
915 637 580 1498 
916 433 1313 1797 
917 823 1015 1357 
918 1106 1070 1451 
919 1025 1368 1369 
920 529 531 1350 
921 1017 1035 1381 
922 1372 1680 1713 
923 611 610 1430 
924 935 1200 1429 
925 1604 1925 1958 
926 1140 904 1590 
927 1045 926 1428 
928 1089 1256 1404 
929 1346 403 1961 
930 581 732 1572 
931 1245 458 1883 
932 1448 1117 1449 
933 546 594 1455 
934 668 608 1395 
935 1443 1292 1444 
936 1053 1061 1354 
937 914 1115 1157 
938 978 979 1371 
939 397 1358 1359 
940 1852 421 1901 
941 1694 1275 1979 
942 921 1356 1466 
943 1080 824 1454 
944 1598 792 1902 
945 926 1220 1428 
946 1157 1115 1869 
947 537 540 1306 
948 835 1051 1453 
949 1502 659 1657 
950 1248 1188 1998 
951 781 1316 1433 
952 966 967 1399 
953 1116 1501 1816 
954 418 62 1520 
955 706 1676 1743 
956 1153 1089 1404 
957 1557 1561 1917 
958 1036 1037 1056 
959 628 1411 1412 
960 70 412 1510 
961 1049 1360 1362 
962 727 648 1483 
963 1366 978 1367 
964 384 1960 2005 
965 1182 1467 1468 
966 1540 771 1637 
967 1383 571 1384 
968 990 952 1393 
969 1496 666 1497 
970 842 909 910 
971 812 715 1516 
972 770 692 1541 
973 531 533 667 
974 1135 1017 1381 
975 1397 966 1398 
976 1394 451 1799 
977 1273 1276 1277 
978 1142 1745 1889 
979 488 1601 1946 
980 1233 1702 1832 
981 1195 1852 1901 
982 1093 1840 1853 
983 604 947 1395 
984 954 1292 1443 
985 937 660 938 
986 666 613 1495 
987 942 940 1400 
988 939 938 940 
989 1074 1116 1816 
990 435 1529 1804 
991 1400 1401 1402 
992 1649 1644 1978 
993 1460 1461 1462 
994 1462 1461 1463 
995 901 903 914 
996 1674 1599 1971 
997 914 1157 1158 
998 960 961 1154 
999 730 830 1321 
1000 881 871 1443 
1001 1015 1135 1357 
1002 947 704 948 
1003 1158 1764 1875 
1004 1061 1063 1064 
1005 1471 1099 1472 
1006 997 1117 1448 
1007 664 658 1494 
1008 64 416 1519 
1009 1039 1053 1136 
1010 1065 1082 1162 
1011 427 77 1394 
1012 745 844 1421 
1013 949 948 950 
1014 940 941 943 
1015 951 950 952 
1016 1290 1314 1981 
1017 1301 399 1785 
1018 1654 419 2018 
1019 1421 1001 1441 
1020 278 279 1487 
1021 2012 984 2074 
1022 389 1488 1948 
1023 1370 1369 2041 
1024 519 512 1418 
1025 987 1000 1036 
1026 1582 790 1864 
1027 741 810 1469 
1028 1396 428 1831 
1029 913 1414 1617 
1030 1050 1452 1474 
1031 981 983 1360 
1032 1142 1482 1745 
1033 983 985 986 
1034 979 981 1049 
1035 501 503 1568 
1036 1218 1887 2051 
1037 869 899 908 
1038 1064 1063 1065 
1039 427 1394 1708 
1040 567 565 1386 
1041 1536 1331 1739 
1042 1293 668 1294 
1043 565 563 628 
1044 952 1172 1173 
1045 1401 943 1403 
1046 1385 567 1386 
1047 451 79 1364 
1048 455 1329 1941 
1049 1388 1012 1452 
1050 975 977 978 
1051 677 678 679 
1052 577 573 661 
1053 1019 1084 1514 
1054 430 81 1747 
1055 1772 1370 2041 
1056 563 561 1411 
1057 1136 1053 1354 
1058 1162 1082 1163 
1059 971 973 1025 
1060 582 577 1410 
1061 1425 1290 1975 
1062 852 1132 1446 
1063 967 969 1108 
1064 438 1484 1485 
1065 844 865 1001 
1066 1499 1498 1805 
1067 919 1248 1249 
1068 796 795 871 
1069 1961 1621 1995 
1070 973 975 1366 
1071 1761 1057 1814 
1072 876 921 1466 
1073 838 1040 1422 
1074 682 681 795 
1075 737 1536 1739 
1076 434 1438 1851 
1077 1071 1541 2047 
1078 1163 1178 1346 
1079 858 857 1425 
1080 417 1342 1704 
1081 1199 1018 1515 
1082 1187 877 1798 
1083 919 1249 1425 
1084 553 519 687 
1085 880 1054 1464 
1086 1278 1280 1281 
1087 1122 1614 1615 
1088 963 965 966 
1089 1188 1189 1190 
1090 592 590 660 
1091 1281 1282 1283 
1092 908 1324 1325 
1093 1504 1195 1819 
1094 1336 668 1395 
1095 1037 1039 1378 
1096 743 1421 1697 
1097 844 1001 1421 
1098 961 963 1397 
1099 1115 1868 1869 
1100 971 1025 1370 
1101 626 620 1470 
1102 604 602 704 
1103 573 571 1383 
1104 540 541 544 
1105 954 955 1121 
1106 537 539 540 
1107 1161 990 1250 
1108 687 519 1418 
1109 944 946 960 
1110 1412 1411 1413 
1111 899 901 1322 
1112 1386 628 2060 
1113 1478 1703 2008 
1114 933 1099 1471 
1115 840 852 1446 
1116 871 872 954 
1117 1447 1446 1744 
1118 1036 1000 1037 
1119 1676 1244 1743 
1120 1570 1209 1571 
1121 676 781 849 
1122 1346 1178 1347 
1123 715 710 1516 
1124 1515 401 1996 
1125 85 452 1409 
1126 700 696 1507 
1127 648 670 1483 
1128 610 608 668 
1129 1311 1454 1547 
1130 986 985 987 
1131 1040 1309 1422 
1132 1422 1516 1548 
1133 887 1223 1465 
1134 846 813 911 
1135 599 666 1496 
1136 1367 978 1371 
1137 1321 918 1508 
1138 874 827 1471 
1139 772 771 1540 
1140 746 706 813 
1141 1593 1595 1600 
1142 438 104 1484 
1143 1049 981 1360 
1144 937 938 939 
1145 517 1337 1341 
1146 1361 1363 1513 
1147 590 587 1426 
1148 1054 1137 1649 
1149 1482 646 1781 
1150 408 74 1479 
1151 924 1251 1423 
1152 489 486 1377 
1153 935 881 1200 
1154 602 593 1432 
1155 939 940 942 
1156 597 1496 1498 
1157 523 525 1788 
1158 619 617 681 
1159 958 1047 1109 
1160 947 948 949 
1161 456 50 1491 
1162 592 660 937 
1163 960 1154 1155 
1164 604 704 947 
1165 738 825 1490 
1166 441 489 490 
1167 543 1455 1459 
1168 628 563 1411 
1169 561 558 1521 
1170 1114 935 1429 
1171 975 978 1366 
1172 862 887 1465 
1173 80 81 430 
1174 949 950 951 
1175 951 952 990 
1176 978 977 979 
1177 952 1173 1393 
1178 1073 1071 1748 
1179 1398 966 1399 
1180 914 903 1115 
1181 78 79 451 
1182 830 831 917 
1183 679 680 729 
1184 1512 1511 1823 
1185 911 912 1018 
1186 76 77 427 
1187 1392 1162 1995 
1188 1018 1019 1514 
1189 688 1648 1690 
1190 963 966 1397 
1191 1084 1532 1878 
1192 1390 1389 1963 
1193 810 916 1469 
1194 747 721 1454 
1195 653 1609 1679 
1196 1163 1177 1178 
1197 582 1410 1861 
1198 1454 721 1547 
1199 1072 1071 1073 
1200 908 899 1322 
1201 610 668 1293 
1202 1517 1165 2000 
1203 682 795 796 
1204 954 1121 1292 
1205 796 871 881 
1206 83 84 410 
1207 1118 1689 1858 
1208 756 1422 1548 
1209 966 965 967 
1210 798 740 827 
1211 871 954 1443 
1212 767 744 1616 
1213 1199 1515 1996 
1214 649 640 706 
1215 916 1143 1469 
1216 558 556 1521 
1217 1277 1278 1424 
1218 1110 1109 1111 
1219 661 573 1383 
1220 1091 1073 1142 
1221 619 681 682 
1222 1024 1605 1647 
1223 922 1423 1480 
1224 943 941 944 
1225 956 957 958 
1226 995 993 1179 
1227 940 938 941 
1228 117 116 1262 
1229 617 611 1430 
1230 1265 386 1365 
1231 1142 1073 1481 
1232 1484 483 1486 
1233 517 518 521 
1234 1420 1419 1502 
1235 75 76 1478 
1236 1039 1136 1378 
1237 580 597 1498 
1238 1487 1263 1933 
1239 960 946 961 
1240 1142 1481 1482 
1241 1651 759 1810 
1242 889 922 1480 
1243 543 546 1455 
1244 1023 1207 1209 
1245 1543 1440 1854 
1246 540 622 1306 
1247 1099 1023 1570 
1248 746 813 846 
1249 555 557 1653 
1250 746 992 1609 
1251 910 909 1860 
1252 1812 1353 2039 
1253 660 1426 1641 
1254 1321 1508 2062 
1255 1495 1761 1814 
1256 649 706 746 
1257 69 1510 1511 
1258 732 736 1572 
1259 1124 1095 1587 
1260 655 1390 2020 
1261 1352 1688 1795 
1262 1737 783 2088 
1263 952 950 1172 
1264 452 86 1504 
1265 1173 1172 1174 
1266 911 1018 1199 
1267 1146 1148 1222 
1268 1441 1001 1442 
1269 1019 1021 1084 
1270 933 934 1023 
1271 926 927 1220 
1272 827 932 933 
1273 997 874 1117 
1274 672 664 740 
1275 916 1059 1143 
1276 825 1010 1490 
1277 1694 699 1788 
1278 830 918 1321 
1279 1010 1013 1490 
1280 995 1179 1247 
1281 1926 1314 1984 
1282 826 770 1541 
1283 1069 997 1448 
1284 2080 1737 2088 
1285 1065 1081 1082 
1286 838 809 880 
1287 416 65 1517 
1288 660 590 1426 
1289 1029 880 1464 
1290 1382 53 1929 
1291 422 1318 1929 
1292 1524 1525 1789 
1293 1294 668 1336 
1294 958 957 1047 
1295 1603 464 1611 
1296 704 602 1432 
1297 833 835 1453 
1298 993 846 1406 
1299 503 507 1568 
1300 1071 826 1541 
1301 546 548 594 
1302 636 707 1495 
1303 798 827 874 
1304 933 1023 1099 
1305 1688 442 1795 
1306 1004 2032 2058 
1307 798 996 1610 
1308 649 746 1609 
1309 827 933 1471 
1310 420 1315 1890 
1311 730 817 830 
1312 85 86 452 
1313 1069 1448 1450 
1314 1605 773 1647 
1315 403 1346 1900 
1316 1121 955 1122 
1317 672 740 798 
1318 879 797 1873 
1319 835 840 1051 
1320 63 1519 1520 
1321 871 795 872 
1322 1018 1514 1515 
1323 510 508 1689 
1324 73 74 408 
1325 1854 1440 1866 
1326 467 1570 1571 
1327 792 1599 1954 
1328 849 850 856 
1329 1215 1214 2029 
1330 1403 1155 1714 
1331 954 872 955 
1332 1107 892 1210 
1333 848 812 892 
1334 941 938 1641 
1335 103 438 1534 
1336 460 31 1692 
1337 1054 1055 1137 
1338 756 700 809 
1339 225 486 489 
1340 880 953 1054 
1341 521 522 523 
1342 416 1517 1518 
1343 1402 1401 1566 
1344 945 941 1641 
1345 724 818 956 
1346 1061 1062 1063 
1347 1273 1277 2022 
1348 672 798 1610 
1349 1490 1013 1985 
1350 681 617 1430 
1351 69 70 1510 
1352 1456 594 1458 
1353 1672 1398 2034 
1354 681 1430 1650 
1355 70 71 412 
1356 1167 1730 1980 
1357 1010 1012 1013 
1358 1306 622 1731 
1359 1631 1582 2010 
1360 626 1470 1803 
1361 838 880 1029 
1362 115 114 1295 
1363 852 862 1132 
1364 1496 1497 1805 
1365 815 713 1575 
1366 911 813 912 
1367 613 636 1495 
1368 857 919 1425 
1369 856 857 858 
1370 478 278 1487 
1371 756 809 838 
1372 913 1175 1414 
1373 1018 912 1019 
1374 1027 826 1071 
1375 1050 1474 1475 
1376 465 1549 1646 
1377 1485 1484 1486 
1378 906 1305 1956 
1379 552 580 637 
1380 956 818 957 
1381 67 68 415 
1382 1478 2008 2058 
1383 780 715 812 
1384 876 824 921 
1385 1533 1085 1705 
1386 1284 1288 1290 
1387 216 217 1303 
1388 432 92 1477 
1389 958 1109 1110 
1390 1455 1457 1459 
1391 64 65 416 
1392 1084 1021 1085 
1393 1122 1613 1614 
1394 429 1439 1888 
1395 77 78 1394 
1396 1112 957 1617 
1397 63 64 1519 
1398 1179 993 1406 
1399 1569 1229 1588 
1400 848 892 1107 
1401 507 843 1568 
1402 1277 1276 1278 
1403 775 772 1540 
1404 887 889 1223 
1405 1053 1060 1061 
1406 523 524 525 
1407 430 1379 1782 
1408 957 818 1617 
1409 780 812 848 
1410 412 71 1489 
1411 1612 1597 1618 
1412 921 1080 1156 
1413 507 509 843 
1414 1012 1318 1452 
1415 441 224 489 
1416 687 1418 1786 
1417 597 599 1496 
1418 61 62 418 
1419 1593 1600 1611 
1420 109 108 1300 
1421 105 483 1484 
1422 803 747 824 
1423 1110 1111 1254 
1424 831 833 1467 
1425 1820 667 1863 
1426 73 408 1501 
1427 931 930 1067 
1428 84 85 1409 
1429 860 767 1616 
1430 483 106 1539 
1431 872 795 1650 
1432 1427 1546 2069 
1433 1127 1124 1587 
1434 827 740 932 
1435 79 80 1364 
1436 1170 1103 1607 
1437 1745 1482 1746 
1438 1023 934 1207 
1439 223 441 1310 
1440 922 924 1423 
1441 51 426 1491 
1442 74 75 1479 
1443 1347 1178 1348 
1444 1203 1043 1342 
1445 1037 1038 1039 
1446 921 1156 1356 
1447 670 724 1483 
1448 599 613 666 
1449 933 932 934 
1450 58 59 420 
1451 511 515 517 
1452 1039 1052 1053 
1453 924 1030 1251 
1454 1295 114 1297 
1455 803 824 876 
1456 496 768 1716 
1457 1007 872 1650 
1458 88 89 421 
1459 1549 1645 1966 
1460 56 57 454 
1461 637 1499 2059 
1462 1327 1323 1875 
1463 1103 1102 1607 
1464 54 55 422 
1465 1217 1229 1569 
1466 987 999 1000 
1467 1459 1457 1505 
1468 1141 1705 1717 
1469 657 654 1626 
1470 105 106 483 
1471 1114 1533 1705 
1472 1368 1488 2073 
1473 989 815 1575 
1474 1084 1085 1532 
1475 1070 1069 1451 
1476 880 809 953 
1477 603 602 604 
1478 633 630 1632 
1479 882 881 935 
1480 1365 906 1956 
1481 11 12 1558 
1482 1258 1259 1304 
1483 991 990 1161 
1484 992 846 993 
1485 429 45 1545 
1486 1137 1055 1184 
1487 1043 876 1466 
1488 627 626 629 
1489 1015 1016 1017 
1490 695 689 1624 
1491 1626 1679 2070 
1492 641 640 649 
1493 1032 1234 1252 
1494 636 643 707 
1495 1329 1534 1931 
1496 1210 892 1246 
1497 724 956 1483 
1498 2018 419 2076 
1499 591 590 592 
1500 1013 1012 1388 
1501 1256 1257 1258 
1502 677 623 678 
1503 609 608 610 
1504 1232 1435 1543 
1505 1054 953 1055 
1506 618 617 619 
1507 51 52 426 
1508 918 1198 1508 
1509 654 653 1626 
1510 920 864 1089 
1511 1068 1349 1912 
1512 936 935 1114 
1513 1363 1574 2072 
1514 1435 1439 1440 
1515 1130 1127 1131 
1516 1362 1361 1906 
1517 630 629 1632 
1518 996 874 997 
1519 1002 1144 1506 
1520 640 634 1676 
1521 1089 1090 1256 
1522 1614 1161 1615 
1523 1171 1170 1214 
1524 49 50 456 
1525 1389 879 1873 
1526 572 571 573 
1527 574 573 577 
1528 983 984 985 
1529 994 993 995 
1530 68 69 1511 
1531 65 66 1517 
1532 1163 1082 1177 
1533 1469 1143 1573 
1534 979 980 981 
1535 1468 1453 1500 
1536 103 104 438 
1537 665 664 672 
1538 578 577 582 
1539 907 860 930 
1540 525 526 527 
1541 53 1382 1974 
1542 47 48 428 
1543 540 539 541 
1544 689 688 1624 
1545 1478 427 1703 
1546 1017 1034 1035 
1547 1188 893 1189 
1548 998 997 1069 
1549 921 824 1080 
1550 1338 699 1694 
1551 1466 1356 1965 
1552 1342 417 2050 
1553 1101 989 1102 
1554 1464 1054 1649 
1555 1489 1784 2089 
1556 981 982 983 
1557 481 1550 1551 
1558 1159 917 1182 
1559 1156 1080 1319 
1560 1040 1029 1167 
1561 1047 1181 1759 
1562 690 691 1636 
1563 1365 1310 2087 
1564 62 63 1520 
1565 829 775 864 
1566 1342 1043 1466 
1567 44 45 429 
1568 1169 1103 1170 
1569 710 703 1548 
1570 1131 1127 1587 
1571 386 222 1310 
1572 86 87 1504 
1573 652 650 653 
1574 663 658 664 
1575 639 634 640 
1576 1047 1112 1181 
1577 616 611 617 
1578 1300 108 1301 
1579 701 700 756 
1580 967 968 969 
1581 1539 1544 2027 
1582 1069 1450 1451 
1583 1780 896 1823 
1584 481 13 1550 
1585 1435 1440 1543 
1586 711 710 715 
1587 564 563 565 
1588 566 565 567 
1589 1447 387 1718 
1590 1102 989 1575 
1591 625 620 626 
1592 1155 1154 1962 
1593 562 561 563 
1594 607 605 608 
1595 1029 1464 1730 
1596 92 93 1477 
1597 589 587 590 
1598 656 654 657 
1599 1390 655 1985 
1600 386 1310 1365 
1601 71 72 1489 
1602 1217 1215 1229 
1603 920 1089 1153 
1604 975 976 977 
1605 557 894 1653 
1606 969 970 971 
1607 1375 1376 1524 
1608 973 974 975 
1609 1258 1257 1259 
1610 601 593 602 
1611 971 972 973 
1612 632 630 633 
1613 829 864 920 
1614 676 849 1731 
1615 1560 1562 1623 
1616 1186 877 1187 
1617 716 715 780 
1618 961 962 963 
1619 645 648 727 
1620 1551 1550 1589 
1621 930 860 1616 
1622 1121 1122 1736 
1623 1554 1551 1589 
1624 455 102 1534 
1625 1089 864 1090 
1626 1707 1491 2030 
1627 1256 1090 1257 
1628 686 684 688 
1629 91 92 432 
1630 691 689 695 
1631 1525 1527 1530 
1632 698 696 700 
1633 252 253 443 
1634 675 673 683 
1635 722 721 747 
1636 1005 876 1043 
1637 41 42 431 
1638 1599 1674 1954 
1639 1023 1209 1570 
1640 72 73 1501 
1641 709 703 710 
1642 570 568 571 
1643 277 278 478 
1644 1036 1056 1574 
1645 30 460 1602 
1646 1532 1085 1533 
1647 26 1612 1618 
1648 963 964 965 
1649 585 583 586 
1650 1137 1184 1549 
1651 724 725 818 
1652 679 678 680 
1653 944 945 946 
1654 741 1469 1684 
1655 1486 483 1990 
1656 721 718 1547 
1657 594 548 1460 
1658 104 105 1484 
1659 482 1769 1946 
1660 1130 1131 1832 
1661 50 51 1491 
1662 691 697 1636 
1663 250 251 445 
1664 1105 1070 1106 
1665 748 747 803 
1666 1044 1043 1203 
1667 106 107 1539 
1668 720 718 721 
1669 560 558 561 
1670 1552 1551 1553 
1671 823 1014 1015 
1672 38 39 434 
1673 35 36 433 
1674 653 650 1609 
1675 1265 1365 1956 
1676 439 15 1583 
1677 481 1551 1552 
1678 1202 1374 1375 
1679 527 528 529 
1680 1553 1555 1556 
1681 920 1153 1586 
1682 1409 1211 2049 
1683 894 1166 1531 
1684 1399 1108 1846 
1685 1556 1555 1557 
1686 683 673 1610 
1687 1333 1331 1536 
1688 45 46 1545 
1689 586 583 1546 
1690 554 553 614 
1691 830 817 831 
1692 1065 1063 1081 
1693 466 1449 1977 
1694 1122 1615 1736 
1695 1412 2012 2074 
1696 102 103 1534 
1697 1714 1155 2063 
1698 729 680 730 
1699 670 694 724 
1700 101 455 1601 
1701 520 519 553 
1702 27 437 1612 
1703 1537 453 1538 
1704 752 750 753 
1705 516 510 1689 
1706 753 750 1559 
1707 1594 436 1618 
1708 869 898 899 
1709 1553 1554 1555 
1710 1887 1545 2051 
1711 1598 1596 1599 
1712 1432 937 1635 
1713 1597 1594 1618 
1714 913 1048 1175 
1715 1024 1202 1605 
1716 1524 1376 1525 
1717 899 900 901 
1718 867 868 869 
1719 1595 1596 1598 
1720 14 439 1550 
1721 1240 1239 1245 
1722 32 33 435 
1723 762 760 763 
1724 758 754 759 
1725 1477 93 1688 
1726 513 512 519 
1727 251 252 1542 
1728 252 443 1542 
1729 901 902 903 
1730 819 883 913 
1731 1550 439 1589 
1732 844 845 865 
1733 1338 1694 1979 
1734 1206 1204 1239 
1735 464 23 1592 
1736 281 282 453 
1737 1375 1374 1376 
1738 865 866 867 
1739 12 13 481 
1740 1576 1578 1625 
1741 1593 1594 1595 
1742 12 481 1558 
1743 731 516 1118 
1744 1767 1166 1834 
1745 30 31 460 
1746 1465 1223 1987 
1747 688 684 1648 
1748 771 764 1633 
1749 764 763 1633 
1750 445 251 1542 
1751 1592 436 1593 
1752 1595 1594 1596 
1753 379 484 1608 
1754 1209 1207 1947 
1755 464 1592 1611 
1756 1593 436 1594 
1757 29 30 1602 
1758 101 102 455 
1759 275 276 414 
1760 14 15 439 
1761 1254 1255 1312 
1762 819 913 1617 
1763 1562 1564 1643 
1764 1019 1020 1021 
1765 1202 1375 1605 
1766 415 1512 1989 
1767 766 764 771 
1768 776 775 829 
1769 1504 87 1852 
1770 1683 757 1687 
1771 403 1621 1961 
1772 1219 1217 1569 
1773 1553 1551 1554 
1774 1133 1983 2081 
1775 249 250 1544 
1776 1424 1303 1824 
1777 528 526 1781 
1778 16 462 1583 
1779 24 25 436 
1780 27 28 437 
1781 26 27 1612 
1782 24 436 1592 
1783 1101 1102 1103 
1784 1605 1375 1725 
1785 255 256 411 
1786 13 14 1550 
1787 740 664 1494 
1788 1220 927 1387 
1789 780 1311 1547 
1790 377 378 444 
1791 791 790 1631 
1792 1112 1414 1855 
1793 774 772 775 
1794 379 380 484 
1795 803 1005 1559 
1796 864 775 1540 
1797 488 100 1601 
1798 1638 1320 1862 
1799 250 445 1544 
1800 838 1029 1040 
1801 94 95 442 
1802 15 16 1583 
1803 785 778 786 
1804 100 101 1601 
1805 926 854 927 
1806 786 778 1585 
1807 1592 1593 1611 
1808 746 846 992 
1809 798 874 996 
1810 376 377 1560 
1811 1006 920 1586 
1812 809 700 1507 
1813 780 848 1311 
1814 799 791 1631 
1815 416 1518 1953 
1816 18 485 1620 
1817 16 17 462 
1818 803 876 1005 
1819 1171 1214 1215 
1820 436 25 1618 
1821 446 1431 1909 
1822 1169 1170 1171 
1823 1746 1482 1781 
1824 789 787 790 
1825 22 23 464 
1826 894 1531 1653 
1827 906 1365 2087 
1828 1025 1369 1370 
1829 1660 788 1674 
1830 462 17 1620 
1831 376 1560 1623 
1832 709 710 711 
1833 23 24 1592 
1834 1560 1561 1562 
1835 257 258 447 
1836 96 97 482 
1837 829 1006 1585 
1838 428 1493 1886 
1839 1061 1060 1062 
1840 1780 1823 1914 
1841 619 682 1470 
1842 377 444 1560 
1843 720 721 722 
1844 1904 1283 1981 
1845 717 719 1678 
1846 1385 1921 2084 
1847 1990 1539 2027 
1848 796 881 882 
1849 938 660 1641 
1850 25 26 1618 
1851 738 1490 1671 
1852 1596 1594 1597 
1853 284 285 403 
1854 481 1552 1558 
1855 793 791 799 
1856 99 100 488 
1857 17 18 1620 
1858 1340 1274 1776 
1859 614 553 1821 
1860 620 619 1470 
1861 698 700 701 
1862 820 800 821 
1863 18 19 485 
1864 374 375 425 
1865 716 780 1547 
1866 711 715 716 
1867 1047 957 1112 
1868 745 804 844 
1869 829 920 1006 
1870 1005 1043 1044 
1871 752 753 754 
1872 663 664 665 
1873 691 695 696 
1874 373 374 1576 
1875 748 803 1559 
1876 1381 1035 1745 
1877 758 759 760 
1878 1576 1577 1578 
1879 996 997 998 
1880 722 747 748 
1881 1562 1563 1564 
1882 273 274 446 
1883 761 1530 1813 
1884 701 756 1548 
1885 1330 1097 1331 
1886 686 688 689 
1887 776 829 1585 
1888 1079 1660 1674 
1889 1027 1071 1072 
1890 1389 1390 2067 
1891 951 990 991 
1892 1372 1362 2037 
1893 1139 904 1140 
1894 939 942 1253 
1895 639 640 641 
1896 1417 1602 1691 
1897 1037 1000 1038 
1898 665 672 673 
1899 656 657 658 
1900 931 1067 1068 
1901 1874 482 1946 
1902 1077 1683 1687 
1903 1072 1073 1091 
1904 652 653 654 
1905 259 260 405 
1906 762 763 764 
1907 1517 66 1882 
1908 371 372 424 
1909 1281 1280 1282 
1910 675 683 684 
1911 998 1069 1070 
1912 1578 1580 1695 
1913 1024 1201 1202 
1914 1525 1526 1527 
1915 992 993 994 
1916 1044 1203 1204 
1917 766 771 772 
1918 641 649 650 
1919 916 1058 1059 
1920 1560 444 1561 
1921 256 257 1584 
1922 795 681 1650 
1923 1578 1579 1580 
1924 370 371 1591 
1925 506 504 512 
1926 839 959 1024 
1927 221 386 1264 
1928 1307 1306 2086 
1929 1202 1373 1374 
1930 1132 1465 1872 
1931 94 442 1688 
1932 785 786 787 
1933 368 369 423 
1934 789 790 791 
1935 1240 1245 1654 
1936 378 379 1608 
1937 1206 1239 1240 
1938 625 626 627 
1939 673 672 1610 
1940 1377 486 1537 
1941 627 629 630 
1942 1264 386 1265 
1943 987 985 999 
1944 839 1024 1647 
1945 774 775 776 
1946 1125 1128 1237 
1947 1533 1114 1806 
1948 793 799 800 
1949 907 930 931 
1950 426 1720 2030 
1951 632 633 634 
1952 1332 1331 1333 
1953 375 376 1623 
1954 1184 1185 1923 
1955 1384 1385 2084 
1956 1066 1231 1232 
1957 609 610 611 
1958 905 1151 1152 
1959 882 935 936 
1960 1152 1180 1603 
1961 473 1666 1982 
1962 373 1576 1625 
1963 1010 1011 1012 
1964 261 262 449 
1965 1090 864 1540 
1966 603 604 605 
1967 616 617 618 
1968 1053 1052 1060 
1969 1603 1180 1604 
1970 497 595 1879 
1971 365 366 419 
1972 1259 1257 1260 
1973 650 649 1609 
1974 431 1436 1997 
1975 724 694 725 
1976 618 619 620 
1977 818 725 819 
1978 1232 1434 1435 
1979 583 582 1546 
1980 1225 1226 1227 
1981 1227 1228 1261 
1982 374 425 1576 
1983 363 364 458 
1984 1152 1151 1180 
1985 1317 1682 2013 
1986 1191 1192 1193 
1987 801 822 861 
1988 753 1559 1685 
1989 372 373 1625 
1990 1435 1437 1439 
1991 607 608 609 
1992 1562 1561 1563 
1993 847 1008 1066 
1994 913 883 1048 
1995 1953 1518 2045 
1996 813 706 1743 
1997 810 915 916 
1998 818 819 1617 
1999 1451 406 1922 
2000 1415 1079 1416 
2001 361 362 417 
2002 1344 1345 1351 
2003 529 530 531 
2004 849 1026 1731 
2005 601 602 603 
2006 683 1610 1763 
2007 843 1341 2014 
2008 1161 1250 1982 
2009 1148 1149 1191 
2010 905 1139 1151 
2011 905 904 1139 
2012 991 1161 1614 
2013 825 1009 1010 
2014 760 759 1701 
2015 1303 1298 1824 
2016 784 778 785 
2017 1078 873 1079 
2018 271 272 384 
2019 801 800 820 
2020 792 791 793 
2021 359 360 459 
2022 1039 1038 1052 
2023 263 264 400 
2024 591 592 593 
2025 1351 1352 1353 
2026 979 977 980 
2027 1720 426 1721 
2028 1193 1194 1196 
2029 1623 1562 1643 
2030 1144 1145 1146 
2031 822 820 904 
2032 589 590 591 
2033 793 800 801 
2034 1576 425 1577 
2035 822 904 905 
2036 777 776 778 
2037 1458 1460 1462 
2038 269 270 448 
2039 1024 959 1201 
2040 265 266 450 
2041 357 358 413 
2042 1525 1376 1526 
2043 1578 1577 1579 
2044 260 261 1622 
2045 1520 1519 2081 
2046 778 776 1585 
2047 801 820 822 
2048 1597 1612 1870 
2049 1457 1456 2011 
2050 444 378 1608 
2051 789 791 792 
2052 1002 1003 1144 
2053 517 515 518 
2054 1146 1147 1148 
2055 788 787 789 
2056 719 847 1678 
2057 1261 1343 1344 
2058 272 273 1606 
2059 267 268 387 
2060 1146 1222 1942 
2061 967 965 968 
2062 355 356 461 
2063 371 424 1591 
2064 1330 1331 1332 
2065 1371 1372 1713 
2066 1202 1201 1373 
2067 1106 1451 1922 
2068 585 586 587 
2069 761 760 762 
2070 1118 516 1689 
2071 1119 1077 1120 
2072 1196 1197 1225 
2073 1626 653 1679 
2074 438 1485 1931 
2075 1558 1552 2061 
2076 942 1400 1927 
2077 358 359 1634 
2078 353 354 409 
2079 286 287 457 
2080 1283 1282 1284 
2081 285 286 1621 
2082 1580 1579 1581 
2083 572 573 574 
2084 773 772 774 
2085 521 518 522 
2086 31 32 1692 
2087 574 577 578 
2088 498 496 1716 
2089 961 946 962 
2090 751 750 752 
2091 458 1328 1898 
2092 356 357 1638 
2093 1364 430 2068 
2094 757 754 758 
2095 262 263 1628 
2096 785 787 788 
2097 411 256 1584 
2098 1190 1189 1682 
2099 351 352 463 
2100 1076 1042 1077 
2101 441 490 491 
2102 944 941 945 
2103 1175 1048 1176 
2104 1078 1079 1415 
2105 354 355 1639 
2106 799 1631 1783 
2107 1078 1415 1417 
2108 570 571 572 
2109 794 886 1002 
2110 765 764 766 
2111 777 778 784 
2112 719 718 720 
2113 1135 1768 1856 
2114 1090 1540 1637 
2115 578 582 583 
2116 777 784 839 
2117 349 350 407 
2118 425 375 1623 
2119 1527 1526 1528 
2120 1184 1055 1185 
2121 983 982 984 
2122 352 353 1642 
2123 953 809 1507 
2124 1122 955 1613 
2125 774 776 777 
2126 347 348 465 
2127 955 872 1007 
2128 270 271 1627 
2129 264 265 1629 
2130 1019 912 1020 
2131 1575 713 1706 
2132 839 873 959 
2133 67 415 1882 
2134 1028 1485 1905 
2135 345 346 406 
2136 350 351 1644 
2137 706 640 1676 
2138 981 980 982 
2139 932 740 1494 
2140 1700 737 1739 
2141 1207 934 1208 
2142 708 703 709 
2143 959 873 1078 
2144 1218 1217 1219 
2145 839 784 873 
2146 266 267 1630 
2147 766 772 773 
2148 750 748 1559 
2149 754 753 1810 
2150 749 748 750 
2151 1205 1204 1206 
2152 548 549 550 
2153 226 9 1935 
2154 1257 1090 1637 
2155 348 349 1645 
2156 1332 1333 1335 
2157 343 344 466 
2158 1581 1579 1582 
2159 1422 1309 1516 
2160 718 716 1547 
2161 684 683 1648 
2162 257 447 1584 
2163 1082 1081 1476 
2164 500 498 659 
2165 917 831 1467 
2166 717 716 718 
2167 1241 1240 1242 
2168 1989 1512 2044 
2169 1577 425 1643 
2170 424 372 1625 
2171 763 1701 1712 
2172 1624 688 1690 
2173 1216 1215 1217 
2174 341 342 404 
2175 550 551 552 
2176 758 760 761 
2177 1111 1109 1755 
2178 703 701 1548 
2179 1168 1103 1169 
2180 88 421 1852 
2181 1330 1332 1334 
2182 564 565 566 
2183 566 567 568 
2184 562 563 564 
2185 599 612 613 
2186 1643 1564 1693 
2187 702 701 703 
2188 339 340 467 
2189 220 1264 1358 
2190 1242 1240 1654 
2191 969 968 970 
2192 1079 873 1660 
2193 697 696 698 
2194 541 542 543 
2195 645 647 648 
2196 773 774 1647 
2197 543 545 546 
2198 9 280 1935 
2199 546 547 548 
2200 337 338 402 
2201 1139 1140 1907 
2202 648 669 670 
2203 670 693 694 
2204 975 974 976 
2205 971 970 972 
2206 560 561 562 
2207 49 456 1831 
2208 762 764 765 
2209 225 226 486 
2210 973 972 974 
2211 425 1623 1643 
2212 1143 1059 1896 
2213 552 579 580 
2214 335 336 468 
2215 784 785 1660 
2216 286 457 1621 
2217 785 788 1660 
2218 254 255 1750 
2219 613 635 636 
2220 287 288 1640 
2221 397 219 1358 
2222 597 598 599 
2223 1149 1147 1751 
2224 963 962 964 
2225 1329 1097 1330 
2226 1028 837 1046 
2227 580 596 597 
2228 428 48 1831 
2229 1066 1008 1231 
2230 1100 989 1101 
2231 752 754 757 
2232 380 381 1728 
2233 333 334 401 
2234 1497 666 1814 
2235 643 644 645 
2236 1541 692 1808 
2237 847 1066 1678 
2238 774 777 1647 
2239 1096 1046 1097 
2240 636 642 643 
2241 1652 1247 1913 
2242 1326 1325 1880 
2243 1078 1417 1691 
2244 82 83 1792 
2245 1351 1345 1352 
2246 1528 1526 1529 
2247 523 522 524 
2248 1331 1097 1739 
2249 690 689 691 
2250 403 285 1621 
2251 331 332 469 
2252 1260 1257 1637 
2253 336 337 1652 
2254 1232 1231 1434 
2255 621 1746 1899 
2256 531 532 533 
2257 1416 1079 1674 
2258 1076 1077 1119 
2259 622 676 1731 
2260 1337 1339 1341 
2261 685 684 686 
2262 1271 1272 1273 
2263 334 335 1655 
2264 329 330 396 
2265 1795 2031 2039 
2266 1249 1302 1926 
2267 777 839 1647 
2268 1435 1434 1437 
2269 360 361 1704 
2270 327 328 470 
2271 1531 1166 1767 
2272 1348 1178 1842 
2273 1825 1327 1875 
2274 1021 1020 1022 
2275 1563 1565 1783 
2276 59 60 1893 
2277 1046 1700 1739 
2278 751 752 1683 
2279 1390 1013 2067 
2280 1206 1240 1241 
2281 1281 1283 1785 
2282 1492 476 1770 
2283 325 326 395 
2284 662 658 663 
2285 525 524 526 
2286 330 331 1656 
2287 1044 1204 1205 
2288 359 459 1634 
2289 749 751 1041 
2290 1470 682 1724 
2291 749 750 751 
2292 1163 1346 1961 
2293 1745 1035 1889 
2294 819 837 883 
2295 288 289 382 
2296 1344 1343 1345 
2297 533 534 535 
2298 1283 1284 1981 
2299 323 324 472 
2300 937 939 1635 
2301 722 748 749 
2302 674 673 675 
2303 1063 1062 1732 
2304 520 553 554 
2305 1424 1281 2064 
2306 328 329 1658 
2307 1015 1014 1016 
2308 1567 392 1903 
2309 939 1253 1635 
2310 719 720 807 
2311 1866 1440 1937 
2312 1170 1607 1938 
2313 321 322 394 
2314 388 1372 2037 
2315 32 435 1692 
2316 326 327 1659 
2317 224 225 489 
2318 1104 1070 1105 
2319 873 784 1660 
2320 887 888 889 
2321 535 536 537 
2322 1 118 1944 
2323 1227 1226 1228 
2324 1076 1119 1213 
2325 1041 1042 1075 
2326 1305 906 1879 
2327 319 320 473 
2328 655 654 656 
2329 513 519 520 
2330 537 538 539 
2331 1096 1097 1329 
2332 835 836 840 
2333 862 863 887 
2334 496 494 768 
2335 1947 1207 1988 
2336 1038 1000 1727 
2337 268 269 1718 
2338 1205 1206 1651 
2339 1261 1228 1343 
2340 317 318 393 
2341 988 815 989 
2342 357 413 1638 
2343 922 923 924 
2344 924 925 1030 
2345 322 323 1664 
2346 1041 751 1042 
2347 840 841 852 
2348 889 890 922 
2349 959 1078 1691 
2350 1017 1016 1034 
2351 1268 1270 1271 
2352 405 260 1622 
2353 1032 1033 1234 
2354 651 650 652 
2355 711 716 717 
2356 831 832 833 
2357 1075 1042 1076 
2358 1449 404 1977 
2359 315 316 474 
2360 223 224 441 
2361 413 358 1634 
2362 1028 1046 1096 
2363 1385 976 1921 
2364 279 1 1944 
2365 1273 1275 1276 
2366 320 321 1666 
2367 717 718 719 
2368 222 223 1310 
2369 290 291 471 
2370 273 446 1606 
2371 1139 1907 1949 
2372 1004 1186 2032 
2373 1075 1076 1677 
2374 763 760 1701 
2375 833 834 835 
2376 313 314 392 
2377 289 290 1661 
2378 1213 1119 1313 
2379 1077 1042 1683 
2380 1201 959 1691 
2381 1670 1348 1842 
2382 694 693 737 
2383 58 420 1890 
2384 852 853 862 
2385 311 312 475 
2386 708 709 806 
2387 1030 1031 1032 
2388 461 356 1638 
2389 218 397 1298 
2390 638 634 639 
2391 361 417 1704 
2392 309 310 391 
2393 1728 1558 2061 
2394 773 1605 1725 
2395 719 807 847 
2396 765 1524 1789 
2397 1120 1077 1687 
2398 93 94 1688 
2399 355 461 1639 
2400 454 57 1890 
2401 1304 2018 2076 
2402 1066 1232 1807 
2403 1135 1381 1768 
2404 1653 1531 1858 
2405 307 308 476 
2406 819 725 837 
2407 698 701 702 
2408 1158 1157 1764 
2409 1353 1812 2091 
2410 883 837 1028 
2411 1625 1578 1695 
2412 1171 1215 1216 
2413 1600 861 1844 
2414 110 398 1302 
2415 1225 1197 1226 
2416 305 306 390 
2417 869 868 898 
2418 691 696 697 
2419 409 354 1639 
2420 878 797 879 
2421 459 360 1704 
2422 1010 1009 1011 
2423 1436 1438 1997 
2424 1012 1011 1318 
2425 1579 1577 1693 
2426 292 293 1662 
2427 303 304 477 
2428 702 703 708 
2429 310 311 1669 
2430 1559 1005 1685 
2431 97 98 1769 
2432 752 757 1683 
2433 844 804 845 
2434 670 669 693 
2435 865 845 866 
2436 301 302 389 
2437 867 866 868 
2438 261 449 1622 
2439 648 647 669 
2440 1582 1579 1693 
2441 847 884 1008 
2442 955 1007 1613 
2443 353 409 1642 
2444 1101 1103 1168 
2445 899 898 900 
2446 646 528 1781 
2447 299 300 479 
2448 1147 1211 1751 
2449 796 882 1724 
2450 387 268 1718 
2451 1577 1643 1693 
2452 1216 1217 1218 
2453 1428 1220 2057 
2454 1334 1601 1941 
2455 306 307 1672 
2456 916 915 1058 
2457 847 807 884 
2458 1059 1058 1233 
2459 631 630 632 
2460 1008 884 1113 
2461 1206 1241 1651 
2462 297 298 388 
2463 304 305 1673 
2464 702 708 805 
2465 463 352 1642 
2466 645 644 647 
2467 730 816 817 
2468 1237 1128 1238 
2469 295 296 480 
2470 1193 1192 1194 
2471 1055 953 1665 
2472 302 303 1675 
2473 38 434 1830 
2474 506 512 513 
2475 293 294 383 
2476 492 490 897 
2477 624 620 625 
2478 1545 46 1886 
2479 449 262 1628 
2480 686 689 690 
2481 351 463 1644 
2482 1191 1149 1192 
2483 901 900 902 
2484 1129 1127 1130 
2485 980 977 1735 
2486 1181 1750 1759 
2487 1218 1219 1887 
2488 1042 751 1683 
2489 298 299 1680 
2490 1086 936 1141 
2491 118 117 487 
2492 1035 1034 1183 
2493 615 611 616 
2494 675 684 685 
2495 949 951 1699 
2496 296 297 1681 
2497 903 902 1074 
2498 384 272 1606 
2499 407 350 1644 
2500 1353 1795 2039 
2501 1196 1194 1197 
2502 1216 1218 1493 
2503 1464 1649 1978 
2504 349 407 1645 
2505 968 965 1734 
2506 1168 1169 1396 
2507 527 526 528 
2508 643 642 644 
2509 1021 1022 1717 
2510 1306 1731 2086 
2511 807 720 1686 
2512 1627 2005 2077 
2513 693 669 808 
2514 998 1070 1104 
2515 465 348 1645 
2516 720 722 1686 
2517 424 1625 1695 
2518 606 605 607 
2519 766 773 1725 
2520 1537 486 1935 
2521 665 673 674 
2522 1076 1213 1677 
2523 613 612 635 
2524 1458 594 1460 
2525 1298 1299 1824 
2526 953 1507 1665 
2527 1005 1044 1685 
2528 1633 763 1712 
2529 934 932 1668 
2530 1126 1124 1127 
2531 647 644 828 
2532 457 287 1640 
2533 636 635 642 
2534 221 222 386 
2535 1293 1294 2065 
2536 529 528 530 
2537 263 400 1628 
2538 1140 1589 1907 
2539 1349 1093 1912 
2540 1148 1147 1149 
2541 1221 2060 2074 
2542 599 598 612 
2543 1100 1101 1707 
2544 685 686 1667 
2545 1298 397 1299 
2546 962 946 1738 
2547 1185 1055 1665 
2548 460 1373 2021 
2549 656 658 662 
2550 400 264 1629 
2551 1167 1029 1730 
2552 47 428 1886 
2553 271 384 1627 
2554 652 654 655 
2555 1207 1208 1988 
2556 1213 1313 1830 
2557 932 1494 1668 
2558 448 270 1627 
2559 699 523 1788 
2560 1146 1145 1147 
2561 885 860 907 
2562 588 587 589 
2563 988 989 1100 
2564 265 450 1629 
2565 1144 1003 1145 
2566 600 593 601 
2567 1177 1082 1476 
2568 450 266 1630 
2569 493 495 906 
2570 1506 1144 1942 
2571 807 1686 1757 
2572 597 596 598 
2573 550 549 551 
2574 806 709 1711 
2575 694 737 1700 
2576 1187 1798 1868 
2577 491 490 492 
2578 1228 1226 1236 
2579 1136 1354 1749 
2580 1733 1497 1814 
2581 1556 1557 1917 
2582 709 711 1711 
2583 1479 1478 2058 
2584 552 551 579 
2585 733 1767 1834 
2586 267 387 1630 
2587 659 498 1716 
2588 641 650 651 
2589 580 579 596 
2590 1046 837 1700 
2591 1108 1772 1846 
2592 859 767 860 
2593 1222 1148 1891 
2594 1030 1032 1778 
2595 662 663 713 
2596 1118 1531 1767 
2597 1603 1611 2019 
2598 1614 1613 1762 
2599 662 713 738 
2600 548 547 549 
2601 1416 1674 1971 
2602 1101 1168 1707 
2603 443 253 1847 
2604 655 656 1671 
2605 1664 472 1959 
2606 442 95 1828 
2607 1208 934 1668 
2608 682 796 1724 
2609 116 115 440 
2610 1303 1424 2064 
2611 55 56 1836 
2612 1462 875 2024 
2613 1044 1205 1685 
2614 722 749 1686 
2615 1085 1021 1717 
2616 632 634 638 
2617 254 1750 1847 
2618 725 694 1700 
2619 1002 886 1003 
2620 674 675 1715 
2621 1155 1962 2063 
2622 738 815 825 
2623 337 402 1652 
2624 749 1041 1686 
2625 1323 1158 1875 
2626 950 948 2052 
2627 1476 1081 1657 
2628 627 630 631 
2629 825 988 1009 
2630 484 380 1728 
2631 468 336 1652 
2632 35 433 1867 
2633 666 1495 1814 
2634 686 690 1667 
2635 401 1515 1817 
2636 96 482 1828 
2637 882 936 1086 
2638 1278 1279 1280 
2639 60 61 1849 
2640 584 583 585 
2641 335 468 1655 
2642 546 545 547 
2643 642 635 783 
2644 401 334 1655 
2645 497 499 595 
2646 432 1343 2046 
2647 1169 1171 1696 
2648 1404 423 1950 
2649 638 712 741 
2650 814 770 826 
2651 465 1646 1765 
2652 543 542 545 
2653 410 1409 2049 
2654 878 879 1050 
2655 1032 1031 1033 
2656 882 1086 1724 
2657 1318 1011 1382 
2658 1160 1038 1727 
2659 618 620 624 
2660 638 639 712 
2661 1442 575 1911 
2662 1792 410 1955 
2663 288 382 1640 
2664 1030 925 1031 
2665 924 923 925 
2666 411 1584 1755 
2667 569 568 570 
2668 1740 755 2042 
2669 612 598 755 
2670 453 282 1826 
2671 1396 1169 1696 
2672 765 766 1725 
2673 1495 707 1761 
2674 331 469 1656 
2675 928 826 1027 
2676 1376 1374 1804 
2677 1581 1582 1864 
2678 1486 1048 1905 
2679 675 685 1715 
2680 1657 1081 1732 
2681 858 1425 1975 
2682 951 991 1699 
2683 609 611 615 
2684 717 1678 1711 
2685 741 797 810 
2686 738 713 815 
2687 922 890 923 
2688 396 330 1656 
2689 220 221 1264 
2690 346 347 1765 
2691 711 717 1711 
2692 1102 1575 1839 
2693 910 1860 1930 
2694 825 815 988 
2695 503 505 507 
2696 794 1002 1838 
2697 631 632 1684 
2698 308 309 1770 
2699 329 396 1658 
2700 889 888 890 
2701 1081 1063 1732 
2702 1020 912 1743 
2703 603 605 606 
2704 624 714 1087 
2705 887 863 888 
2706 912 813 1743 
2707 1572 1357 2092 
2708 1000 999 1727 
2709 1022 1020 1244 
2710 470 328 1658 
2711 347 465 1765 
2712 936 1114 1705 
2713 1109 1047 1759 
2714 1446 1132 1744 
2715 1686 1041 1757 
2716 810 878 915 
2717 218 219 397 
2718 541 539 542 
2719 633 1632 2090 
2720 327 470 1659 
2721 762 765 1789 
2722 837 725 1700 
2723 501 1568 1790 
2724 1086 1141 1619 
2725 559 558 560 
2726 1552 1553 1857 
2727 219 220 1358 
2728 931 1068 1133 
2729 1182 917 1467 
2730 440 1296 1509 
2731 395 326 1659 
2732 110 109 398 
2733 656 662 1671 
2734 487 117 1262 
2735 624 625 714 
2736 406 346 1765 
2737 453 1537 2028 
2738 831 817 832 
2739 1129 1130 1230 
2740 113 112 385 
2741 1491 426 2030 
2742 2 216 399 
2743 1141 936 1705 
2744 862 853 863 
2745 90 91 1865 
2746 615 739 1094 
2747 1973 1457 2011 
2748 1123 1125 1853 
2749 741 712 797 
2750 1768 621 1802 
2751 1031 925 1057 
2752 1536 737 1812 
2753 606 728 1092 
2754 531 530 532 
2755 1094 1095 1123 
2756 507 508 509 
2757 323 472 1664 
2758 1233 1058 1315 
2759 1269 1267 1305 
2760 600 723 1098 
2761 840 836 841 
2762 591 593 600 
2763 965 964 1734 
2764 437 1415 1870 
2765 1125 1126 1128 
2766 1627 384 2005 
2767 1123 1124 1125 
2768 977 976 1735 
2769 1194 1192 1195 
2770 1126 1127 1129 
2771 394 322 1664 
2772 382 289 1661 
2773 585 587 588 
2774 852 841 853 
2775 321 394 1666 
2776 946 945 1738 
2777 835 834 836 
2778 584 1441 1892 
2779 83 410 1792 
2780 1171 1216 1696 
2781 533 532 534 
2782 1602 1417 1999 
2783 1221 980 1735 
2784 810 797 878 
2785 255 411 1750 
2786 1610 996 1763 
2787 588 742 743 
2788 473 320 1666 
2789 615 616 739 
2790 1092 1093 1349 
2791 535 534 536 
2792 537 536 538 
2793 806 1711 1807 
2794 1097 1046 1739 
2795 557 556 558 
2796 663 665 1706 
2797 730 680 816 
2798 1513 1363 2072 
2799 1210 1246 1794 
2800 596 579 726 
2801 1052 1038 1160 
2802 1308 968 1734 
2803 743 744 745 
2804 606 607 728 
2805 480 1513 1871 
2806 894 895 1166 
2807 833 832 834 
2808 1987 1223 2043 
2809 290 471 1661 
2810 1004 877 1186 
2811 1816 408 2032 
2812 859 885 1164 
2813 758 761 1813 
2814 1528 1529 1867 
2815 570 572 575 
2816 557 559 894 
2817 1589 439 1907 
2818 1087 714 1212 
2819 368 423 1837 
2820 851 802 877 
2821 713 663 1706 
2822 890 888 891 
2823 578 583 584 
2824 217 218 1298 
2825 447 258 1850 
2826 111 110 1302 
2827 964 962 1134 
2828 942 1927 2003 
2829 745 767 804 
2830 1107 1210 1862 
2831 1566 1401 2093 
2832 1134 962 1738 
2833 905 1152 1844 
2834 970 968 1308 
2835 787 786 1864 
2836 1147 1145 1211 
2837 1216 1493 1696 
2838 982 980 1221 
2839 43 44 1888 
2840 600 601 723 
2841 509 510 511 
2842 1410 1734 1861 
2843 734 733 735 
2844 632 638 1684 
2845 311 475 1669 
2846 974 972 1088 
2847 555 554 556 
2848 639 641 1710 
2849 925 923 1733 
2850 269 448 1718 
2851 732 731 733 
2852 391 310 1669 
2853 482 97 1769 
2854 1378 1136 1894 
2855 863 853 1083 
2856 1230 1130 1702 
2857 549 547 671 
2858 1137 1549 1966 
2859 1264 1265 1266 
2860 1529 1526 1804 
2861 859 860 885 
2862 1313 1119 1797 
2863 732 734 736 
2864 786 1585 1877 
2865 1587 1095 1835 
2866 1094 739 1095 
2867 307 476 1672 
2868 588 589 742 
2869 381 5 1986 
2870 1123 1095 1124 
2871 1783 1631 2010 
2872 1125 1124 1126 
2873 669 647 1709 
2874 390 306 1672 
2875 1498 1496 1805 
2876 861 822 1844 
2877 411 1755 1759 
2878 305 390 1673 
2879 858 1445 1753 
2880 736 802 823 
2881 662 738 1671 
2882 1509 1296 1860 
2883 53 54 1929 
2884 566 568 569 
2885 539 538 1754 
2886 511 514 515 
2887 477 304 1673 
2888 584 585 1697 
2889 849 856 1026 
2890 560 562 576 
2891 303 477 1675 
2892 928 1379 1380 
2893 808 669 1709 
2894 1350 667 1820 
2895 389 302 1675 
2896 1092 728 1093 
2897 1284 1285 1288 
2898 823 851 1014 
2899 1041 1075 1757 
2900 1414 1175 1969 
2901 293 383 1662 
2902 647 828 1709 
2903 385 112 1885 
2904 712 639 1710 
2905 545 542 1150 
2906 794 814 886 
2907 1011 1009 1721 
2908 868 866 896 
2909 1630 387 1744 
2910 41 431 1997 
2911 581 516 731 
2912 457 1392 1995 
2913 299 479 1680 
2914 1189 1433 2013 
2915 1646 1106 1922 
2916 1255 1033 1884 
2917 581 1572 1801 
2918 1983 1238 2081 
2919 1003 886 1224 
2920 461 1638 1862 
2921 505 504 506 
2922 388 298 1680 
2923 903 1074 1845 
2924 743 742 744 
2925 297 388 1681 
2926 678 1505 1915 
2927 1304 1259 2018 
2928 1153 1591 1952 
2929 1564 1563 1783 
2930 514 510 516 
2931 1244 1020 1743 
2932 569 570 1698 
2933 665 674 1706 
2934 480 296 1681 
2935 616 618 1722 
2936 1203 1342 2050 
2937 440 115 1295 
2938 841 836 875 
2939 1271 1270 1272 
2940 1488 479 1948 
2941 1164 885 1165 
2942 491 492 493 
2943 1616 744 1848 
2944 1273 1272 1275 
2945 1058 915 1742 
2946 884 807 1757 
2947 520 554 555 
2948 318 319 1800 
2949 1251 1030 1778 
2950 1882 415 1989 
2951 382 1661 1749 
2952 309 391 1770 
2953 745 744 767 
2954 1299 397 1359 
2955 1096 1329 1931 
2956 900 898 1243 
2957 1288 1289 1445 
2958 1062 1060 1786 
2959 996 998 1763 
2960 5 11 1986 
2961 804 767 859 
2962 753 1685 1810 
2963 1072 1091 1138 
2964 1083 1463 2059 
2965 834 832 929 
2966 817 816 1758 
2967 1296 1295 1503 
2968 476 308 1770 
2969 1259 1260 2036 
2970 828 644 1737 
2971 607 609 1729 
2972 638 741 1684 
2973 1445 858 1975 
2974 333 401 1817 
2975 601 603 1726 
2976 814 826 928 
2977 1060 1052 1773 
2978 1151 1139 1949 
2979 1481 1073 1748 
2980 1634 1356 1916 
2981 1845 1187 1868 
2982 1131 1587 1939 
2983 503 502 504 
2984 111 1302 1885 
2985 1074 902 1116 
2986 1093 1853 1912 
2987 998 1104 1763 
2988 506 513 870 
2989 1278 1276 1279 
2990 806 1543 1854 
2991 555 1653 1766 
2992 769 770 794 
2993 1405 474 2023 
2994 1009 988 1720 
2995 281 453 2028 
2996 928 1027 1379 
2997 319 473 1800 
2998 284 403 1900 
2999 518 515 855 
3000 469 332 1817 
3001 988 1100 1720 
3002 644 642 1737 
3003 557 558 559 
3004 1166 895 1235 
3005 641 651 1710 
3006 42 43 1967 
3007 761 762 1789 
3008 894 559 895 
3009 501 500 502 
3010 259 405 1850 
3011 365 419 1883 
3012 399 216 1303 
3013 739 616 1722 
3014 1098 723 1775 
3015 1711 1678 1807 
3016 393 318 1800 
3017 1353 1352 1795 
3018 1511 1510 1823 
3019 1302 398 1926 
3020 443 1847 1855 
3021 707 1408 2038 
3022 585 588 1697 
3023 832 817 1758 
3024 737 693 1812 
3025 1382 1011 1721 
3026 1588 697 2079 
3027 1151 1949 1992 
3028 1152 1603 2019 
3029 493 492 494 
3030 1510 412 1914 
3031 801 861 1902 
3032 714 1859 1957 
3033 542 539 1754 
3034 1518 1517 2000 
3035 589 591 1741 
3036 1522 614 2083 
3037 398 109 1300 
3038 631 1573 1859 
3039 81 82 1747 
3040 1281 1785 2064 
3041 1501 408 1816 
3042 392 1566 1919 
3043 733 731 1767 
3044 794 770 814 
3045 325 395 1822 
3046 1777 595 1790 
3047 507 505 508 
3048 29 1602 1999 
3049 1057 925 1733 
3050 1680 479 1713 
3051 393 1405 2023 
3052 1536 1812 2039 
3053 4 249 1991 
3054 845 804 1723 
3055 538 536 692 
3056 499 498 500 
3057 728 607 1729 
3058 732 733 734 
3059 487 1262 1263 
3060 1220 1535 2057 
3061 363 458 1898 
3062 1034 1016 1708 
3063 555 556 557 
3064 635 612 1740 
3065 1473 467 2055 
3066 1289 1285 1752 
3067 437 28 1999 
3068 1685 1205 1810 
3069 792 793 1902 
3070 497 496 498 
3071 851 877 1004 
3072 495 494 496 
3073 570 575 1698 
3074 1119 1120 1797 
3075 538 692 769 
3076 642 783 1737 
3077 1193 1196 2017 
3078 332 333 1817 
3079 472 324 1822 
3080 458 364 1883 
3081 1175 1176 2006 
3082 736 734 802 
3083 723 601 1726 
3084 1571 402 2066 
3085 1675 1369 2073 
3086 991 1614 1762 
3087 1009 1720 1721 
3088 1253 942 2003 
3089 581 731 732 
3090 768 1670 1842 
3091 21 22 1958 
3092 823 802 851 
3093 409 1639 1794 
3094 1659 1429 1968 
3095 1596 1597 1971 
3096 624 1087 1722 
3097 1380 1379 1747 
3098 783 635 1740 
3099 1320 1107 1862 
3100 588 743 1697 
3101 1150 1506 1918 
3102 907 1518 2000 
3103 618 624 1722 
3104 1173 1174 1833 
3105 1757 1075 1809 
3106 444 1608 1917 
3107 509 508 510 
3108 1045 1509 1860 
3109 524 522 621 
3110 503 504 505 
3111 1750 411 1759 
3112 1450 466 1936 
3113 1359 1271 2022 
3114 1315 1058 1742 
3115 972 970 1756 
3116 612 755 1740 
3117 530 528 646 
3118 514 516 581 
3119 1508 927 2062 
3120 417 362 1898 
3121 370 1591 1950 
3122 884 1757 1809 
3123 418 1520 1976 
3124 1774 1083 2059 
3125 511 510 514 
3126 534 532 782 
3127 1295 1297 1503 
3128 1332 1335 1874 
3129 1258 1304 1837 
3130 52 53 1974 
3131 1526 1376 1804 
3132 1750 1181 1847 
3133 1438 1113 1851 
3134 615 1094 1729 
3135 324 325 1822 
3136 603 606 1726 
3137 742 589 1741 
3138 769 692 770 
3139 609 615 1729 
3140 1328 1203 2050 
3141 404 1473 2055 
3142 1075 1677 1809 
3143 606 1092 1726 
3144 501 502 503 
3145 493 494 495 
3146 98 3 2004 
3147 3 99 2004 
3148 859 1164 1723 
3149 1755 1109 1759 
3150 1284 1282 1285 
3151 1518 907 2045 
3152 1266 1265 1267 
3153 1687 757 1813 
3154 755 598 1760 
3155 1266 1267 1268 
3156 1827 1222 1891 
3157 1280 1279 1286 
3158 1300 1301 1904 
3159 2006 1176 2027 
3160 598 596 1760 
3161 464 1603 1958 
3162 1141 1717 1818 
3163 538 769 1754 
3164 1619 1141 1818 
3165 600 1098 1741 
3166 731 1118 1767 
3167 499 500 501 
3168 1088 1383 2084 
3169 497 498 499 
3170 1434 431 1967 
3171 1571 1209 1895 
3172 789 792 1954 
3173 495 496 497 
3174 423 369 1950 
3175 1357 1135 1856 
3176 1868 735 1869 
3177 1923 1185 2033 
3178 487 1487 1944 
3179 1699 991 1762 
3180 614 1821 1920 
3181 1272 1270 1274 
3182 909 1045 1860 
3183 804 859 1723 
3184 930 1616 1972 
3185 513 520 1766 
3186 757 758 1813 
3187 1689 508 1796 
3188 1398 1399 2034 
3189 591 600 1741 
3190 1286 1279 1287 
3191 1052 1160 1773 
3192 1531 1118 1858 
3193 1288 1285 1289 
3194 1205 1651 1810 
3195 708 806 1854 
3196 739 1722 1835 
3197 1357 1856 2092 
3198 1211 1779 2049 
3199 1268 1269 1270 
3200 1649 1137 1966 
3201 999 985 1964 
3202 19 6 2009 
3203 6 20 2009 
3204 1113 884 1809 
3205 595 499 1790 
3206 1138 1932 2068 
3207 1413 1523 2012 
3208 1514 1084 1878 
3209 440 1295 1296 
3210 866 845 1771 
3211 282 283 1826 
3212 467 1571 2066 
3213 107 4 1991 
3214 596 726 1760 
3215 1603 1604 1958 
3216 1150 542 1754 
3217 1329 1330 1941 
3218 856 858 1753 
3219 877 802 1798 
3220 929 832 1758 
3221 1270 1269 1776 
3222 2018 1259 2036 
3223 345 406 1936 
3224 1145 1003 1779 
3225 898 868 1780 
3226 89 90 1934 
3227 1277 1424 1824 
3228 1162 1961 1995 
3229 1717 1022 1818 
3230 1060 1773 1786 
3231 1268 1267 1269 
3232 470 1658 1806 
3233 970 1308 1756 
3234 1969 1175 2006 
3235 1499 1774 2059 
3236 1088 972 1756 
3237 891 888 1774 
3238 714 625 1859 
3239 1182 1468 2005 
3240 728 1729 1840 
3241 1027 1072 1782 
3242 693 808 1812 
3243 1470 1724 1803 
3244 419 366 2076 
3245 1390 1963 2020 
3246 1379 1027 1782 
3247 56 454 1836 
3248 1211 1145 1779 
3249 1678 1066 1807 
3250 1795 442 2031 
3251 1286 1287 1291 
3252 888 863 1774 
3253 723 1726 1841 
3254 402 1571 1895 
3255 295 480 1871 
3256 1733 923 1829 
3257 797 712 1873 
3258 1288 1445 1975 
3259 1855 1414 1969 
3260 95 96 1828 
3261 1687 1813 1928 
3262 902 900 1784 
3263 1340 1776 1777 
3264 466 344 1936 
3265 1224 886 1787 
3266 928 1380 1787 
3267 343 466 1977 
3268 863 1083 1774 
3269 493 906 2087 
3270 553 687 1821 
3271 367 368 1837 
3272 315 474 1903 
3273 828 1737 2080 
3274 927 854 2062 
3275 1178 1177 1842 
3276 805 1588 2079 
3277 1236 1226 1876 
3278 1682 910 1930 
3279 383 294 1871 
3280 1275 1694 1897 
3281 258 259 1850 
3282 1026 1753 1863 
3283 1195 1192 1819 
3284 1083 853 1791 
3285 896 866 1771 
3286 412 1489 2089 
3287 61 418 1849 
3288 2032 1479 2058 
3289 253 254 1847 
3290 1564 1783 2010 
3291 1180 1151 1992 
3292 1373 1201 2021 
3293 1601 455 1941 
3294 1003 1224 1779 
3295 1568 843 1943 
3296 37 38 1830 
3297 627 631 1859 
3298 1722 1087 1835 
3299 886 814 1787 
3300 1305 1267 1956 
3301 313 392 1919 
3302 890 891 1829 
3303 392 314 1903 
3304 341 404 2055 
3305 726 579 1827 
3306 48 49 1831 
3307 868 896 1780 
3308 1674 788 1954 
3309 339 467 2066 
3310 1845 1074 1910 
3311 742 1741 1848 
3312 404 342 1977 
3313 734 735 1798 
3314 1198 1159 1909 
3315 1243 898 1780 
3316 1150 1754 1838 
3317 845 1723 1771 
3318 853 841 1791 
3319 1988 1208 2070 
3320 875 836 1793 
3321 520 555 1766 
3322 1706 674 1839 
3323 870 513 1766 
3324 1026 856 1753 
3325 1126 1129 1843 
3326 506 870 1796 
3327 1125 1237 1853 
3328 855 515 1801 
3329 475 312 1919 
3330 1180 1992 2025 
3331 505 506 1796 
3332 1813 1530 1928 
3333 1530 1527 1928 
3334 1867 433 2075 
3335 1094 1123 1840 
3336 398 1300 1314 
3337 1086 1619 1803 
3338 1575 1706 1839 
3339 1439 1437 1888 
3340 1091 1142 1889 
3341 697 698 2079 
3342 1429 1200 1968 
3343 836 834 1793 
3344 1092 1349 1841 
3345 562 564 1825 
3346 1724 1086 1803 
3347 923 890 1829 
3348 1754 769 1838 
3349 841 875 1791 
3350 1183 1034 1799 
3351 900 1243 1784 
3352 1072 1138 1782 
3353 1116 902 1784 
3354 522 518 1802 
3355 1729 1094 1840 
3356 301 389 1948 
3357 515 514 1801 
3358 1198 1387 2048 
3359 1663 471 2094 
3360 576 562 1825 
3361 467 340 2055 
3362 822 905 1844 
3363 1276 1275 1897 
3364 702 805 2079 
3365 402 338 2066 
3366 1274 1270 1776 
3367 768 1842 1908 
3368 451 1364 1932 
3369 1115 903 1845 
3370 1106 1646 2040 
3371 1253 2003 2052 
3372 1726 1092 1841 
3373 814 928 1787 
3374 1356 1156 1916 
3375 834 929 1793 
3376 805 1854 1866 
3377 317 393 2023 
3378 1662 1663 2094 
3379 1059 1233 1832 
3380 1192 1149 1819 
3381 576 1764 1881 
3382 560 576 1881 
3383 1445 1289 1820 
3384 292 1662 2094 
3385 479 300 1948 
3386 1048 883 1905 
3387 1188 1190 1998 
3388 1280 1286 1815 
3389 579 551 1827 
3390 1734 964 1861 
3391 91 432 1865 
3392 1752 1285 1815 
3393 1553 1556 1857 
3394 1031 1057 1884 
3395 1527 1528 1940 
3396 1341 1339 2014 
3397 976 974 1921 
3398 518 855 1802 
3399 1632 1818 2090 
3400 1487 279 1944 
3401 389 1675 2073 
3402 1741 1098 1848 
3403 680 678 1915 
3404 1437 1434 1967 
3405 652 655 2020 
3406 1859 1573 1957 
3407 1149 1751 1819 
3408 1294 1762 2065 
3409 87 88 1852 
3410 1057 1733 1814 
3411 1194 1195 1901 
3412 735 733 1834 
3413 1715 685 1938 
3414 499 501 1790 
3415 1181 1112 1855 
3416 294 295 1871 
3417 474 316 2023 
3418 802 734 1798 
3419 790 787 1864 
3420 1872 1465 1987 
3421 536 534 1808 
3422 1909 1159 1960 
3423 471 291 2094 
3424 1826 283 1900 
3425 1057 1761 1884 
3426 1809 1677 1851 
3427 1284 1290 1981 
3428 417 1898 2050 
3429 1299 1359 2022 
3430 1519 416 1953 
3431 508 505 1796 
3432 1497 1733 1829 
3433 1128 1126 1843 
3434 1832 1131 1896 
3435 578 584 1892 
3436 674 1715 1839 
3437 1456 1458 2007 
3438 1034 1708 1799 
3439 1612 437 1870 
3440 1703 1014 2008 
3441 532 530 1811 
3442 1282 1280 1815 
3443 1928 1527 1940 
3444 692 536 1808 
3445 1512 1771 2044 
3446 514 581 1801 
3447 429 1545 1887 
3448 34 35 1867 
3449 1095 739 1835 
3450 575 572 1911 
3451 396 1532 1993 
3452 2016 569 2054 
3453 769 794 1838 
3454 595 1777 1924 
3455 1630 1744 1872 
3456 1247 1179 1913 
3457 1324 1327 2054 
3458 671 547 1918 
3459 625 627 1859 
3460 1777 1790 1943 
3461 1585 1006 1877 
3462 420 59 1893 
3463 883 1028 1905 
3464 1388 1389 2067 
3465 1707 1168 2001 
3466 805 708 1854 
3467 44 429 1888 
3468 1113 1809 1851 
3469 621 522 1802 
3470 1228 1236 2046 
3471 1604 1180 2025 
3472 112 111 1885 
3473 1238 1128 1976 
3474 1746 1781 1899 
3475 1415 1416 1870 
3476 1537 1935 2028 
3477 364 365 1883 
3478 1093 728 1840 
3479 907 931 2045 
3480 1166 1235 1834 
3481 1602 460 2021 
3482 1708 1394 1799 
3483 443 1855 1969 
3484 1100 1707 2030 
3485 1485 1486 1905 
3486 1815 1286 1945 
3487 1762 1613 2065 
3488 407 1649 1966 
3489 1673 390 1846 
3490 782 532 1811 
3491 885 907 2000 
3492 1847 1181 1855 
3493 895 559 1881 
3494 1749 1661 1894 
3495 1932 1364 2068 
3496 534 782 1808 
3497 1334 1332 1874 
3498 1425 1249 1984 
3499 1191 1193 1951 
3500 1068 1912 1983 
3501 1837 1304 2076 
3502 66 67 1882 
3503 1148 1191 1891 
3504 1775 723 1841 
3505 362 363 1898 
3506 1177 1476 1908 
3507 1534 438 1931 
3508 530 646 1811 
3509 1730 1464 1978 
3510 984 982 2074 
3511 1545 1886 2051 
3512 421 89 1934 
3513 409 1794 1980 
3514 545 1150 1918 
3515 1369 1368 2073 
3516 1318 1382 1929 
3517 1621 457 1995 
3518 1412 1413 2012 
3519 283 284 1900 
3520 1255 1884 2038 
3521 1407 1199 1996 
3522 744 742 1848 
3523 46 47 1886 
3524 1716 768 1908 
3525 895 1881 1994 
3526 57 58 1890 
3527 1162 1163 1961 
3528 1374 1373 2026 
3529 1285 1282 1815 
3530 314 315 1903 
3531 1591 424 1952 
3532 1773 1160 1821 
3533 1667 690 2029 
3534 439 1583 1907 
3535 1186 1187 1910 
3536 1773 687 1786 
3537 424 1695 1952 
3538 549 671 1970 
3539 1830 434 2071 
3540 1818 1022 2090 
3541 1607 1715 1938 
3542 964 1134 1861 
3543 450 1630 1872 
3544 1292 1121 1959 
3545 1823 1510 1914 
3546 54 422 1929 
3547 408 1479 2032 
3548 1831 456 2001 
3549 495 497 1879 
3550 1226 1197 1876 
3551 367 1837 2076 
3552 1369 1675 2041 
3553 1383 1384 2084 
3554 1698 1324 2054 
3555 524 621 1899 
3556 793 801 1902 
3557 1500 448 2077 
3558 1582 1693 2010 
3559 1535 478 2057 
3560 1752 1815 1945 
3561 1373 1692 2026 
3562 566 569 2016 
3563 1013 1388 2067 
3564 559 560 1881 
3565 574 578 1892 
3566 1026 1863 2086 
3567 1035 1183 1889 
3568 1214 1667 2029 
3569 1781 526 1899 
3570 1695 1586 1952 
3571 2005 1468 2077 
3572 1523 1522 2083 
3573 312 313 1919 
3574 1656 469 1878 
3575 1925 485 2009 
3576 1187 1845 1910 
3577 1776 1269 1924 
3578 456 1707 2001 
3579 1400 1402 1927 
3580 1287 1279 1897 
3581 1702 420 1893 
3582 712 1710 1873 
3583 399 1303 2064 
3584 1727 999 2002 
3585 1798 735 1868 
3586 1033 1031 1884 
3587 1907 1583 1949 
3588 1159 1182 1960 
3589 1744 1132 1872 
3590 475 1919 2093 
3591 1927 1174 2003 
3592 1532 1533 1993 
3593 1144 1146 1942 
3594 1777 1776 1924 
3595 1539 107 1991 
3596 1691 1602 2021 
3597 687 1773 1821 
3598 1912 1237 1983 
3599 1014 851 2008 
3600 1770 391 1962 
3601 927 1508 2048 
3602 1105 1106 1923 
3603 1615 1161 1982 
3604 1197 1194 1901 
3605 1440 1439 1937 
3606 20 21 1925 
3607 1561 444 1917 
3608 1960 1182 2005 
3609 526 524 1899 
3610 808 2085 2091 
3611 655 1671 1985 
3612 1790 1568 1943 
3613 821 1565 2035 
3614 1165 1882 1989 
3615 11 1558 1986 
3616 1586 1153 1952 
3617 344 345 1936 
3618 478 1487 1933 
3619 906 495 1879 
3620 1661 471 1894 
3621 1698 575 1880 
3622 572 574 1911 
3623 1573 1143 1957 
3624 1887 1219 1937 
3625 1546 1134 2069 
3626 1339 1340 2014 
3627 1342 1466 1965 
3628 1154 1492 1962 
3629 1806 1658 1993 
3630 483 1539 1990 
3631 426 52 1974 
3632 1876 1197 1901 
3633 413 1634 1916 
3634 1296 1503 1930 
3635 300 301 1948 
3636 1271 1273 2022 
3637 369 370 1950 
3638 726 1891 1951 
3639 434 1851 2071 
3640 1583 462 1949 
3641 1458 1462 2024 
3642 1884 1761 2038 
3643 395 1659 1968 
3644 1827 551 1970 
3645 1587 1835 1939 
3646 431 42 1967 
3647 995 1247 1947 
3648 1804 1374 2026 
3649 468 1652 1913 
3650 576 1825 1875 
3651 1908 1476 2053 
3652 1136 1749 1894 
3653 1120 1928 1940 
3654 1565 1557 2035 
3655 1515 1514 2056 
3656 1468 1500 2077 
3657 1279 1276 1897 
3658 1542 443 1969 
3659 1330 1334 1941 
3660 22 464 1958 
3661 995 1947 1988 
3662 1074 1816 1910 
3663 1943 843 2014 
3664 1230 1702 1893 
3665 1949 462 1992 
3666 1842 1177 1908 
3667 1523 1964 2012 
3668 985 984 1964 
3669 547 545 1918 
3670 1272 1274 1979 
3671 486 226 1935 
3672 574 1892 1911 
3673 1290 1288 1975 
3674 406 1765 1922 
3675 1236 1865 2046 
3676 480 1681 1906 
3677 1528 1867 2075 
3678 1878 469 2056 
3679 788 789 1954 
3680 1544 1539 1991 
3681 816 680 1915 
3682 1825 564 2016 
3683 974 1088 1921 
3684 1508 1198 2048 
3685 1599 1596 1971 
3686 726 1827 1891 
3687 1881 1764 1994 
3688 1120 1687 1928 
3689 1835 1087 1939 
3690 1769 98 2004 
3691 342 343 1977 
3692 1269 1305 1924 
3693 463 1730 1978 
3694 1616 1848 1972 
3695 1844 1152 2019 
3696 1574 383 2072 
3697 448 1500 2078 
3698 685 1667 1938 
3699 1160 1727 1920 
3700 1314 1300 1904 
3701 2042 1225 2088 
3702 383 1871 2072 
3703 448 1627 2077 
3704 1821 1160 1920 
3705 1492 1770 1962 
3706 1923 1106 2040 
3707 1891 1191 1951 
3708 994 995 1988 
3709 450 1872 1987 
3710 445 1542 2006 
3711 462 1620 1992 
3712 1133 1953 2045 
3713 1227 2080 2088 
3714 459 1704 1965 
3715 445 2006 2027 
3716 118 487 1944 
3717 40 41 1997 
3718 421 1876 1901 
3719 1091 1889 2015 
3720 1236 1876 1934 
3721 854 811 2062 
3722 1860 1296 1930 
3723 1552 1857 2061 
3724 28 29 1999 
3725 1542 1969 2006 
3726 1087 1212 1939 
3727 1728 381 1986 
3728 1196 1225 2042 
3729 1671 1490 1985 
3730 1992 1620 2025 
3731 485 19 2009 
3732 1174 1172 2003 
3733 1327 2016 2054 
3734 1533 1806 1993 
3735 99 488 2004 
3736 1679 994 2070 
3737 1225 1227 2088 
3738 1690 1105 2033 
3739 1133 1068 1983 
3740 280 281 2028 
3741 1898 1328 2050 
3742 1716 1908 2053 
3743 1544 445 2027 
3744 1456 2007 2011 
3745 1848 1098 1972 
3746 1227 1261 2080 
3747 1237 1238 1983 
3748 1286 1291 1945 
3749 1611 1600 2019 
3750 1645 407 1966 
3751 1059 1832 1896 
3752 2085 1351 2091 
3753 398 1314 1926 
3754 1399 1846 2034 
3755 1212 714 1957 
3756 477 1772 2041 
3757 1222 1827 1970 
3758 1846 390 2034 
3759 1620 485 2025 
3760 690 1636 2029 
3761 1953 1133 2081 
3762 1243 1780 1914 
3763 471 1663 2082 
3764 1843 418 1976 
3765 1514 1878 2056 
3766 1344 1351 2085 
3767 551 549 1970 
3768 316 317 2023 
3769 1644 463 1978 
3770 1333 1536 2039 
3771 1873 1710 1963 
3772 1642 409 1980 
3773 249 1544 1991 
3774 1557 1555 2035 
3775 1851 1677 2071 
3776 808 1709 2085 
3777 1914 412 2089 
3778 1351 1353 2091 
3779 1380 1792 1955 
3780 1267 1265 1956 
3781 1138 1091 2015 
3782 1769 488 1946 
3783 1704 1342 1965 
3784 2031 1333 2039 
3785 1378 1894 2082 
3786 1797 1120 1940 
3787 1629 450 1987 
3788 1549 1184 2040 
3789 1213 1830 2071 
3790 1172 950 2052 
3791 366 367 2076 
3792 2003 1172 2052 
3793 340 341 2055 
3794 1765 1646 1922 
3795 1168 1396 2001 
3796 1335 1333 2031 
3797 1340 1777 1943 
3798 1164 1989 2044 
3799 435 1804 2026 
3800 1771 1723 2044 
3801 338 339 2066 
3802 569 1698 2054 
3803 1710 651 1963 
3804 1646 1549 2040 
3805 1327 1825 2016 
3806 1758 816 1973 
3807 1098 1775 1972 
3808 1721 426 1974 
3809 1164 1165 1989 
3810 816 1915 1973 
3811 1658 396 1993 
3812 488 1769 2004 
3813 1558 1728 1986 
3814 1760 726 1951 
3815 1165 885 2000 
3816 1692 435 2026 
3817 291 292 2094 
3818 1201 1691 2021 
3819 1920 2002 2083 
3820 401 1655 1996 
3821 1275 1272 1979 
3822 1693 1564 2010 
3823 1654 2018 2036 
3824 1764 1157 1994 
3825 651 652 2020 
3826 1714 475 2093 
3827 1863 1307 2086 
3828 705 1752 1945 
3829 1382 1721 1974 
3830 782 1748 2047 
3831 1889 1183 2015 
3832 614 1920 2083 
3833 1963 651 2020 
3834 1235 895 1994 
3835 1242 1654 2036 
3836 1876 421 1934 
3837 564 566 2016 
3838 1389 1873 1963 
3839 1476 1657 2053 
3840 1919 1566 2093 
3841 1906 1681 2037 
3842 1853 1237 1912 
3843 1224 1787 1955 
3844 1396 1831 2001 
3845 1655 1407 1996 
3846 1340 1943 2014 
3847 851 1004 2008 
3848 1343 1228 2046 
3849 1243 1914 2089 
3850 1493 1218 2051 
3851 400 1629 2043 
3852 1657 659 2053 
3853 1787 1380 1955 
3854 698 702 2079 
3855 1447 1718 2078 
3856 1933 1428 2057 
3857 1613 1007 2065 
3858 1682 1189 2013 
3859 1629 1987 2043 
3860 430 1782 2068 
3861 1865 432 2046 
3862 1387 927 2048 
3863 484 1728 2061 
3864 931 1133 2045 
3865 1677 1213 2071 
3866 1951 1193 2017 
3867 1128 1843 1976 
3868 469 1817 2056 
3869 1176 1990 2027 
3870 1720 1100 2030 
3871 2007 929 2011 
3872 1334 1874 1946 
3873 1812 808 2091 
3874 1541 1808 2047 
3875 1022 1244 2090 
3876 982 1221 2074 
3877 755 1760 2017 
3878 390 1672 2034 
3879 1871 1513 2072 
3880 1247 1895 1947 
3881 1600 1844 2019 
3882 491 493 2087 
3883 1785 399 2064 
3884 1731 1026 2086 
3885 1681 388 2037 
3886 1793 929 2007 
3887 1758 1973 2011 
3888 1675 477 2041 
3889 929 1758 2011 
3890 391 1669 2063 
3891 1362 1906 2037 
3892 1718 448 2078 
3893 659 1716 2053 
3894 1761 707 2038 
3895 1940 1528 2075 
3896 1723 1164 2044 
3897 1895 1209 1947 
3898 875 1793 2024 
3899 1134 1738 2069 
3900 1760 1951 2017 
3901 1738 1427 2069 
3902 433 1797 2075 
3903 1962 391 2063 
3904 1932 1138 2015 
3905 2008 1004 2058 
3906 1314 1904 1981 
3907 1856 855 2092 
3908 1817 1515 2056 
3909 1920 1727 2002 
3910 855 1801 2092 
3911 994 1988 2070 
3912 478 1933 2057 
3913 1782 1138 2068 
3914 1857 484 2061 
3915 1249 1926 1984 
3916 1808 782 2047 
3917 1784 1243 2089 
3918 20 1925 2009 
3919 1935 280 2028 
3920 1886 1493 2051 
3921 1801 1572 2092 
3922 1793 2007 2024 
3923 1184 1923 2040 
3924 1894 471 2082 
3925 1964 984 2012 
3926 1105 1923 2033 
3927 2007 1458 2024 
3928 1797 1940 2075 
3929 1921 1088 2084 
3930 1519 1953 2081 
3931 2002 1523 2083 
2 19 2 3683
3932 2174 2923 3352 
3933 3063 3002 3465 
3934 3031 2135 3165 
3935 2729 3416 3421 
3936 3105 2170 3353 
3937 2127 2933 3100 
3938 2107 3377 3449 
3939 144 145 3026 
3940 3051 2987 3052 
3941 2541 2974 3057 
3942 2933 2127 3248 
3943 2610 3090 3251 
3944 274 275 3144 
3945 3028 3455 3603 
3946 2824 2947 2967 
3947 3455 2167 3603 
3948 2987 3051 3692 
3949 2753 2880 2959 
3950 2976 2758 3141 
3951 2541 3057 3422 
3952 2160 2965 3432 
3953 2763 2592 3101 
3954 3449 3377 3672 
3955 2269 2267 3235 
3956 2959 2880 3507 
3957 2534 3268 3303 
3958 3165 2135 3187 
3959 3293 2719 3299 
3960 3061 2610 3251 
3961 3466 3158 3533 
3962 2580 3038 3039 
3963 2146 144 3026 
3964 2106 2963 3106 
3965 2966 2661 3348 
3966 2588 3175 3504 
3967 3005 2185 3157 
3968 2144 2944 3149 
3969 3068 3105 3353 
3970 2215 2213 3215 
3971 2580 2582 3038 
3972 141 142 3242 
3973 3098 3099 3448 
3974 2979 2981 3072 
3975 2113 3193 3341 
3976 3509 2583 3571 
3977 3328 3379 3449 
3978 2513 2512 3278 
3979 2763 3101 3165 
3980 3215 3370 3445 
3981 2628 2591 3188 
3982 2942 2410 3301 
3983 2721 2826 3149 
3984 3402 3509 3571 
3985 2238 3004 3501 
3986 2574 3308 3311 
3987 2336 2257 3218 
3988 3466 3533 3576 
3989 3193 3136 3341 
3990 3175 3176 3504 
3991 2947 2746 2967 
3992 2374 3096 3469 
3993 3507 2880 3693 
3994 2165 2924 3122 
3995 2240 2418 3004 
3996 3142 2183 3519 
3997 3071 2979 3072 
3998 2410 2942 3349 
3999 3345 3332 3531 
4000 2222 2224 3054 
4001 2741 2809 3198 
4002 147 148 3151 
4003 3115 2105 3280 
4004 3459 2334 3481 
4005 3100 2911 3144 
4006 2418 3063 3465 
4007 2729 2727 3416 
4008 2148 141 3242 
4009 3201 3080 3426 
4010 3152 3600 3650 
4011 2753 2959 3022 
4012 2192 3201 3426 
4013 2267 2327 3235 
4014 2719 3293 3590 
4015 3212 2604 3487 
4016 2853 3267 3302 
4017 2758 2976 3222 
4018 2342 3332 3345 
4019 2661 2417 3348 
4020 3267 2853 3303 
4021 3056 2145 3058 
4022 2166 3060 3251 
4023 3259 2295 3574 
4024 2937 2123 3762 
4025 3349 2928 3742 
4026 3006 2720 3363 
4027 2147 147 3151 
4028 2689 3098 3448 
4029 3096 2801 3469 
4030 3213 2764 3791 
4031 2604 3212 3518 
4032 2944 2144 3147 
4033 2123 2937 3668 
4034 2556 2222 3054 
4035 3379 2107 3449 
4036 3280 2887 3640 
4037 276 277 3248 
4038 3488 2780 3685 
4039 2952 2171 2958 
4040 3152 2142 3600 
4041 3140 2658 3354 
4042 2955 2973 3425 
4043 2942 2928 3349 
4044 2896 3512 3645 
4045 2962 2961 3015 
4046 2943 168 3562 
4047 3319 2159 3622 
4048 168 2943 3606 
4049 2105 3115 3279 
4050 3556 2842 3562 
4051 3094 3459 3481 
4052 2927 2883 3651 
4053 2183 3142 3372 
4054 2958 2132 3367 
4055 3186 2812 3283 
4056 2380 2246 3020 
4057 2171 2952 3041 
4058 3225 2609 3484 
4059 2847 3259 3574 
4060 2136 2969 2971 
4061 2213 2372 3215 
4062 3269 3321 3570 
4063 275 2127 3144 
4064 3038 3037 3411 
4065 2133 2946 3028 
4066 2609 3225 3536 
4067 3133 2775 3499 
4068 3163 2119 3164 
4069 2944 2721 3149 
4070 3193 2113 3756 
4071 3058 2145 3190 
4072 2238 2240 3004 
4073 3157 2108 3681 
4074 2714 2578 3039 
4075 2764 3160 3791 
4076 2155 3541 3744 
4077 2374 3021 3123 
4078 3133 3215 3445 
4079 2924 2165 3464 
4080 2606 2563 3146 
4081 2561 2820 3032 
4082 2384 3655 3683 
4083 3059 3060 3539 
4084 3541 3048 3744 
4085 3268 3267 3303 
4086 2391 2336 3218 
4087 3174 2350 3176 
4088 2909 2468 3730 
4089 3287 2769 3375 
4090 3059 3539 3613 
4091 3033 2126 3629 
4092 2923 2174 3575 
4093 3052 2987 3053 
4094 3361 2817 3403 
4095 2621 3036 3037 
4096 2780 2643 3685 
4097 2518 3282 3301 
4098 3198 2809 3644 
4099 2288 3155 3593 
4100 2115 2960 3365 
4101 3380 2927 3651 
4102 3132 2215 3215 
4103 2889 2761 3199 
4104 2946 2133 3415 
4105 3481 3515 3569 
4106 3136 2162 3341 
4107 3038 3411 3593 
4108 2866 3117 3304 
4109 3015 2961 3598 
4110 2965 2947 3432 
4111 3060 2166 3539 
4112 3339 2921 3381 
4113 2821 2682 3083 
4114 2947 2824 3432 
4115 2964 2162 3136 
4116 3144 2911 3622 
4117 2869 3033 3629 
4118 2902 2606 3146 
4119 2186 2963 3513 
4120 2555 2623 3030 
4121 3157 2185 3535 
4122 2660 2662 3049 
4123 2180 3186 3283 
4124 2126 3033 3351 
4125 2468 2909 3755 
4126 3464 3217 3532 
4127 2342 2339 3516 
4128 2949 198 3578 
4129 3131 3133 3499 
4130 2817 2818 3403 
4131 2248 3019 3020 
4132 3577 2499 3590 
4133 3154 2297 3410 
4134 2165 3217 3464 
4135 2932 3579 3650 
4136 2973 2955 3749 
4137 2117 3162 3185 
4138 3416 2140 3421 
4139 3025 2968 3121 
4140 3308 2574 3313 
4141 3319 3622 3673 
4142 2932 3282 3579 
4143 198 2949 3647 
4144 2370 3339 3381 
4145 3068 2095 3462 
4146 3004 3000 3501 
4147 2963 2186 3695 
4148 2981 2984 3072 
4149 3000 3407 3501 
4150 2856 2925 3670 
4151 3655 2935 3683 
4152 3128 2150 3130 
4153 3234 2269 3235 
4154 3062 2780 3554 
4155 3143 3006 3363 
4156 2207 2205 3383 
4157 3024 2561 3032 
4158 2257 3172 3218 
4159 2887 3280 3546 
4160 2969 2136 3117 
4161 2591 2763 3188 
4162 3268 2534 3748 
4163 2534 2513 3278 
4164 2869 3032 3033 
4165 3134 3154 3410 
4166 2141 3109 3409 
4167 2346 2957 3389 
4168 277 2191 3248 
4169 3029 2492 3030 
4170 2167 3188 3549 
4171 3111 2189 3205 
4172 2224 2230 3054 
4173 2913 3157 3681 
4174 3162 2830 3185 
4175 3337 2898 3378 
4176 2965 2118 3491 
4177 2098 2961 3711 
4178 3352 2923 3507 
4179 2990 3012 3735 
4180 2621 3035 3036 
4181 3479 3366 3571 
4182 3282 2518 3579 
4183 3321 3269 3630 
4184 2159 274 3144 
4185 2714 3039 3155 
4186 3155 3039 3593 
4187 2505 3311 3312 
4188 2583 3479 3571 
4189 2889 3199 3703 
4190 2948 2870 3582 
4191 3007 3412 3475 
4192 3294 3577 3590 
4193 2700 2749 3076 
4194 2627 2871 3035 
4195 3332 2342 3516 
4196 3115 3280 3640 
4197 243 2098 3010 
4198 2106 3106 3118 
4199 3007 3049 3412 
4200 2669 2671 3104 
4201 3149 2826 3151 
4202 2503 3295 3344 
4203 3139 3140 3354 
4204 3030 2623 3395 
4205 2492 2555 3030 
4206 3609 2844 3652 
4207 2408 3337 3378 
4208 2781 2780 3062 
4209 2967 2746 2968 
4210 2965 2160 3563 
4211 2189 3111 3385 
4212 2308 3018 3592 
4213 2898 3337 3746 
4214 3414 2954 3425 
4215 3012 2990 3537 
4216 3297 3432 3468 
4217 2524 2442 3034 
4218 3238 3243 3502 
4219 2392 2492 3029 
4220 3129 3310 3583 
4221 3121 2968 3751 
4222 2925 2856 3609 
4223 2578 2580 3039 
4224 2127 3100 3144 
4225 2793 3024 3032 
4226 3278 2512 3496 
4227 3026 145 3543 
4228 2778 2875 3105 
4229 2604 3518 3542 
4230 3042 2168 3247 
4231 3004 2418 3658 
4232 3050 2412 3051 
4233 10 2112 3014 
4234 3518 3210 3542 
4235 3021 2374 3469 
4236 2257 2254 3172 
4237 3076 2749 3287 
4238 3188 2167 3455 
4239 2954 2955 3425 
4240 3029 3030 3146 
4241 3515 2568 3569 
4242 2119 3163 3649 
4243 3035 2871 3036 
4244 3126 3124 3234 
4245 2200 2976 3200 
4246 3032 2820 3033 
4247 3529 2899 3623 
4248 3010 2098 3711 
4249 2265 2350 3174 
4250 3206 2141 3409 
4251 2976 3141 3646 
4252 2162 2964 3335 
4253 3194 2359 3195 
4254 2195 3048 3541 
4255 3605 3155 3624 
4256 2660 3049 3108 
4257 3322 2705 3392 
4258 3310 3129 3684 
4259 2996 3014 3498 
4260 3176 2350 3772 
4261 2132 2958 3596 
4262 2769 3091 3376 
4263 2605 2525 3022 
4264 3407 3000 3610 
4265 3194 3461 3524 
4266 2951 3233 3794 
4267 2418 2242 3063 
4268 2440 3025 3121 
4269 2899 3529 3745 
4270 3274 3270 3276 
4271 3067 2777 3068 
4272 2963 2106 3513 
4273 2582 2621 3038 
4274 3512 2164 3645 
4275 2925 3609 3652 
4276 2246 2248 3020 
4277 3245 3369 3591 
4278 3002 3063 3533 
4279 2248 2250 3019 
4280 2673 2868 3116 
4281 2913 3156 3157 
4282 3337 3403 3746 
4283 2179 3161 3162 
4284 3376 3091 3795 
4285 3073 2699 3074 
4286 3245 2109 3369 
4287 3085 2101 3393 
4288 3120 2181 3626 
4289 3024 2793 3167 
4290 2682 2684 3083 
4291 2205 2610 3383 
4292 3219 2863 3551 
4293 2738 3079 3081 
4294 3304 3117 3663 
4295 2131 3556 3562 
4296 3014 2996 3617 
4297 3375 2769 3376 
4298 2657 2673 3116 
4299 3492 2937 3762 
4300 3154 3155 3605 
4301 2829 3202 3214 
4302 3048 2195 3587 
4303 2661 2966 3765 
4304 3025 2440 3104 
4305 2356 2358 3121 
4306 3226 2193 3619 
4307 3114 3116 3427 
4308 3293 3299 3408 
4309 2574 3311 3615 
4310 2628 3188 3455 
4311 3243 2474 3502 
4312 2217 2215 3132 
4313 2234 2412 3050 
4314 3084 2762 3085 
4315 2669 3104 3196 
4316 2715 3219 3551 
4317 3065 3058 3190 
4318 2827 3142 3519 
4319 3216 2903 3395 
4320 2959 2605 3022 
4321 2127 276 3248 
4322 2154 2204 3023 
4323 2096 3287 3375 
4324 3073 3074 3075 
4325 3335 2964 3491 
4326 2774 2777 3067 
4327 2658 3140 3451 
4328 3320 2815 3552 
4329 2961 2098 3598 
4330 2118 3335 3491 
4331 3773 3125 3787 
4332 2610 2203 3090 
4333 2135 163 3549 
4334 2780 3488 3554 
4335 2281 2280 3097 
4336 3079 3080 3081 
4337 3286 2344 3397 
4338 3317 2198 3638 
4339 2960 2115 3608 
4340 2692 2762 3084 
4341 3422 3057 3798 
4342 2917 2916 3041 
4343 3123 3021 3447 
4344 3097 2280 3098 
4345 2614 2627 3035 
4346 3415 2843 3545 
4347 3065 3190 3401 
4348 2187 3280 3616 
4349 3233 2951 3689 
4350 3018 2308 3637 
4351 2903 3010 3711 
4352 3150 151 3601 
4353 2617 2533 3303 
4354 3146 3030 3726 
4355 2680 2821 3112 
4356 3130 2150 3712 
4357 2380 3020 3576 
4358 3242 142 3580 
4359 3443 3355 3693 
4360 2696 2699 3073 
4361 3188 3187 3549 
4362 3448 3099 3773 
4363 2278 2341 3099 
4364 3027 3003 3697 
4365 3180 3166 3181 
4366 3280 2187 3546 
4367 2762 3075 3085 
4368 3207 2370 3381 
4369 2720 3006 3778 
4370 3361 2396 3476 
4371 3124 2274 3234 
4372 2738 2686 3079 
4373 2952 2917 3041 
4374 3067 3068 3462 
4375 2563 2494 3146 
4376 3126 3234 3235 
4377 2546 3166 3180 
4378 2830 3184 3185 
4379 2420 2356 3121 
4380 2172 3069 3347 
4381 3364 2954 3414 
4382 2187 3118 3546 
4383 3101 2592 3102 
4384 3037 3036 3040 
4385 3074 3226 3619 
4386 246 2153 2975 
4387 2823 3025 3104 
4388 3114 3427 3806 
4389 2892 3120 3626 
4390 2769 2750 3091 
4391 2472 3364 3414 
4392 151 3150 3680 
4393 2957 2346 3803 
4394 2976 2975 3222 
4395 3201 2102 3786 
4396 2870 2948 3707 
4397 2945 3256 3520 
4398 2442 2443 3034 
4399 2449 2536 3070 
4400 2632 2901 2961 
4401 3185 2812 3186 
4402 2973 3346 3425 
4403 3182 3286 3397 
4404 2254 2256 3172 
4405 2705 2707 3392 
4406 2198 3317 3738 
4407 2963 2703 3106 
4408 2828 3558 3581 
4409 2817 3361 3476 
4410 2118 2965 3563 
4411 3081 3080 3201 
4412 3202 180 3214 
4413 2570 2606 2632 
4414 2624 2912 3119 
4415 3379 3328 3695 
4416 3382 3427 3776 
4417 2610 3061 3383 
4418 2671 2823 3104 
4419 2448 3547 3582 
4420 2108 3157 3535 
4421 2821 3083 3485 
4422 2095 3068 3353 
4423 2892 3119 3120 
4424 2185 3005 3672 
4425 186 2164 3107 
4426 2496 3453 3801 
4427 2867 2674 3110 
4428 3090 3250 3251 
4429 2921 3339 3783 
4430 3453 3755 3801 
4431 2632 2606 2901 
4432 3276 3270 3278 
4433 3216 3395 3643 
4434 2823 2967 3025 
4435 2389 2390 2494 
4436 3218 3170 3628 
4437 244 243 3010 
4438 188 2143 3077 
4439 3127 2825 3330 
4440 3220 2408 3378 
4441 3553 2836 3566 
4442 2335 2336 2389 
4443 3314 3047 3659 
4444 3113 2656 3114 
4445 3346 2973 3350 
4446 2371 2370 3207 
4447 2913 2594 3156 
4448 2472 2467 3523 
4449 2777 2778 3105 
4450 2203 2202 3090 
4451 2699 2700 3076 
4452 3485 3386 3559 
4453 2384 3219 3655 
4454 2136 2971 3550 
4455 2908 3217 3565 
4456 3166 2764 3213 
4457 3094 3458 3459 
4458 2570 2563 2606 
4459 3139 2299 3140 
4460 3092 2143 3460 
4461 3093 3460 3505 
4462 3297 2160 3432 
4463 3293 3294 3590 
4464 2417 3145 3348 
4465 3321 2197 3570 
4466 238 10 3014 
4467 2128 3224 3225 
4468 2555 2567 2622 
4469 3461 2784 3760 
4470 3461 2495 3524 
4471 2100 3160 3457 
4472 2169 3204 3420 
4473 3236 2712 3677 
4474 3187 2135 3549 
4475 3088 3237 3438 
4476 2484 3346 3350 
4477 3119 2912 3120 
4478 2878 3230 3595 
4479 3023 2204 3800 
4480 2492 2524 2555 
4481 3140 2299 3259 
4482 2123 192 3122 
4483 3628 3170 3686 
4484 3151 148 3710 
4485 2775 3133 3445 
4486 3638 129 3671 
4487 3460 190 3505 
4488 3202 2829 3497 
4489 2358 2440 3121 
4490 3173 2263 3174 
4491 2449 3070 3285 
4492 2305 2650 3145 
4493 2225 2217 3132 
4494 183 3191 3192 
4495 3110 3111 3205 
4496 2712 3236 3715 
4497 3256 2519 3520 
4498 2390 2392 3029 
4499 2176 3355 3443 
4500 2253 2257 2335 
4501 2524 3034 3775 
4502 3382 2188 3427 
4503 2409 2408 3220 
4504 2726 3103 3698 
4505 2622 2639 2758 
4506 2494 2390 3029 
4507 2936 3193 3756 
4508 2234 2236 2412 
4509 2323 3006 3143 
4510 2244 2380 3063 
4511 3547 2948 3582 
4512 3060 3061 3251 
4513 2230 2234 3050 
4514 2764 3159 3160 
4515 2745 2965 3491 
4516 3104 2440 3196 
4517 2559 2624 3119 
4518 3176 2796 3504 
4519 3161 2179 3163 
4520 2389 2336 2390 
4521 2764 2553 3159 
4522 2347 2346 3389 
4523 3168 2307 3169 
4524 184 2140 3191 
4525 2653 2656 3113 
4526 2896 3645 3728 
4527 3432 2824 3468 
4528 2469 2551 3135 
4529 3010 2903 3216 
4530 3022 2525 3229 
4531 3418 2798 3430 
4532 3003 3138 3697 
4533 2335 2257 2336 
4534 2290 2374 3123 
4535 2284 2281 3097 
4536 2359 3194 3524 
4537 3118 2886 3546 
4538 2867 3110 3205 
4539 2341 3125 3773 
4540 2830 2587 3184 
4541 228 3011 3016 
4542 2456 2458 3134 
4543 2569 2563 2570 
4544 2392 2442 2492 
4545 2240 2242 2418 
4546 2842 2943 3562 
4547 2350 3211 3212 
4548 3069 2172 3678 
4549 2975 2153 3222 
4550 2631 2872 2911 
4551 3050 3051 3052 
4552 2974 2541 3793 
4553 2555 2524 2567 
4554 3168 3169 3170 
4555 3131 3132 3133 
4556 3068 2777 3105 
4557 2845 2575 3178 
4558 2261 2263 3173 
4559 2533 2534 3303 
4560 3477 2289 3588 
4561 3131 2225 3132 
4562 2492 2442 2524 
4563 3428 3320 3552 
4564 2537 2460 3167 
4565 2562 2494 2563 
4566 2300 2299 3139 
4567 2321 2318 3108 
4568 2097 3319 3673 
4569 3229 2423 3261 
4570 2181 3120 3368 
4571 2120 3357 3362 
4572 2318 2317 3108 
4573 2934 3448 3773 
4574 2656 2657 3116 
4575 2306 2305 3145 
4576 3126 3235 3236 
4577 2117 3185 3186 
4578 2190 3386 3485 
4579 3049 2662 3412 
4580 3237 2478 3438 
4581 2991 2994 3137 
4582 3106 2886 3118 
4583 3074 2699 3076 
4584 2834 3449 3672 
4585 3262 2178 3358 
4586 3080 3084 3426 
4587 2543 2630 2631 
4588 3219 2384 3631 
4589 2977 2979 3071 
4590 2631 2630 2872 
4591 2481 2207 3383 
4592 2128 176 3224 
4593 2936 2602 3193 
4594 2263 2265 3174 
4595 2728 2730 2848 
4596 2622 2567 2639 
4597 3086 2173 3405 
4598 2350 2293 3211 
4599 2146 3026 3510 
4600 2536 2728 3070 
4601 2819 2783 3164 
4602 2738 3081 3082 
4603 2242 2244 3063 
4604 2730 2748 3094 
4605 3085 3393 3426 
4606 2324 2323 3143 
4607 2648 2913 3142 
4608 3317 3638 3671 
4609 2853 2617 3303 
4610 2758 2639 3141 
4611 2802 2969 3117 
4612 3059 2116 3674 
4613 2294 2445 3285 
4614 2958 2171 3596 
4615 3161 2830 3162 
4616 2259 2307 3168 
4617 2381 2321 3108 
4618 3156 3005 3157 
4619 2766 2774 3067 
4620 2627 2828 2870 
4621 2691 2692 3084 
4622 2110 3071 3072 
4623 3565 2134 3614 
4624 3407 2988 3692 
4625 2634 3069 3179 
4626 2793 2537 3167 
4627 3311 2505 3615 
4628 2639 2933 3141 
4629 2870 2828 3582 
4630 2250 2253 3019 
4631 2548 2764 3166 
4632 3215 2372 3370 
4633 2961 2901 3711 
4634 2494 3029 3146 
4635 2679 2680 3112 
4636 2829 3214 3529 
4637 2131 170 3233 
4638 2419 3389 3456 
4639 2866 2802 3117 
4640 3270 3274 3630 
4641 2749 2750 2769 
4642 2341 3124 3125 
4643 178 2125 3223 
4644 2762 3073 3075 
4645 2440 2361 3196 
4646 3079 2691 3080 
4647 2097 3673 3718 
4648 2895 3180 3181 
4649 3253 2484 3350 
4650 3096 2284 3097 
4651 2703 2665 3106 
4652 3209 2379 3210 
4653 2555 2622 2623 
4654 2525 2428 3229 
4655 2483 2405 3254 
4656 2244 2246 2380 
4657 2848 2730 3094 
4658 3110 2679 3111 
4659 3107 2164 3512 
4660 2986 2989 2990 
4661 2855 3458 3602 
4662 2201 3314 3659 
4663 2946 3415 3545 
4664 2908 3565 3614 
4665 2806 3553 3566 
4666 2317 2660 3108 
4667 2667 3005 3156 
4668 2650 2373 2651 
4669 2379 2326 3208 
4670 2655 2653 3113 
4671 2652 2651 2653 
4672 2787 2829 3529 
4673 2148 3242 3517 
4674 3113 3114 3115 
4675 3362 3357 3691 
4676 3173 3174 3175 
4677 3175 3174 3176 
4678 2614 2616 2627 
4679 3387 3312 3684 
4680 2627 2870 2871 
4681 2673 2674 2867 
4682 2443 2543 3034 
4683 2594 2584 3156 
4684 2728 2848 3070 
4685 2660 2417 2661 
4686 2871 3477 3588 
4687 2774 2776 2777 
4688 3184 2812 3185 
4689 2710 2830 3161 
4690 2377 2371 3207 
4691 172 2129 3232 
4692 2752 2766 2849 
4693 2778 2795 2875 
4694 2140 185 3107 
4695 2458 2557 3134 
4696 2662 2661 2663 
4697 2653 2654 2656 
4698 2664 2663 2665 
4699 3003 3027 3694 
4700 3014 2112 3498 
4701 3367 2132 3731 
4702 3134 2714 3154 
4703 278 279 3200 
4704 3725 2697 3787 
4705 2102 3201 3661 
4706 3083 3082 3754 
4707 2232 2225 3131 
4708 2700 2713 2749 
4709 3295 2503 3577 
4710 2454 2523 3182 
4711 3109 2141 3544 
4712 2626 3127 3330 
4713 2763 3165 3187 
4714 2694 2696 3073 
4715 2855 3195 3458 
4716 2696 2698 2699 
4717 2692 2694 2762 
4718 2214 2216 3281 
4719 2931 3600 3764 
4720 2582 2612 2621 
4721 2777 2776 2778 
4722 2140 3107 3421 
4723 2280 2278 3099 
4724 3249 3044 3452 
4725 3006 2381 3007 
4726 2278 2276 2341 
4727 2665 2885 2886 
4728 3114 2656 3116 
4729 3098 2280 3099 
4730 2164 187 3077 
4731 2168 3042 3654 
4732 3101 2725 3165 
4733 2688 2690 2691 
4734 2390 2391 2392 
4735 2290 2286 2374 
4736 2732 2797 3227 
4737 2143 189 3460 
4738 3485 3083 3754 
4739 2276 2274 3124 
4740 2849 2766 3067 
4741 2875 2795 2876 
4742 2684 2686 2738 
4743 2295 2290 3123 
4744 3138 3003 3688 
4745 2565 2845 3159 
4746 2680 2682 2821 
4747 2151 3197 3198 
4748 2557 2578 2714 
4749 3212 3211 3518 
4750 2632 2961 2962 
4751 2509 2508 2584 
4752 3674 3334 3708 
4753 2686 2688 3079 
4754 3474 2770 3527 
4755 2589 2634 3179 
4756 2551 2753 3135 
4757 2395 2394 2508 
4758 2450 3249 3452 
4759 2147 3151 3564 
4760 2784 3254 3760 
4761 2876 2891 3059 
4762 2571 2570 3138 
4763 2130 3055 3417 
4764 2912 2731 3228 
4765 2900 2590 3511 
4766 2632 2962 3138 
4767 2266 2232 2400 
4768 2593 2767 3177 
4769 2991 2993 2994 
4770 2835 3327 3328 
4771 2676 2678 2679 
4772 2901 2902 2903 
4773 2305 2303 2373 
4774 2994 2995 2996 
4775 2621 3037 3038 
4776 3217 2908 3532 
4777 3049 2381 3108 
4778 2750 2752 3091 
4779 2456 3134 3410 
4780 2557 2714 3134 
4781 2674 2676 3110 
4782 2828 3581 3582 
4783 2684 2738 3083 
4784 2339 2333 3183 
4785 2317 2315 2417 
4786 2286 2284 3096 
4787 2253 2254 2257 
4788 2667 2668 2834 
4789 2250 2252 2253 
4790 2874 2703 2963 
4791 2400 2232 3131 
4792 2657 2659 2673 
4793 3125 3124 3126 
4794 2612 2614 3035 
4795 3099 2341 3773 
4796 3191 3416 3721 
4797 2646 2812 3184 
4798 2553 2565 3159 
4799 2584 2585 2667 
4800 3160 3159 3457 
4801 2749 2713 2750 
4802 3389 2957 3456 
4803 3283 2922 3284 
4804 2389 2494 2562 
4805 3059 2891 3060 
4806 2428 2423 3229 
4807 3228 2114 3709 
4808 193 2165 3122 
4809 2413 2409 3220 
4810 2361 2383 3196 
4811 2323 2321 2381 
4812 3024 3167 3260 
4813 2699 2698 2700 
4814 2753 3022 3135 
4815 3135 3229 3261 
4816 2600 2936 3178 
4817 2559 2526 2624 
4818 2312 2379 3209 
4819 3080 2691 3084 
4820 3034 2631 3221 
4821 2587 2540 3184 
4822 2485 2484 3253 
4823 2459 2419 2526 
4824 3306 3308 3313 
4825 2151 124 3197 
4826 2762 2694 3073 
4827 2650 2651 2652 
4828 2230 3050 3054 
4829 3074 3076 3226 
4830 2303 2300 3139 
4831 2767 2850 3362 
4832 3195 2359 3494 
4833 2121 182 3192 
4834 2637 2964 3136 
4835 2202 2199 3090 
4836 2648 2594 2913 
4837 2315 2306 3145 
4838 2652 2653 2655 
4839 2310 3209 3211 
4840 2236 2238 3501 
4841 2332 2330 2394 
4842 2671 2760 2822 
4843 2660 2661 2662 
4844 2169 158 3204 
4845 2305 2373 2650 
4846 2673 2867 2868 
4847 2317 2417 2660 
4848 2451 2538 3203 
4849 2154 2202 2203 
4850 2256 3168 3172 
4851 2341 2276 3124 
4852 2274 2271 3234 
4853 2827 2648 3142 
4854 2688 2691 3079 
4855 2575 2600 3178 
4856 188 189 2143 
4857 2662 2663 2664 
4858 2664 2665 2703 
4859 2691 2690 2692 
4860 2665 2886 3106 
4861 2786 2784 3461 
4862 3111 2679 3112 
4863 2627 2616 2828 
4864 186 187 2164 
4865 2543 2544 2630 
4866 2392 2393 2442 
4867 3225 3224 3536 
4868 2624 2625 2731 
4869 184 185 2140 
4870 3105 2875 3708 
4871 2731 2732 3227 
4872 2401 3361 3403 
4873 2676 2679 3110 
4874 2797 3245 3591 
4875 3103 3102 3676 
4876 2523 2629 3182 
4877 2460 2434 3167 
4878 2366 3322 3392 
4879 2876 2890 2891 
4880 2295 3123 3574 
4881 3167 2434 3260 
4882 2785 2784 2786 
4883 2621 2612 3035 
4884 2323 2381 3006 
4885 3230 2878 3713 
4886 2395 2508 2509 
4887 2667 2834 3005 
4888 2509 2584 2594 
4889 191 192 2123 
4890 2831 3402 3571 
4891 2469 3135 3261 
4892 2679 2678 2680 
4893 2511 2453 2540 
4894 2584 2667 3156 
4895 2480 2457 3329 
4896 2912 3228 3709 
4897 2362 2353 2419 
4898 2629 2856 3182 
4899 2271 2269 3234 
4900 2990 2991 3137 
4901 2823 2822 2824 
4902 2374 2286 3096 
4903 2804 2786 2855 
4904 2332 2394 2395 
4905 2737 3318 3360 
4906 2635 3136 3193 
4907 2656 2654 2657 
4908 2669 2670 2671 
4909 2708 2706 2892 
4910 2653 2651 2654 
4911 247 246 2975 
4912 2330 2324 3143 
4913 2978 2099 3078 
4914 2855 2786 3194 
4915 3197 2196 3199 
4916 2230 2231 2234 
4917 3133 3132 3215 
4918 183 184 3191 
4919 2752 2849 3091 
4920 2293 2310 3211 
4921 3200 2976 3646 
4922 2673 2659 2674 
4923 2855 3194 3195 
4924 3364 2472 3523 
4925 2602 2635 3193 
4926 2256 2259 3168 
4927 2736 2920 2922 
4928 3256 3153 3567 
4929 2253 2335 3019 
4930 2812 2736 3283 
4931 2459 2526 2559 
4932 2268 2270 3366 
4933 2459 2705 3322 
4934 2623 2622 3573 
4935 3525 3066 3752 
4936 2373 3139 3354 
4937 3034 3221 3775 
4938 3208 3474 3527 
4939 2362 2419 2459 
4940 177 3223 3224 
4941 2445 2449 3285 
4942 2837 2808 3300 
4943 2368 3103 3733 
4944 3065 3401 3508 
4945 3450 2496 3801 
4946 2665 2663 2885 
4947 2165 194 3217 
4948 2886 2885 2887 
4949 2624 2731 2912 
4950 2859 2861 2935 
4951 3154 2714 3155 
4952 2732 2734 2797 
4953 2646 2647 2736 
4954 2639 2640 2933 
4955 2540 2645 2646 
4956 2710 2587 2830 
4957 2385 2377 2453 
4958 2629 2772 2856 
4959 2538 2723 3203 
4960 3407 2412 3501 
4961 2543 2631 3034 
4962 2723 2726 3203 
4963 2708 2892 2960 
4964 3639 3027 3697 
4965 2539 2483 3254 
4966 2782 2710 3161 
4967 3793 3450 3801 
4968 2778 2794 2795 
4969 2551 2522 2593 
4970 2129 173 3230 
4971 2373 2303 3139 
4972 2742 2593 3177 
4973 3095 161 3642 
4974 2135 3031 3642 
4975 3237 3238 3502 
4976 3007 2381 3049 
4977 2671 2670 2760 
4978 3316 2177 3324 
4979 2417 2315 3145 
4980 2546 2548 3166 
4981 2706 2559 3119 
4982 2216 2220 3281 
4983 2784 2539 3254 
4984 2259 2261 2307 
4985 2349 2420 3208 
4986 2511 2540 2587 
4987 2646 2736 2812 
4988 3401 2155 3508 
4989 2717 3745 3771 
4990 2511 2709 3323 
4991 2362 2459 3322 
4992 2540 2646 3184 
4993 2133 3028 3603 
4994 2443 2530 2543 
4995 193 194 2165 
4996 2782 3161 3163 
4997 3318 2486 3360 
4998 2116 3059 3613 
4999 2834 2668 2835 
5000 2385 2453 2511 
5001 2592 2510 3586 
5002 2548 2553 2764 
5003 171 3232 3233 
5004 2584 2508 2585 
5005 2731 3227 3228 
5006 2223 2221 3402 
5007 181 182 2121 
5008 3567 3153 3579 
5009 2180 3283 3284 
5010 2505 3312 3667 
5011 2562 2563 2569 
5012 2928 2927 3742 
5013 3116 2868 3427 
5014 2667 2585 2668 
5015 2820 2605 2923 
5016 2561 2525 2605 
5017 2654 2651 3354 
5018 123 2151 3247 
5019 2173 139 3405 
5020 2767 2768 2850 
5021 2469 2413 2522 
5022 236 2199 2202 
5023 2593 2666 2767 
5024 2234 2235 2236 
5025 2129 3230 3231 
5026 3115 3114 3279 
5027 2658 2654 3354 
5028 2437 2531 2669 
5029 2774 2775 2776 
5030 2986 2990 3735 
5031 2385 2511 3323 
5032 3203 2726 3698 
5033 2394 2330 3143 
5034 177 178 3223 
5035 3169 2307 3171 
5036 3385 3111 3747 
5037 2394 3143 3363 
5038 178 179 2125 
5039 2880 3443 3693 
5040 2723 2725 2726 
5041 3019 2335 3444 
5042 3344 3295 3723 
5043 2339 3183 3516 
5044 2551 2593 2742 
5045 245 244 3008 
5046 2565 2575 2845 
5047 3209 3210 3518 
5048 2528 2426 3288 
5049 2624 2526 2625 
5050 2326 2349 3208 
5051 2570 2632 3138 
5052 2569 2570 2571 
5053 2191 278 3200 
5054 2469 2522 2551 
5055 2626 2888 3127 
5056 2731 2625 2732 
5057 2740 2539 2784 
5058 2763 3187 3188 
5059 2178 3262 3359 
5060 3198 3197 3199 
5061 2619 3018 3669 
5062 2265 2293 2350 
5063 2669 2531 2670 
5064 175 176 2128 
5065 3191 3721 3771 
5066 2493 2428 2525 
5067 2589 2537 2634 
5068 3246 2798 3418 
5069 2997 3001 3003 
5070 227 228 3016 
5071 2145 200 3190 
5072 2671 2822 2823 
5073 3168 3170 3172 
5074 172 173 2129 
5075 2797 2734 2798 
5076 2835 3326 3327 
5077 2142 3152 3601 
5078 185 186 3107 
5079 2825 2670 3330 
5080 171 172 3232 
5081 2892 2706 3119 
5082 3282 2942 3301 
5083 2561 2605 2820 
5084 2220 2556 3281 
5085 2990 2989 2991 
5086 2488 2485 3253 
5087 2600 2602 2936 
5088 2766 2773 2774 
5089 2236 2237 2238 
5090 2143 3092 3495 
5091 2670 2531 3330 
5092 2493 2525 2561 
5093 2125 179 3202 
5094 3325 3310 3331 
5095 2634 2793 2869 
5096 2220 2222 2556 
5097 2725 3031 3165 
5098 2154 235 2202 
5099 2400 3131 3499 
5100 2310 2312 3209 
5101 169 170 2131 
5102 3306 3313 3324 
5103 239 238 3013 
5104 125 2196 3197 
5105 2516 2460 2537 
5106 2823 2824 2967 
5107 2544 2546 3180 
5108 3533 2380 3576 
5109 181 2121 3214 
5110 2644 2643 2780 
5111 192 193 3122 
5112 2573 2480 3329 
5113 2196 126 3252 
5114 2585 2508 3363 
5115 3140 3259 3782 
5116 2840 2837 3300 
5117 2540 2453 2645 
5118 187 188 3077 
5119 2883 2816 3320 
5120 3458 3195 3459 
5121 2736 2647 2920 
5122 234 2154 3023 
5123 2635 2637 3136 
5124 159 2139 3204 
5125 182 183 3192 
5126 3060 2891 3061 
5127 2916 2756 3055 
5128 2750 2751 2752 
5129 2634 2869 3069 
5130 2383 2437 3196 
5131 2312 2326 2379 
5132 2646 2645 2647 
5133 166 167 2133 
5134 2224 2228 2230 
5135 2752 2765 2766 
5136 2637 2743 2964 
5137 3008 244 3010 
5138 2516 2537 2589 
5139 2209 2481 3429 
5140 2720 2585 3363 
5141 196 197 2134 
5142 3262 3358 3679 
5143 164 165 2167 
5144 2350 3212 3772 
5145 3040 3036 3588 
5146 2816 2815 3320 
5147 162 163 2135 
5148 2930 2942 3282 
5149 2700 2712 2713 
5150 3172 3170 3218 
5151 2854 3418 3430 
5152 2370 2367 3339 
5153 125 126 2196 
5154 2827 3246 3418 
5155 3081 3201 3786 
5156 2702 2528 3288 
5157 2797 2798 3245 
5158 2783 2782 3164 
5159 2593 2522 2666 
5160 2316 2315 2317 
5161 2346 2343 3345 
5162 2595 2594 2648 
5163 3078 2619 3669 
5164 207 208 3271 
5165 2971 2972 3017 
5166 2704 2703 2874 
5167 2705 2559 2706 
5168 2142 153 3258 
5169 2850 2768 2897 
5170 2756 2589 3179 
5171 2340 2339 2342 
5172 2728 2729 2730 
5173 2408 2402 3337 
5174 3339 3392 3783 
5175 2354 2353 2362 
5176 2745 2947 2965 
5177 2349 2356 2420 
5178 3042 3247 3644 
5179 2923 2605 2959 
5180 2437 2669 3196 
5181 3731 2132 3789 
5182 2304 2303 2305 
5183 2726 2725 3101 
5184 2969 2970 2971 
5185 2390 2336 2391 
5186 2322 2321 2323 
5187 2945 3148 3256 
5188 2767 2666 2768 
5189 2331 2330 2332 
5190 159 160 2139 
5191 2631 2911 3221 
5192 2367 2366 3339 
5193 2633 2577 2802 
5194 2781 3062 3625 
5195 2649 2648 2827 
5196 3076 3287 3785 
5197 3148 3152 3153 
5198 2843 2840 2844 
5199 3075 3074 3619 
5200 2343 2342 3345 
5201 2709 2587 2710 
5202 2715 2857 3219 
5203 2353 2347 3389 
5204 2802 2803 2969 
5205 3327 2874 3328 
5206 2884 2883 2927 
5207 157 158 2169 
5208 3102 2592 3586 
5209 2285 2284 2286 
5210 2287 2286 2290 
5211 2696 2697 2698 
5212 2707 2706 2708 
5213 176 177 3224 
5214 173 174 3230 
5215 2876 2795 2890 
5216 3182 2856 3286 
5217 2692 2693 2694 
5218 3181 3166 3213 
5219 123 124 2151 
5220 2378 2377 2385 
5221 2291 2290 2295 
5222 2620 2573 2643 
5223 2238 2239 2240 
5224 161 3095 3687 
5225 155 156 2141 
5226 2253 2252 2254 
5227 2402 2401 3337 
5228 3191 2140 3416 
5229 2730 2747 2748 
5230 2901 2606 2902 
5231 2711 2710 2782 
5232 2634 2537 2793 
5233 3051 2412 3407 
5234 3179 3069 3678 
5235 3055 2130 3763 
5236 2814 2702 2815 
5237 3177 2767 3362 
5238 3202 3497 3802 
5239 2694 2695 2696 
5240 2194 3263 3264 
5241 2872 2630 2895 
5242 2869 2793 3032 
5243 2753 2742 2880 
5244 2760 2894 3472 
5245 2403 2404 3349 
5246 3078 3023 3800 
5247 170 171 3233 
5248 2542 2488 2577 
5249 3055 2756 3179 
5250 152 153 2142 
5251 2882 2816 2883 
5252 2423 2416 3261 
5253 2844 2840 3300 
5254 2099 233 3023 
5255 194 195 3217 
5256 2365 2363 2366 
5257 2376 2371 2377 
5258 2352 2347 2353 
5259 2760 2825 2894 
5260 2329 2324 2330 
5261 3013 238 3014 
5262 2414 2413 2469 
5263 2680 2681 2682 
5264 3252 3257 3740 
5265 2782 3163 3164 
5266 3493 2609 3536 
5267 2194 209 3263 
5268 3148 3153 3256 
5269 2424 2423 2428 
5270 2277 2276 2278 
5271 2279 2278 2280 
5272 3160 2100 3431 
5273 2815 2702 3288 
5274 2338 2333 2339 
5275 2868 2867 3675 
5276 2275 2274 2276 
5277 2320 2318 2321 
5278 2742 3177 3443 
5279 200 201 3190 
5280 2302 2300 2303 
5281 2369 2367 2370 
5282 3103 2368 3698 
5283 2099 3023 3078 
5284 179 180 3202 
5285 2930 2928 2942 
5286 2633 2802 2866 
5287 2688 2689 2690 
5288 2270 2607 3366 
5289 2682 2683 2684 
5290 3088 3089 3237 
5291 2686 2687 2688 
5292 2971 2970 2972 
5293 2314 2306 2315 
5294 2684 2685 2686 
5295 2345 2343 2346 
5296 2542 2577 2633 
5297 2389 2562 3444 
5298 3273 3275 3336 
5299 2899 2590 2900 
5300 2429 2428 2493 
5301 2674 2675 2676 
5302 2358 2361 2440 
5303 3264 3263 3302 
5304 2643 2573 3329 
5305 2834 2835 3449 
5306 3267 3264 3302 
5307 2168 122 3247 
5308 2802 2577 2803 
5309 3420 3204 3743 
5310 2969 2803 2970 
5311 2399 2397 2401 
5312 199 200 2145 
5313 2404 2402 2408 
5314 3238 3240 3243 
5315 2411 2409 2413 
5316 252 253 2156 
5317 2388 2386 2396 
5318 2435 2434 2460 
5319 2718 2589 2756 
5320 149 150 2144 
5321 3312 3387 3667 
5322 2736 2922 3283 
5323 180 181 3214 
5324 2422 2416 2423 
5325 2283 2281 2284 
5326 277 278 2191 
5327 2749 2769 3287 
5328 138 2173 3315 
5329 3245 2798 3246 
5330 134 3325 3331 
5331 2676 2677 2678 
5332 2298 2296 2299 
5333 2850 2897 3262 
5334 2437 2438 2531 
5335 2392 2391 2393 
5336 2657 2658 2659 
5337 2454 3182 3397 
5338 3199 2196 3703 
5339 2434 2431 3260 
5340 2307 2261 3173 
5341 124 125 3197 
5342 2195 3482 3659 
5343 2843 2844 3545 
5344 158 159 3204 
5345 2404 2410 3349 
5346 250 251 2158 
5347 2818 2783 2819 
5348 2461 2460 2516 
5349 2757 2756 2916 
5350 126 127 3252 
5351 2433 2431 2434 
5352 2273 2271 2274 
5353 3265 3264 3266 
5354 2536 2727 2728 
5355 146 147 2147 
5356 143 144 2146 
5357 2366 2363 3322 
5358 2978 3078 3669 
5359 2152 211 3296 
5360 2194 3264 3265 
5361 2915 3087 3088 
5362 2240 2241 2242 
5363 3266 3268 3269 
5364 2633 2866 3299 
5365 3122 2924 3762 
5366 2607 2879 3244 
5367 3112 2821 3559 
5368 3269 3268 3270 
5369 2396 2386 3323 
5370 3046 3044 3249 
5371 153 154 3258 
5372 2299 2296 3259 
5373 2267 2266 2327 
5374 2543 2530 2544 
5375 2778 2776 2794 
5376 2179 3162 3690 
5377 2835 3328 3449 
5378 3125 3725 3787 
5379 122 123 3247 
5380 3427 2868 3776 
5381 2442 2393 2443 
5382 2383 2407 2437 
5383 121 2168 3314 
5384 2233 2232 2266 
5385 135 2150 3325 
5386 3250 2166 3251 
5387 2465 2463 2466 
5388 2229 2223 3402 
5389 2466 2463 3272 
5390 3307 2149 3331 
5391 2582 2611 2612 
5392 3266 3267 3268 
5393 3600 3258 3764 
5394 3311 3309 3312 
5395 3145 2650 3348 
5396 3310 3307 3331 
5397 2626 2761 2888 
5398 2737 2915 3318 
5399 3237 3089 3238 
5400 2612 2613 2614 
5401 2580 2581 2582 
5402 3308 3309 3311 
5403 210 2152 3263 
5404 2953 2952 2958 
5405 140 141 2148 
5406 2475 2473 2476 
5407 2471 2467 2472 
5408 3190 201 3401 
5409 2226 2225 2232 
5410 251 252 3255 
5411 252 2156 3255 
5412 2614 2615 2616 
5413 2532 2596 2626 
5414 3263 2152 3302 
5415 2557 2558 2578 
5416 3051 3407 3692 
5417 2919 2917 2952 
5418 2177 131 3305 
5419 281 282 2166 
5420 3088 3087 3089 
5421 2578 2579 2580 
5422 208 209 2194 
5423 3289 3291 3338 
5424 3306 3307 3308 
5425 208 2194 3271 
5426 2444 2229 2831 
5427 3480 2879 3547 
5428 138 139 2173 
5429 3178 2936 3700 
5430 2401 2397 3361 
5431 2484 2477 3346 
5432 2477 2476 3346 
5433 2158 251 3255 
5434 3305 2149 3306 
5435 3308 3307 3309 
5436 379 2197 3321 
5437 2922 2920 3660 
5438 2177 3305 3324 
5439 3306 2149 3307 
5440 137 138 3315 
5441 121 122 2168 
5442 275 276 2127 
5443 210 211 2152 
5444 2967 2968 3025 
5445 2532 2626 3330 
5446 3275 3277 3356 
5447 2732 2733 2734 
5448 2915 3088 3318 
5449 2128 3225 3702 
5450 2479 2477 2484 
5451 2489 2488 2542 
5452 3217 195 3565 
5453 3396 2470 3400 
5454 2116 3334 3674 
5455 2932 2930 3282 
5456 3266 3264 3267 
5457 2846 3696 3794 
5458 249 250 3257 
5459 3137 3016 3537 
5460 2241 2239 3494 
5461 212 2175 3296 
5462 132 133 2149 
5463 135 136 2150 
5464 134 135 3325 
5465 132 2149 3305 
5466 2814 2815 2816 
5467 3318 3088 3438 
5468 255 256 2124 
5469 209 210 3263 
5470 2453 2377 3207 
5471 2933 2640 3100 
5472 2493 3024 3260 
5473 377 378 2157 
5474 2504 2503 3344 
5475 2825 3127 3568 
5476 2487 2485 2488 
5477 379 380 2197 
5478 2516 2718 3272 
5479 2577 2488 3253 
5480 2201 120 3314 
5481 3351 3033 3575 
5482 250 2158 3257 
5483 2551 2742 2753 
5484 202 203 2155 
5485 211 212 3296 
5486 2498 2491 2499 
5487 120 121 3314 
5488 2639 2567 2640 
5489 2499 2491 3298 
5490 3305 3306 3324 
5491 2459 2559 2705 
5492 2511 2587 2709 
5493 376 377 3273 
5494 2719 2633 3299 
5495 2522 2413 3220 
5496 2493 2561 3024 
5497 2512 2504 3344 
5498 2129 3231 3666 
5499 214 2198 3333 
5500 212 213 2175 
5501 2516 2589 2718 
5502 2884 2927 2928 
5503 2149 133 3331 
5504 2159 3144 3622 
5505 2882 2883 2884 
5506 3459 3195 3494 
5507 2502 2500 2503 
5508 130 131 2177 
5509 2607 3244 3366 
5510 2619 3078 3800 
5511 2738 3082 3083 
5512 3373 2501 3387 
5513 2175 213 3333 
5514 376 3273 3336 
5515 2422 2423 2424 
5516 131 132 3305 
5517 3273 3274 3275 
5518 257 258 2160 
5519 204 205 2195 
5520 2542 2719 3298 
5521 2141 3206 3599 
5522 2774 2773 2775 
5523 3493 3536 3627 
5524 2332 2395 3183 
5525 377 2157 3273 
5526 2433 2434 2435 
5527 3617 2996 3694 
5528 2430 2432 3391 
5529 3098 3634 3797 
5530 3703 3252 3740 
5531 2509 2594 2595 
5532 2651 2373 3354 
5533 133 134 3331 
5534 2451 3203 3384 
5535 3309 3307 3310 
5536 284 285 2116 
5537 2194 3265 3271 
5538 2506 2504 2512 
5539 119 120 2201 
5540 213 214 3333 
5541 3053 2987 3489 
5542 2327 2266 3534 
5543 2333 2332 3183 
5544 2411 2413 2414 
5545 2533 2513 2534 
5546 214 215 2198 
5547 374 375 2138 
5548 2429 2493 3260 
5549 2424 2428 2429 
5550 2760 2670 2825 
5551 2458 2517 2557 
5552 2542 2633 2719 
5553 2718 2756 2757 
5554 2465 2466 2467 
5555 2376 2377 2378 
5556 2404 2408 2409 
5557 373 374 3289 
5558 2461 2516 3272 
5559 3094 2748 3458 
5560 2471 2472 2473 
5561 3289 3290 3291 
5562 2709 2710 2711 
5563 2435 2460 2461 
5564 3275 3276 3277 
5565 273 274 2159 
5566 2474 3243 3526 
5567 2414 2469 3261 
5568 3043 2810 3044 
5569 2399 2401 2402 
5570 2489 2542 3298 
5571 2792 3373 3387 
5572 2740 2784 2785 
5573 3102 3103 3780 
5574 2664 2703 2704 
5575 3085 3075 3750 
5576 2852 2617 2853 
5577 2652 2655 2966 
5578 2352 2353 2354 
5579 3130 3315 3404 
5580 2750 2713 2751 
5581 2378 2385 2386 
5582 2369 2370 2371 
5583 2644 2780 2781 
5584 3587 2195 3659 
5585 2790 3396 3400 
5586 2785 2786 2804 
5587 2365 2366 2367 
5588 259 260 2118 
5589 2475 2476 2477 
5590 3230 174 3595 
5591 371 372 2137 
5592 2994 2993 2995 
5593 2388 2396 2397 
5594 2711 2782 2783 
5595 3291 3293 3408 
5596 2737 2914 2915 
5597 3238 3239 3240 
5598 2705 2706 2707 
5599 2757 2916 2917 
5600 2479 2484 2485 
5601 2354 2362 2363 
5602 2629 2771 2772 
5603 3273 2157 3274 
5604 256 257 3297 
5605 2508 2394 3363 
5606 3291 3292 3293 
5607 370 371 3304 
5608 2219 2217 2225 
5609 2552 2672 2737 
5610 232 2099 2977 
5611 3020 3019 3799 
5612 2915 3086 3087 
5613 2845 3178 3585 
5614 202 2155 3401 
5615 2498 2499 2500 
5616 368 369 2136 
5617 2502 2503 2504 
5618 2953 2958 3367 
5619 378 379 3321 
5620 2919 2952 2953 
5621 2338 2339 2340 
5622 2386 2385 3323 
5623 3090 2199 3250 
5624 2340 2342 2343 
5625 2977 2099 2978 
5626 2700 2698 2712 
5627 2552 2737 3360 
5628 2487 2488 2489 
5629 2838 2841 2950 
5630 3246 2827 3519 
5631 2506 2512 2513 
5632 2620 2643 2644 
5633 2139 3433 3743 
5634 2345 2346 2347 
5635 3045 3044 3046 
5636 375 376 3336 
5637 2897 2898 3636 
5638 3097 3098 3797 
5639 2779 2944 2945 
5640 2322 2323 2324 
5641 2618 2864 2865 
5642 2595 2648 2649 
5643 2865 2893 3316 
5644 2186 3379 3695 
5645 373 3289 3338 
5646 2723 2724 2725 
5647 261 262 2162 
5648 2803 2577 3253 
5649 2316 2317 2318 
5650 2329 2330 2331 
5651 2766 2765 2773 
5652 3316 2893 3317 
5653 2210 2308 3592 
5654 365 366 2132 
5655 2972 2970 2973 
5656 2363 2362 3322 
5657 2144 3149 3710 
5658 2437 2407 2438 
5659 2331 2332 2333 
5660 2531 2438 2532 
5661 2945 3147 3148 
5662 2296 2295 3259 
5663 2938 2939 2940 
5664 2940 2941 2974 
5665 374 2138 3289 
5666 363 364 2171 
5667 2865 2864 2893 
5668 3030 3395 3726 
5669 2904 2905 2906 
5670 2514 2535 2574 
5671 2466 3272 3398 
5672 372 373 3338 
5673 3148 3150 3152 
5674 2320 2321 2322 
5675 3275 3274 3276 
5676 2560 2721 2779 
5677 2626 2596 2761 
5678 3666 3231 3758 
5679 2526 2419 3456 
5680 2523 2628 2629 
5681 2531 2532 3330 
5682 3164 2119 3635 
5683 3128 2792 3129 
5684 361 362 2130 
5685 3057 3058 3064 
5686 2242 2243 2244 
5687 2562 2739 3444 
5688 2314 2315 2316 
5689 2396 3323 3476 
5690 2556 3054 3727 
5691 2874 2963 3695 
5692 2861 2862 2904 
5693 2618 2852 2864 
5694 2618 2617 2852 
5695 2704 2874 3327 
5696 2538 2722 2723 
5697 2473 2472 3414 
5698 3016 3011 3537 
5699 2497 2491 2498 
5700 2791 2586 2792 
5701 271 272 2097 
5702 2514 2513 2533 
5703 2505 2504 2506 
5704 359 360 2172 
5705 2752 2751 2765 
5706 263 264 2113 
5707 2304 2305 2306 
5708 3064 3065 3066 
5709 2692 2690 2693 
5710 3433 2139 3434 
5711 2906 2907 2909 
5712 3336 3275 3356 
5713 2857 2858 2859 
5714 2535 2533 2617 
5715 2302 2303 2304 
5716 2506 2513 2514 
5717 3289 2138 3290 
5718 2535 2617 2618 
5719 2490 2489 2491 
5720 3171 3173 3175 
5721 269 270 2161 
5722 2737 2672 2914 
5723 265 266 2163 
5724 357 358 2126 
5725 3238 3089 3239 
5726 3291 3290 3292 
5727 260 261 3335 
5728 3233 3232 3794 
5729 2491 2489 3298 
5730 2514 2533 2535 
5731 3310 3325 3583 
5732 3170 3169 3724 
5733 2157 378 3321 
5734 2502 2504 2505 
5735 2715 2716 2857 
5736 2230 2228 2231 
5737 2859 2860 2861 
5738 2501 2500 2502 
5739 2432 2560 3391 
5740 2974 3056 3057 
5741 272 273 3319 
5742 267 268 2100 
5743 2859 2935 3655 
5744 2680 2678 2681 
5745 355 356 2174 
5746 371 2137 3304 
5747 3043 3044 3045 
5748 3084 3085 3426 
5749 2915 2914 3086 
5750 2819 3164 3635 
5751 2298 2299 2300 
5752 2474 2473 2475 
5753 2831 2229 3402 
5754 2832 2790 2833 
5755 2909 2910 2938 
5756 3339 2366 3392 
5757 2151 3198 3644 
5758 3271 3265 3774 
5759 2655 3113 3640 
5760 358 359 3347 
5761 353 354 2122 
5762 286 287 2170 
5763 2996 2995 2997 
5764 285 286 3334 
5765 3293 3292 3294 
5766 2285 2286 2287 
5767 2486 2485 2487 
5768 2234 2231 2235 
5769 139 140 3405 
5770 2287 2290 2291 
5771 2211 2209 3429 
5772 2674 2659 2675 
5773 2464 2463 2465 
5774 2171 3041 3611 
5775 356 357 3351 
5776 3077 2143 3781 
5777 2470 2467 2471 
5778 262 263 3341 
5779 2498 2500 2501 
5780 2124 256 3297 
5781 2903 2902 3395 
5782 351 352 2176 
5783 2789 2755 2790 
5784 2154 2203 2204 
5785 2657 2654 2658 
5786 2888 2761 2889 
5787 2791 2792 3128 
5788 354 355 3352 
5789 2512 3344 3496 
5790 2791 3128 3130 
5791 2283 2284 2285 
5792 2507 2599 2715 
5793 2478 2477 2479 
5794 2490 2491 2497 
5795 2432 2431 2433 
5796 2848 3481 3569 
5797 2803 3253 3350 
5798 2291 2295 2296 
5799 2490 2497 2552 
5800 349 350 2120 
5801 2138 375 3336 
5802 3240 3239 3241 
5803 2897 2768 2898 
5804 2696 2695 2697 
5805 352 353 3355 
5806 2666 2522 3220 
5807 2835 2668 3326 
5808 2487 2489 2490 
5809 347 348 2178 
5810 2668 2585 2720 
5811 270 271 3340 
5812 264 265 3342 
5813 2732 2625 2733 
5814 3288 2426 3419 
5815 2552 2586 2672 
5816 175 2128 3595 
5817 2741 3198 3618 
5818 345 346 2119 
5819 350 351 3357 
5820 2419 2353 3389 
5821 2694 2693 2695 
5822 2645 2453 3207 
5823 3413 2450 3452 
5824 2920 2647 2921 
5825 2421 2416 2422 
5826 2672 2586 2791 
5827 2931 2930 2932 
5828 2552 2497 2586 
5829 266 267 3343 
5830 2479 2485 2486 
5831 2463 2461 3272 
5832 2467 2466 3523 
5833 2462 2461 2463 
5834 2918 2917 2919 
5835 2261 2262 2263 
5836 237 9 3648 
5837 2970 2803 3350 
5838 348 349 3358 
5839 3045 3046 3048 
5840 343 344 2179 
5841 3294 3292 3295 
5842 3135 3022 3229 
5843 2431 2429 3260 
5844 2397 2396 3361 
5845 257 2160 3297 
5846 2795 2794 3189 
5847 2213 2211 2372 
5848 2630 2544 3180 
5849 2430 2429 2431 
5850 2954 2953 2955 
5851 3702 3225 3757 
5852 3290 2138 3356 
5853 2137 372 3338 
5854 2476 3414 3425 
5855 3337 2401 3403 
5856 2929 2928 2930 
5857 341 342 2117 
5858 2263 2264 2265 
5859 2471 2473 2474 
5860 2824 2822 3468 
5861 2416 2414 3261 
5862 2881 2816 2882 
5863 196 2134 3565 
5864 3043 3045 3047 
5865 2277 2278 2279 
5866 2279 2280 2281 
5867 2275 2276 2277 
5868 2312 2325 2326 
5869 3356 3277 3406 
5870 2415 2414 2416 
5871 339 340 2180 
5872 231 2977 3071 
5873 2955 2953 3367 
5874 2682 2681 2683 
5875 2792 2586 3373 
5876 2410 2409 2411 
5877 2254 2255 2256 
5878 2358 2360 2361 
5879 2486 2487 3360 
5880 2256 2258 2259 
5881 9 280 3648 
5882 2259 2260 2261 
5883 337 338 2115 
5884 2852 2853 3620 
5885 2361 2382 2383 
5886 2383 2406 2407 
5887 2688 2687 2689 
5888 2684 2683 2685 
5889 2273 2274 2275 
5890 157 2169 3544 
5891 2475 2477 2478 
5892 236 237 2199 
5893 2686 2685 2687 
5894 2138 3336 3356 
5895 2856 2772 3609 
5896 2265 2292 2293 
5897 335 336 2181 
5898 2497 2498 3373 
5899 286 2170 3334 
5900 2498 2501 3373 
5901 254 255 3463 
5902 2326 2348 2349 
5903 287 288 3353 
5904 2110 230 3071 
5905 2310 2311 2312 
5906 2862 2860 3464 
5907 2676 2675 2677 
5908 3042 2810 3043 
5909 2741 2550 2759 
5910 2293 2309 2310 
5911 2141 156 3544 
5912 2779 2721 2944 
5913 2813 2702 2814 
5914 2465 2467 2470 
5915 380 381 3441 
5916 333 334 2114 
5917 3210 2379 3527 
5918 2356 2357 2358 
5919 3254 2405 3521 
5920 2560 2779 3391 
5921 2487 2490 3360 
5922 2809 2759 2810 
5923 2349 2355 2356 
5924 3365 2960 3626 
5925 3039 3038 3593 
5926 2791 3130 3404 
5927 190 191 3505 
5928 3064 3058 3065 
5929 3241 3239 3242 
5930 2236 2235 2237 
5931 3044 2810 3452 
5932 2403 2402 2404 
5933 2116 285 3334 
5934 331 332 2182 
5935 2973 2970 3350 
5936 336 337 3365 
5937 2945 2944 3147 
5938 2334 3459 3612 
5939 2244 2245 2246 
5940 3129 2792 3387 
5941 2789 2790 2832 
5942 2335 2389 3444 
5943 3050 3052 3054 
5944 2398 2397 2399 
5945 2984 2985 2986 
5946 334 335 3368 
5947 329 330 2109 
5948 3508 3744 3752 
5949 2962 3015 3639 
5950 2490 2552 3360 
5951 3148 3147 3150 
5952 360 361 3417 
5953 327 328 2183 
5954 3244 2879 3480 
5955 3061 2891 3555 
5956 3538 3040 3588 
5957 2734 2733 2735 
5958 3276 3278 3496 
5959 167 168 3606 
5960 2759 3413 3452 
5961 2464 2465 3396 
5962 3103 2726 3780 
5963 2919 2953 2954 
5964 2994 2996 3498 
5965 3205 2189 3483 
5966 325 326 2108 
5967 2375 2371 2376 
5968 2238 2237 2239 
5969 330 331 3369 
5970 2757 2917 2918 
5971 359 2172 3347 
5972 2462 2464 2754 
5973 3183 2395 3437 
5974 2462 2463 2464 
5975 2876 3059 3674 
5976 3458 2748 3602 
5977 2532 2550 2596 
5978 288 289 2095 
5979 3057 3056 3058 
5980 2246 2247 2248 
5981 2996 2997 3694 
5982 323 324 2185 
5983 2650 2652 3348 
5984 2435 2461 2462 
5985 2387 2386 2388 
5986 2776 2775 3445 
5987 2233 2266 2267 
5988 3137 2994 3777 
5989 328 329 3371 
5990 2728 2727 2729 
5991 3280 2105 3616 
5992 2652 2966 3348 
5993 2432 2433 2520 
5994 3579 3153 3650 
5995 2883 3320 3651 
5996 321 322 2107 
5997 2101 3085 3750 
5998 140 2148 3405 
5999 326 327 3372 
6000 235 236 2202 
6001 2817 2783 2818 
6002 2586 2497 3373 
6003 2600 2601 2602 
6004 2248 2249 2250 
6005 1 248 3657 
6006 2940 2939 2941 
6007 2789 2832 2926 
6008 2754 2755 2788 
6009 3018 2619 3592 
6010 319 320 2186 
6011 2368 2367 2369 
6012 2226 2232 2233 
6013 2250 2251 2252 
6014 2809 2810 3042 
6015 2548 2549 2553 
6016 2575 2576 2600 
6017 2209 2207 2481 
6018 3660 2920 3701 
6019 2751 2713 3440 
6020 268 269 3431 
6021 2918 2919 3364 
6022 2974 2941 3056 
6023 317 318 2106 
6024 2701 2528 2702 
6025 357 2126 3351 
6026 2635 2636 2637 
6027 2637 2638 2743 
6028 322 323 3377 
6029 2754 2464 2755 
6030 2553 2554 2565 
6031 2602 2603 2635 
6032 2672 2791 3404 
6033 2730 2729 2747 
6034 2981 2983 2984 
6035 2118 260 3335 
6036 2745 2746 2947 
6037 2364 2363 2365 
6038 2424 2429 2430 
6039 2544 2545 2546 
6040 2788 2755 2789 
6041 3162 2117 3690 
6042 315 316 2187 
6043 234 235 2154 
6044 2126 358 3347 
6045 2741 2759 2809 
6046 3098 2689 3634 
6047 279 1 3657 
6048 2986 2988 2989 
6049 320 321 3379 
6050 2430 2431 2432 
6051 233 234 3023 
6052 290 291 2184 
6053 273 2159 3319 
6054 2852 3620 3662 
6055 2717 2899 3745 
6056 2788 2789 3390 
6057 2476 2473 3414 
6058 2546 2547 2548 
6059 313 314 2105 
6060 289 290 3374 
6061 2926 2832 3026 
6062 2790 2755 3396 
6063 2914 2672 3404 
6064 3383 3061 3555 
6065 2407 2406 2450 
6066 166 2133 3603 
6067 2565 2566 2575 
6068 311 312 2188 
6069 2421 2422 2519 
6070 2743 2744 2745 
6071 2174 356 3351 
6072 229 2110 3011 
6073 2351 2347 2352 
6074 361 2130 3417 
6075 309 310 2104 
6076 3441 3271 3774 
6077 2486 3318 3438 
6078 2432 2520 2560 
6079 2478 3237 3502 
6080 2833 2790 3400 
6081 201 202 3401 
6082 355 2174 3352 
6083 2167 165 3603 
6084 3017 3731 3789 
6085 2779 2945 3520 
6086 2848 3094 3481 
6087 3366 3244 3571 
6088 307 308 2189 
6089 2532 2438 2550 
6090 2411 2414 2415 
6091 2871 2870 3477 
6092 3066 3525 3804 
6093 2596 2550 2741 
6094 3338 3291 3408 
6095 2884 2928 2929 
6096 3313 2574 3557 
6097 240 2111 3015 
6098 2938 2910 2939 
6099 305 306 2103 
6100 2582 2581 2611 
6101 2404 2409 2410 
6102 2122 354 3352 
6103 2591 2510 2592 
6104 2172 360 3417 
6105 2723 2722 2724 
6106 3149 3151 3710 
6107 2725 2724 3031 
6108 3292 3290 3406 
6109 292 293 3375 
6110 303 304 2190 
6111 2415 2416 2421 
6112 310 311 3382 
6113 3272 2718 3398 
6114 205 206 3482 
6115 2465 2470 3396 
6116 2557 2517 2558 
6117 2383 2382 2406 
6118 2578 2558 2579 
6119 301 302 2102 
6120 2580 2579 2581 
6121 261 2162 3335 
6122 2361 2360 2382 
6123 3295 3292 3406 
6124 2560 2597 2721 
6125 2668 2720 3326 
6126 353 2122 3355 
6127 2814 2816 2881 
6128 2612 2611 2613 
6129 2359 2241 3494 
6130 299 300 2192 
6131 2860 2924 3464 
6132 2509 2595 3437 
6133 2100 268 3431 
6134 3290 3356 3406 
6135 2929 2930 2931 
6136 3141 2933 3770 
6137 3047 3314 3654 
6138 306 307 3385 
6139 2629 2628 2771 
6140 2560 2520 2597 
6141 2772 2771 2946 
6142 2344 2343 2345 
6143 2721 2597 2826 
6144 2919 2954 3364 
6145 297 298 2101 
6146 304 305 3386 
6147 2415 2421 2518 
6148 2176 352 3355 
6149 2358 2357 2360 
6150 2443 2529 2530 
6151 2950 2841 2951 
6152 295 296 2193 
6153 2906 2905 2907 
6154 2768 2666 3378 
6155 302 303 3388 
6156 146 2147 3543 
6157 2219 2225 2226 
6158 293 294 2096 
6159 2205 2203 2610 
6160 2337 2333 2338 
6161 3258 154 3599 
6162 2162 262 3341 
6163 2399 2402 2403 
6164 351 2176 3357 
6165 2904 2862 2905 
6166 2614 2613 2615 
6167 2842 2840 2843 
6168 2693 2690 3448 
6169 2894 3463 3472 
6170 2931 2932 3600 
6171 2755 2464 3396 
6172 298 299 3393 
6173 2799 2649 2854 
6174 248 247 2200 
6175 2748 2747 2896 
6176 2328 2324 2329 
6177 2388 2397 2398 
6178 2662 2664 3412 
6179 296 297 3394 
6180 2616 2615 2787 
6181 2097 272 3319 
6182 2120 350 3357 
6183 3066 3508 3752 
6184 2909 2907 2910 
6185 2929 2931 3206 
6186 3177 3362 3691 
6187 349 2120 3358 
6188 2681 2678 3447 
6189 2881 2882 3109 
6190 2240 2239 2241 
6191 2356 2355 2357 
6192 2734 2735 3430 
6193 3019 3444 3799 
6194 2520 2433 3399 
6195 3340 3718 3790 
6196 2406 2382 2521 
6197 2711 2783 2817 
6198 2178 348 3358 
6199 2433 2435 3399 
6200 2137 3338 3408 
6201 2319 2318 2320 
6202 2479 2486 3438 
6203 3250 2199 3648 
6204 2378 2386 2387 
6205 2789 2926 3390 
6206 2326 2325 2348 
6207 3171 2307 3173 
6208 3011 3012 3537 
6209 2666 3220 3378 
6210 2718 2757 3398 
6211 3346 2476 3425 
6212 2647 2645 3381 
6213 2839 2837 2840 
6214 2360 2357 2541 
6215 2170 287 3353 
6216 2349 2348 2355 
6217 232 233 2099 
6218 3006 3007 3778 
6219 2242 2241 2243 
6220 263 2113 3341 
6221 2853 3302 3620 
6222 3062 2806 3625 
6223 2861 2860 2862 
6224 2934 3773 3787 
6225 2312 2311 2325 
6226 2813 2814 3420 
6227 2398 2399 3380 
6228 3011 2110 3012 
6229 2675 2659 3451 
6230 2898 2768 3378 
6231 2173 3086 3734 
6232 2369 2371 2375 
6233 2113 264 3342 
6234 2880 2742 3443 
6235 155 2141 3599 
6236 271 2097 3340 
6237 2365 2367 2368 
6238 2920 2921 3701 
6239 2926 3026 3543 
6240 2645 3207 3381 
6241 2161 270 3340 
6242 2412 2236 3501 
6243 2859 2858 2860 
6244 2598 2573 2620 
6245 2301 2300 2302 
6246 2701 2702 2813 
6247 265 2163 3342 
6248 2857 2716 2858 
6249 2313 2306 2314 
6250 2890 2795 3189 
6251 2163 266 3343 
6252 2206 2208 2619 
6253 3219 2857 3655 
6254 2520 3399 3470 
6255 2310 2309 2311 
6256 2263 2262 2264 
6257 2519 2422 3424 
6258 2407 2450 3413 
6259 2900 3511 3581 
6260 2204 2203 2205 
6261 2941 2939 2949 
6262 2849 3067 3462 
6263 3446 3210 3527 
6264 3269 3270 3630 
6265 2422 2424 3424 
6266 3192 3191 3771 
6267 2265 2264 2292 
6268 2446 3480 3547 
6269 267 2100 3343 
6270 2372 2211 3429 
6271 2354 2363 2364 
6272 2293 2292 2309 
6273 2759 2550 3413 
6274 2821 3485 3559 
6275 2572 2480 2573 
6276 2935 2861 3604 
6277 2743 2745 3491 
6278 2375 2376 2426 
6279 2831 3244 3480 
6280 3316 3324 3732 
6281 3327 3326 3475 
6282 2375 2426 2451 
6283 2261 2260 2262 
6284 3129 3387 3684 
6285 2814 2881 3420 
6286 2156 253 3560 
6287 2368 2369 3384 
6288 3377 2185 3672 
6289 2155 203 3541 
6290 2921 2647 3381 
6291 2395 2509 3437 
6292 246 245 2153 
6293 3016 3137 3777 
6294 163 164 3549 
6295 3175 2588 3737 
6296 2757 2918 3398 
6297 2435 2462 3399 
6298 2798 2734 3430 
6299 2345 2347 2351 
6300 254 3463 3560 
6301 2438 2407 3413 
6302 2715 2599 2716 
6303 2387 2388 3428 
6304 2868 3675 3776 
6305 2451 2528 2538 
6306 337 2115 3365 
6307 2462 2754 3399 
6308 3036 2871 3588 
6309 2663 2661 3765 
6310 3189 2794 3370 
6311 2340 2343 2344 
6312 2538 2701 2722 
6313 2197 380 3441 
6314 2181 336 3365 
6315 143 2146 3580 
6316 2379 3208 3527 
6317 2399 2403 3380 
6318 2114 3228 3530 
6319 204 2195 3541 
6320 2595 2649 2799 
6321 2991 2992 2993 
6322 168 169 3562 
6323 2297 2296 2298 
6324 335 2181 3368 
6325 2259 2258 2260 
6326 2355 2348 2496 
6327 2114 334 3368 
6328 2210 2212 2308 
6329 2145 3056 3759 
6330 2882 2884 3409 
6331 3117 2136 3663 
6332 2351 2425 2454 
6333 2527 2483 2539 
6334 2178 3359 3478 
6335 2256 2255 2258 
6336 2123 3122 3762 
6337 2591 2592 2763 
6338 2745 2744 2746 
6339 2595 2799 3437 
6340 3031 2724 3095 
6341 2873 2751 3440 
6342 2331 2333 2337 
6343 2351 2352 2425 
6344 3155 2288 3624 
6345 3505 2123 3668 
6346 288 2095 3353 
6347 2743 2638 2744 
6348 2637 2636 2638 
6349 2124 3297 3468 
6350 2282 2281 2283 
6351 3453 2468 3755 
6352 2325 2311 2468 
6353 2166 282 3539 
6354 3109 2882 3409 
6355 2478 2479 3438 
6356 3208 2420 3474 
6357 331 2182 3369 
6358 2641 2539 2740 
6359 3089 3087 3517 
6360 3294 3295 3577 
6361 3199 2761 3618 
6362 2388 2398 3428 
6363 3370 2794 3445 
6364 2571 3138 3688 
6365 2664 2704 3412 
6366 2322 2324 2328 
6367 2430 3391 3424 
6368 2454 2510 2523 
6369 2451 2426 2528 
6370 2635 2603 2636 
6371 2109 330 3369 
6372 231 232 2977 
6373 346 347 3478 
6374 2424 2430 3424 
6375 2815 3288 3552 
6376 2623 3573 3643 
6377 2538 2528 2701 
6378 2216 2218 2220 
6379 2507 2715 3551 
6380 2344 2345 3397 
6381 308 309 3483 
6382 329 2109 3371 
6383 2602 2601 2603 
6384 2794 2776 3445 
6385 2733 2625 3456 
6386 2316 2318 2319 
6387 2337 2427 2800 
6388 2600 2576 2601 
6389 2625 2526 3456 
6390 3285 3070 3805 
6391 2713 2712 3440 
6392 2735 2733 2957 
6393 2183 328 3371 
6394 347 2178 3478 
6395 2649 2827 3418 
6396 2822 2760 3472 
6397 3159 2845 3457 
6398 3399 2754 3470 
6399 2523 2591 2628 
6400 229 230 2110 
6401 2254 2252 2255 
6402 2346 3345 3803 
6403 327 2183 3372 
6404 2475 2478 3502 
6405 2550 2438 3413 
6406 2214 3281 3503 
6407 2799 2854 3332 
6408 2272 2271 2273 
6409 3265 3266 3570 
6410 230 231 3071 
6411 2644 2781 2846 
6412 2895 2630 3180 
6413 2153 3009 3222 
6414 2108 326 3372 
6415 240 239 2111 
6416 2369 2375 3384 
6417 2200 247 2975 
6418 2337 2338 2427 
6419 2119 346 3478 
6420 2166 3250 3741 
6421 2544 2530 2545 
6422 2842 2843 2943 
6423 243 242 2098 
6424 3204 2139 3743 
6425 10 227 2112 
6426 2854 2649 3418 
6427 2575 2566 2576 
6428 198 199 3578 
6429 2328 2452 2807 
6430 3686 3170 3724 
6431 2836 2838 3566 
6432 2454 2425 2510 
6433 3481 2334 3515 
6434 2744 2638 2770 
6435 3249 2450 3525 
6436 2319 2441 2805 
6437 2244 2243 2245 
6438 2807 2808 2836 
6439 2220 2221 2222 
6440 323 2185 3377 
6441 2946 2771 3028 
6442 2982 2980 3018 
6443 2313 2436 2811 
6444 2553 2549 2554 
6445 2304 2306 2313 
6446 2678 2677 3447 
6447 2150 3128 3583 
6448 2838 2839 2841 
6449 3340 2097 3718 
6450 2836 2837 2838 
6451 2690 2689 3448 
6452 2907 2905 2908 
6453 2839 2840 2842 
6454 2107 322 3377 
6455 2095 289 3374 
6456 2298 2300 2301 
6457 2565 2554 2566 
6458 321 2107 3379 
6459 2659 2658 3451 
6460 2548 2547 2549 
6461 2297 3154 3605 
6462 191 2123 3505 
6463 2884 2929 3409 
6464 2246 2245 2247 
6465 3315 3130 3712 
6466 2934 2693 3448 
6467 2523 2510 2591 
6468 255 2124 3463 
6469 3323 2709 3476 
6470 2301 2455 2456 
6471 2186 320 3379 
6472 2328 2329 2452 
6473 2805 2806 3062 
6474 2248 2247 2249 
6475 2250 2249 2251 
6476 2519 3424 3520 
6477 2810 2759 3452 
6478 2270 2269 2271 
6479 2376 2378 3419 
6480 2443 2393 2529 
6481 3226 3076 3785 
6482 2923 2959 3507 
6483 2309 2292 2439 
6484 2765 2751 2873 
6485 3021 2681 3447 
6486 2456 2457 2458 
6487 2319 2320 2441 
6488 2193 3226 3584 
6489 2607 2608 2879 
6490 2546 2545 2547 
6491 3700 2936 3756 
6492 290 2184 3374 
6493 2717 2590 2899 
6494 3529 2121 3745 
6495 2572 2598 2877 
6496 2471 2474 3526 
6497 3241 3242 3580 
6498 2283 2285 2288 
6499 2270 2272 2607 
6500 3302 2152 3620 
6501 2800 2427 2925 
6502 368 2136 3550 
6503 2564 2515 2590 
6504 2426 2376 3419 
6505 2603 2601 2604 
6506 2291 2296 2297 
6507 228 229 3011 
6508 2160 258 3563 
6509 241 240 3015 
6510 2677 2675 2847 
6511 2655 3640 3716 
6512 2458 2480 2517 
6513 2820 2923 3575 
6514 3279 3114 3806 
6515 2847 2675 3451 
6516 2618 2865 3557 
6517 2683 2681 3021 
6518 2500 2499 3577 
6519 2860 2858 2924 
6520 2929 3206 3409 
6521 2695 2693 2934 
6522 151 152 3601 
6523 2313 2314 2436 
6524 2222 2223 2224 
6525 3123 3447 3574 
6526 2447 2446 2448 
6527 2345 2351 3397 
6528 311 2188 3382 
6529 2687 2685 2801 
6530 2268 2267 2269 
6531 2352 2354 3423 
6532 2638 2636 3446 
6533 269 2161 3431 
6534 2445 2444 2446 
6535 2104 310 3382 
6536 2195 205 3482 
6537 3091 2849 3607 
6538 2576 2566 2796 
6539 2943 2843 3415 
6540 2262 2260 2384 
6541 2850 3262 3679 
6542 2977 2978 2979 
6543 3242 3239 3517 
6544 2572 2573 2598 
6545 3026 2832 3510 
6546 2445 2447 2449 
6547 2499 3298 3590 
6548 3300 2808 3548 
6549 2807 2452 2808 
6550 307 2189 3385 
6551 2301 2302 2455 
6552 381 5 3699 
6553 2836 2808 2837 
6554 3496 3344 3723 
6555 2838 2837 2839 
6556 2382 2360 3422 
6557 2103 306 3385 
6558 3211 3209 3518 
6559 2574 2535 3557 
6560 2124 3468 3472 
6561 305 2103 3386 
6562 2571 3158 3466 
6563 2449 2515 2536 
6564 2375 2451 3384 
6565 3222 3009 3573 
6566 161 162 3642 
6567 2279 2281 2282 
6568 2252 2251 3467 
6569 2224 2227 2228 
6570 2190 304 3386 
6571 2297 2298 3410 
6572 2562 2569 2739 
6573 2273 2275 2289 
6574 303 2190 3388 
6575 2641 3092 3093 
6576 2521 2382 3422 
6577 3063 2380 3533 
6578 2102 302 3388 
6579 2805 2441 2806 
6580 2997 2998 3001 
6581 2536 2564 2727 
6582 2754 2788 3470 
6583 3127 2888 3682 
6584 293 2096 3375 
6585 2360 2541 3422 
6586 2098 242 3598 
6587 2425 2352 3423 
6588 2258 2255 2863 
6589 2507 2527 2599 
6590 2724 2722 3434 
6591 2581 2579 2609 
6592 3343 2100 3457 
6593 149 2144 3710 
6594 2294 2229 2444 
6595 2170 3105 3708 
6596 299 2192 3393 
6597 2902 3146 3726 
6598 3359 2819 3635 
6599 2968 2746 3597 
6600 2294 3285 3514 
6601 3696 2951 3794 
6602 2716 2599 2937 
6603 2174 3351 3575 
6604 2218 2217 2219 
6605 2101 298 3393 
6606 2616 2787 3558 
6607 2456 2455 2457 
6608 297 2101 3394 
6609 2391 3218 3628 
6610 3017 2972 3731 
6611 2866 3304 3665 
6612 3277 3276 3496 
6613 2227 2223 2229 
6614 2957 2733 3456 
6615 2282 2283 3411 
6616 2378 2387 3419 
6617 2193 296 3394 
6618 2329 2331 3435 
6619 2916 3055 3763 
6620 2153 245 3008 
6621 2554 2549 2588 
6622 2984 2983 2985 
6623 3201 2192 3661 
6624 2877 2598 2878 
6625 2204 2205 2206 
6626 3329 2457 3561 
6627 2986 2985 2988 
6628 2771 2628 3455 
6629 2597 2520 3470 
6630 2233 2267 2268 
6631 318 319 3513 
6632 2964 2743 3491 
6633 3595 2128 3702 
6634 2095 3374 3462 
6635 309 2104 3483 
6636 2458 2457 2480 
6637 3012 2110 3072 
6638 2809 3042 3644 
6639 2613 2611 2956 
6640 3001 3002 3158 
6641 2775 2773 3499 
6642 2709 2711 3476 
6643 5 207 3699 
6644 2517 2480 2572 
6645 2466 3398 3523 
6646 2785 2804 2851 
6647 2796 3176 3772 
6648 2547 2545 2642 
6649 2530 2529 3471 
6650 3009 3008 3216 
6651 2189 308 3483 
6652 2972 2973 3749 
6653 2541 2357 3450 
6654 2320 2322 3442 
6655 2351 2454 3397 
6656 3158 2571 3688 
6657 333 2114 3530 
6658 2314 2316 3439 
6659 2527 2539 2641 
6660 2773 2765 3486 
6661 2864 2852 3662 
6662 3194 2786 3461 
6663 3347 3069 3629 
6664 3558 2900 3581 
6665 2844 3300 3652 
6666 2216 2215 2217 
6667 241 3015 3598 
6668 2787 2615 2829 
6669 2806 3566 3625 
6670 2711 2817 3476 
6671 2219 2226 2583 
6672 2991 2989 2992 
6673 2519 3256 3567 
6674 2268 3366 3479 
6675 2482 2483 2507 
6676 3118 2187 3736 
6677 2722 2701 3433 
6678 281 2166 3741 
6679 2641 2740 3092 
6680 319 2186 3513 
6681 284 2116 3613 
6682 2231 2228 2568 
6683 2182 332 3530 
6684 2701 2813 3433 
6685 2357 2355 3450 
6686 2270 2271 2272 
6687 2879 2608 2948 
6688 2354 2364 3423 
6689 150 151 3680 
6690 2474 2475 3502 
6691 2607 2272 2608 
6692 2214 2213 2215 
6693 259 2118 3563 
6694 365 2132 3596 
6695 2112 227 3016 
6696 2452 2329 3435 
6697 2811 2436 3488 
6698 3424 3391 3520 
6699 2106 318 3513 
6700 3066 3065 3508 
6701 3224 3223 3536 
6702 3015 2111 3639 
6703 2156 3560 3568 
6704 2420 3121 3751 
6705 2298 2301 3410 
6706 2545 2530 3471 
6707 2450 2406 3525 
6708 3095 2724 3434 
6709 3301 2410 3792 
6710 2864 3662 3705 
6711 2865 3316 3732 
6712 2206 2205 2207 
6713 3223 2125 3627 
6714 2514 2574 3615 
6715 2427 3572 3670 
6716 2255 2252 3467 
6717 3231 3230 3713 
6718 2302 2304 3454 
6719 3235 2327 3796 
6720 2111 239 3013 
6721 2344 3286 3572 
6722 189 190 3460 
6723 2994 3498 3777 
6724 3214 2121 3529 
6725 2105 3279 3632 
6726 2446 2444 3480 
6727 2507 2483 2527 
6728 325 2108 3535 
6729 3490 2308 3503 
6730 2220 2218 2221 
6731 137 3315 3712 
6732 2770 2638 3446 
6733 3393 2192 3426 
6734 2106 3118 3736 
6735 3249 3525 3752 
6736 4 249 3704 
6737 2558 2517 3436 
6738 2251 2249 2405 
6739 2212 2211 2213 
6740 2441 2320 3442 
6741 2445 2446 2447 
6742 2200 2975 2976 
6743 2933 3248 3770 
6744 363 2171 3611 
6745 2747 2729 3421 
6746 2268 2269 2270 
6747 2348 2325 3453 
6748 3186 2180 3768 
6749 3002 2998 3465 
6750 2150 136 3712 
6751 3398 2918 3523 
6752 2505 2506 3615 
6753 2210 2209 2211 
6754 2564 2590 2717 
6755 2208 2207 2209 
6756 2283 2288 3411 
6757 2832 2833 3510 
6758 2251 2405 2482 
6759 2355 2496 3450 
6760 2906 2909 3730 
6761 332 333 3530 
6762 2185 324 3535 
6763 2171 364 3596 
6764 2888 2889 3719 
6765 2449 2447 2515 
6766 2436 2314 3439 
6767 3284 2115 3779 
6768 3388 3082 3786 
6769 2704 3327 3475 
6770 2722 3433 3434 
6771 2966 2655 3716 
6772 2294 2444 2445 
6773 2481 3383 3555 
6774 129 130 3671 
6775 2536 2515 2564 
6776 2122 3352 3507 
6777 3372 3142 3681 
6778 3309 3310 3684 
6779 2337 2800 3435 
6780 3093 3092 3460 
6781 2496 2348 3453 
6782 3033 2820 3575 
6783 2301 2456 3410 
6784 2863 3219 3631 
6785 2620 3231 3713 
6786 2331 2337 3435 
6787 2886 2887 3546 
6788 3470 2788 3522 
6789 2157 3321 3630 
6790 2222 2221 2223 
6791 2758 3222 3573 
6792 2237 2235 2334 
6793 2216 2217 2218 
6794 3463 2124 3472 
6795 3163 2179 3649 
6796 3072 2984 3735 
6797 3028 2771 3455 
6798 2685 2683 3469 
6799 2325 2468 3453 
6800 2243 2241 2359 
6801 2227 2229 2294 
6802 3221 2640 3775 
6803 2130 362 3611 
6804 370 3304 3663 
6805 2597 3470 3522 
6806 2131 3233 3689 
6807 3487 2796 3772 
6808 2224 2223 2227 
6809 2247 2245 2495 
6810 3008 3010 3216 
6811 3045 3048 3587 
6812 2971 3017 3550 
6813 160 161 3687 
6814 3239 3089 3517 
6815 3463 2894 3560 
6816 3151 2826 3564 
6817 2328 2807 3442 
6818 324 325 3535 
6819 2316 2319 3439 
6820 2455 2302 3454 
6821 2482 2405 2483 
6822 2322 2328 3442 
6823 3041 2916 3763 
6824 2117 3186 3768 
6825 2788 3390 3522 
6826 2319 2805 3439 
6827 2214 2215 2216 
6828 2206 2207 2208 
6829 206 7 3717 
6830 7 119 3717 
6831 2572 2877 3436 
6832 3468 2822 3472 
6833 2997 2995 2998 
6834 3231 2620 3758 
6835 2979 2978 2980 
6836 3400 2470 3526 
6837 2468 2311 3473 
6838 2979 2980 2981 
6839 3540 2935 3604 
6840 2993 2992 2999 
6841 3013 3014 3617 
6842 3719 2889 3740 
6843 2311 2309 3473 
6844 2177 3316 3671 
6845 2854 3430 3531 
6846 2251 2482 3467 
6847 3332 2854 3531 
6848 2313 2811 3454 
6849 2444 2831 3480 
6850 2212 2213 2214 
6851 2801 3096 3797 
6852 2210 2211 2212 
6853 3147 2144 3680 
6854 3284 2922 3608 
6855 2502 2505 3667 
6856 2208 2209 2210 
6857 2136 369 3663 
6858 3070 2848 3569 
6859 3581 2448 3582 
6860 3636 2898 3746 
6861 2200 3200 3657 
6862 3412 2704 3475 
6863 2327 3534 3633 
6864 2985 2983 2987 
6865 2622 2758 3573 
6866 2517 2572 3436 
6867 2643 3329 3685 
6868 2226 2233 3479 
6869 2470 2471 3526 
6870 3402 2221 3509 
6871 3111 3112 3747 
6872 2304 2313 3454 
6873 2999 2992 3000 
6874 2765 2873 3486 
6875 3244 2831 3571 
6876 3001 2998 3002 
6877 2918 3364 3523 
6878 2421 2519 3567 
6879 2452 3435 3548 
6880 3070 3569 3805 
6881 2924 3492 3762 
6882 2981 2982 2983 
6883 3362 2850 3679 
6884 2712 2698 3677 
6885 215 8 3722 
6886 8 128 3722 
6887 2826 2597 3522 
6888 2308 2212 3503 
6889 2851 3645 3781 
6890 3126 3236 3725 
6891 3227 2797 3591 
6892 2153 3008 3009 
6893 2579 2558 3484 
6894 282 283 3539 
6895 2180 3284 3779 
6896 127 4 3704 
6897 2309 2439 3473 
6898 3316 3317 3671 
6899 2863 2255 3467 
6900 3042 3043 3654 
6901 2569 2571 3466 
6902 2590 2515 3511 
6903 2642 2545 3471 
6904 2983 2982 3489 
6905 3731 2972 3749 
6906 345 2119 3649 
6907 2858 2716 3492 
6908 2611 2581 3493 
6909 197 198 3647 
6910 2990 3137 3537 
6911 2875 3674 3708 
6912 3430 2735 3531 
6913 2773 3486 3499 
6914 2981 2980 2982 
6915 2183 3371 3519 
6916 2683 3021 3469 
6917 3682 2888 3719 
6918 3212 3487 3772 
6919 2801 2685 3469 
6920 2604 2601 3487 
6921 2427 2338 3572 
6922 2895 3181 3718 
6923 2441 3442 3553 
6924 2740 2785 3495 
6925 2406 2521 3525 
6926 3183 3437 3516 
6927 2132 366 3789 
6928 3103 3676 3733 
6929 3092 2740 3495 
6930 164 2167 3549 
6931 2924 2858 3492 
6932 3391 2779 3520 
6933 3508 2155 3744 
6934 2999 3000 3004 
6935 2601 2576 3487 
6936 2436 3439 3554 
6937 2115 3284 3608 
6938 295 2193 3584 
6939 3446 2636 3542 
6940 2510 2425 3586 
6941 3001 3158 3688 
6942 3568 3127 3682 
6943 203 204 3541 
6944 3400 3526 3641 
6945 2615 2613 3497 
6946 3053 3489 3490 
6947 2179 344 3649 
6948 2937 2599 3500 
6949 2641 3093 3500 
6950 343 2179 3690 
6951 2576 2796 3487 
6952 2206 2619 3800 
6953 2266 2400 3534 
6954 367 368 3550 
6955 315 2187 3616 
6956 2541 3450 3793 
6957 2640 2567 3775 
6958 2891 2890 3555 
6959 2518 3301 3792 
6960 2949 2939 3589 
6961 3395 2623 3643 
6962 2096 294 3584 
6963 2988 3407 3610 
6964 258 259 3563 
6965 2739 3466 3576 
6966 2908 2905 3532 
6967 2796 2566 3504 
6968 2609 2579 3484 
6969 2125 3202 3802 
6970 169 2131 3562 
6971 3745 3192 3771 
6972 253 254 3560 
6973 3277 3496 3723 
6974 2893 2864 3705 
6975 3086 2914 3734 
6976 3314 2168 3654 
6977 2716 2937 3492 
6978 3281 2556 3656 
6979 145 146 3543 
6980 2340 2344 3572 
6981 3435 2800 3548 
6982 2599 2527 3500 
6983 3018 2980 3669 
6984 313 2105 3632 
6985 2603 2604 3542 
6986 2105 314 3616 
6987 341 2117 3768 
6988 2439 2292 3540 
6989 156 157 3544 
6990 2581 2609 3493 
6991 3387 2501 3667 
6992 339 2180 3779 
6993 3558 2787 3623 
6994 2455 3454 3561 
6995 2117 342 3690 
6996 2447 2448 3511 
6997 2911 2872 3622 
6998 2956 2611 3493 
6999 2863 3467 3551 
7000 2558 3436 3484 
7001 2566 2554 3504 
7002 3701 2921 3783 
7003 2588 2549 3506 
7004 2233 2268 3479 
7005 3419 2387 3552 
7006 2583 2226 3479 
7007 2739 2569 3466 
7008 2839 2842 3556 
7009 2219 2583 3509 
7010 2838 2950 3566 
7011 2568 2228 3514 
7012 2188 312 3632 
7013 2893 3705 3738 
7014 2218 2219 3509 
7015 3526 3243 3641 
7016 3243 3240 3641 
7017 3580 2146 3788 
7018 2807 2836 3553 
7019 2111 3013 3027 
7020 2799 3332 3516 
7021 3288 3419 3552 
7022 3152 3150 3601 
7023 2804 2855 3602 
7024 2410 2411 3792 
7025 3142 2913 3681 
7026 2549 2547 3506 
7027 2805 3062 3554 
7028 2275 2277 3538 
7029 3437 2799 3516 
7030 2636 2603 3542 
7031 3467 2482 3551 
7032 2554 2588 3504 
7033 2896 2747 3512 
7034 2613 2956 3497 
7035 2785 2851 3495 
7036 2829 2615 3497 
7037 2235 2231 3515 
7038 3442 2807 3553 
7039 301 2102 3661 
7040 2228 2227 3514 
7041 2911 3100 3761 
7042 3376 2184 3807 
7043 2289 2275 3538 
7044 2180 340 3768 
7045 2535 2618 3557 
7046 2989 2988 3610 
7047 2415 2518 3792 
7048 2115 338 3779 
7049 2987 2983 3489 
7050 2481 3555 3621 
7051 2164 3077 3645 
7052 2828 2616 3558 
7053 2819 3359 3753 
7054 2966 3716 3765 
7055 3439 2805 3554 
7056 2527 2641 3500 
7057 3069 2869 3629 
7058 2547 2642 3506 
7059 2518 3567 3579 
7060 317 2106 3736 
7061 3375 3376 3807 
7062 2772 2946 3545 
7063 2905 2862 3532 
7064 2289 3477 3594 
7065 2273 2289 3594 
7066 3158 3002 3533 
7067 292 3375 3807 
7068 2192 300 3661 
7069 2761 2596 3618 
7070 2901 2903 3711 
7071 2993 2999 3528 
7072 2292 2264 3540 
7073 3447 2677 3574 
7074 199 2145 3578 
7075 3465 2998 3528 
7076 3266 3269 3570 
7077 2744 2770 3597 
7078 3240 3241 3653 
7079 3054 3052 3727 
7080 2689 2687 3634 
7081 2231 2568 3515 
7082 3345 3531 3803 
7083 3200 279 3657 
7084 2102 3388 3786 
7085 3454 2811 3561 
7086 2393 2391 3628 
7087 3150 3147 3680 
7088 2365 2368 3733 
7089 3572 3286 3670 
7090 2862 3464 3532 
7091 3007 3475 3778 
7092 195 196 3565 
7093 2770 3446 3527 
7094 2907 2908 3614 
7095 2448 2446 3547 
7096 3428 2398 3651 
7097 2212 2214 3503 
7098 2894 2825 3568 
7099 294 295 3584 
7100 2187 316 3736 
7101 2515 2447 3511 
7102 2503 2500 3577 
7103 3585 3178 3700 
7104 2249 2247 3521 
7105 3622 2872 3673 
7106 2184 291 3807 
7107 3539 283 3613 
7108 2770 3474 3597 
7109 3522 3390 3564 
7110 2997 3003 3694 
7111 2130 3611 3763 
7112 3012 3072 3735 
7113 3232 2129 3666 
7114 2221 2218 3509 
7115 3210 3446 3542 
7116 2841 2839 3556 
7117 3545 2844 3609 
7118 2291 2297 3605 
7119 2387 3428 3552 
7120 3169 3171 3720 
7121 2747 3421 3512 
7122 3325 2150 3583 
7123 3416 2727 3721 
7124 2245 2243 3524 
7125 2995 2993 3528 
7126 3641 3240 3653 
7127 2405 2249 3521 
7128 3225 3484 3757 
7129 2227 2294 3514 
7130 2142 3258 3600 
7131 142 143 3580 
7132 2808 2452 3548 
7133 2288 2285 3624 
7134 2109 3245 3706 
7135 3729 2282 3767 
7136 2482 2507 3551 
7137 2308 3490 3637 
7138 3343 3457 3585 
7139 2960 2892 3626 
7140 3037 3040 3767 
7141 2384 2260 3631 
7142 2338 2340 3572 
7143 3490 3503 3656 
7144 3298 2719 3590 
7145 2133 167 3606 
7146 2596 2741 3618 
7147 3101 3102 3780 
7148 3420 2881 3714 
7149 2518 2421 3567 
7150 152 2142 3601 
7151 2826 3522 3564 
7152 2334 2235 3515 
7153 2941 2949 3759 
7154 3317 2893 3738 
7155 242 241 3598 
7156 2951 2841 3689 
7157 3459 3494 3612 
7158 3128 3129 3583 
7159 3250 3648 3741 
7160 364 365 3596 
7161 2806 2441 3553 
7162 2620 2644 3758 
7163 2879 2948 3547 
7164 3315 2173 3734 
7165 3421 3107 3512 
7166 2156 3568 3682 
7167 2813 3420 3743 
7168 3198 3199 3618 
7169 3528 2999 3658 
7170 3475 3326 3778 
7171 2120 3362 3679 
7172 3386 2103 3559 
7173 2495 2245 3524 
7174 2598 2620 3713 
7175 3560 2894 3568 
7176 2608 2272 3594 
7177 3462 3374 3607 
7178 3645 3077 3781 
7179 2247 2495 3521 
7180 3047 3045 3587 
7181 3138 2962 3697 
7182 2904 2906 3664 
7183 2781 3625 3696 
7184 3550 3017 3789 
7185 174 175 3595 
7186 2861 2904 3604 
7187 3488 2436 3554 
7188 362 363 3611 
7189 2890 3189 3621 
7190 3247 2151 3644 
7191 2243 2359 3524 
7192 3443 3177 3691 
7193 2697 2695 3787 
7194 3258 3599 3764 
7195 2134 197 3647 
7196 2122 3507 3693 
7197 2258 2863 3631 
7198 3082 3081 3786 
7199 3031 3095 3642 
7200 3334 2170 3708 
7201 3125 3126 3725 
7202 283 284 3613 
7203 2968 3597 3751 
7204 3120 2912 3709 
7205 2457 2455 3561 
7206 154 155 3599 
7207 3429 2481 3621 
7208 2608 3594 3707 
7209 165 166 3603 
7210 2875 2876 3674 
7211 3087 3086 3739 
7212 2998 2995 3528 
7213 314 315 3616 
7214 3304 2137 3665 
7215 3486 2873 3534 
7216 3380 2403 3742 
7217 2152 3296 3620 
7218 2899 2900 3623 
7219 3486 2400 3499 
7220 2137 3408 3665 
7221 2262 2384 3683 
7222 3543 2147 3784 
7223 3531 2735 3803 
7224 3320 3428 3651 
7225 2677 2847 3574 
7226 2163 3343 3585 
7227 3005 2834 3672 
7228 3536 3223 3627 
7229 162 2135 3642 
7230 2121 3192 3745 
7231 3544 2169 3714 
7232 2208 2210 3592 
7233 2939 2910 3589 
7234 367 3550 3789 
7235 3082 3388 3754 
7236 3096 3097 3797 
7237 3411 3037 3767 
7238 2237 2334 3612 
7239 2506 2514 3615 
7240 3213 2161 3790 
7241 3295 3406 3723 
7242 3248 2191 3770 
7243 3465 3528 3658 
7244 3086 3405 3739 
7245 2279 2282 3729 
7246 2726 3101 3780 
7247 2272 2273 3594 
7248 2287 2291 3605 
7249 2739 3576 3799 
7250 2748 2896 3602 
7251 2927 3380 3742 
7252 3494 2239 3612 
7253 3408 3299 3665 
7254 3718 3181 3790 
7255 3236 3235 3796 
7256 312 313 3632 
7257 3369 2182 3591 
7258 3638 2198 3722 
7259 2900 3558 3623 
7260 3489 2982 3637 
7261 2169 3420 3714 
7262 3113 3115 3640 
7263 3000 2992 3610 
7264 3415 2133 3606 
7265 2425 3423 3586 
7266 2112 3016 3777 
7267 3440 2712 3715 
7268 3511 2448 3581 
7269 2746 2744 3597 
7270 3620 3296 3662 
7271 2872 2895 3673 
7272 3457 2845 3585 
7273 2188 3632 3806 
7274 3640 2887 3716 
7275 3245 3246 3706 
7276 2857 2859 3655 
7277 3490 3489 3637 
7278 3252 127 3704 
7279 3404 3315 3734 
7280 2400 3486 3534 
7281 3625 2950 3696 
7282 2727 2564 3721 
7283 3483 2104 3675 
7284 2640 3221 3761 
7285 2818 2819 3636 
7286 3328 2874 3695 
7287 2910 2907 3614 
7288 3153 3152 3650 
7289 128 129 3638 
7290 3274 2157 3630 
7291 3673 2895 3718 
7292 2239 2237 3612 
7293 2521 3798 3804 
7294 2368 3384 3698 
7295 3503 3281 3656 
7296 2534 3278 3748 
7297 2878 3595 3702 
7298 207 3271 3699 
7299 3299 2866 3665 
7300 344 345 3649 
7301 2191 3200 3646 
7302 2619 2208 3592 
7303 3374 2184 3607 
7304 3411 2288 3593 
7305 2285 2287 3624 
7306 3286 2856 3670 
7307 3600 2932 3650 
7308 3259 2847 3782 
7309 3052 3053 3727 
7310 3055 3179 3678 
7311 2867 3205 3675 
7312 3519 3371 3706 
7313 2196 3252 3703 
7314 2139 160 3687 
7315 3589 2910 3614 
7316 2126 3347 3629 
7317 3009 3216 3643 
7318 300 301 3661 
7319 2984 2986 3735 
7320 369 370 3663 
7321 2439 3604 3664 
7322 2147 3564 3784 
7323 3296 2175 3662 
7324 3171 3175 3737 
7325 3597 3474 3751 
7326 2108 3372 3681 
7327 3540 2264 3683 
7328 3300 3548 3652 
7329 2144 150 3680 
7330 2708 2960 3660 
7331 3517 3087 3739 
7332 2181 3365 3626 
7333 2289 3538 3588 
7334 3621 3189 3766 
7335 2849 3462 3607 
7336 2833 3641 3653 
7337 3278 3270 3748 
7338 3228 3227 3769 
7339 3181 3213 3790 
7340 2992 2989 3610 
7341 3255 2156 3682 
7342 3043 3047 3654 
7343 130 2177 3671 
7344 2708 3660 3701 
7345 2787 3529 3623 
7346 3656 2556 3727 
7347 2943 3415 3606 
7348 3662 2175 3705 
7349 3555 2890 3621 
7350 3236 3677 3725 
7351 2698 2697 3677 
7352 2260 2258 3631 
7353 2985 2987 3692 
7354 2199 237 3648 
7355 2287 3605 3624 
7356 3003 3001 3688 
7357 2119 3478 3635 
7358 2949 3578 3759 
7359 2193 3394 3619 
7360 3241 3580 3788 
7361 3591 2182 3769 
7362 2501 2502 3667 
7363 3257 3252 3704 
7364 2529 2393 3628 
7365 3538 2277 3729 
7366 2687 2801 3634 
7367 3221 2911 3761 
7368 3312 3309 3684 
7369 2439 3540 3604 
7370 3594 3477 3707 
7371 2833 3400 3641 
7372 3548 2800 3652 
7373 3482 206 3717 
7374 342 343 3690 
7375 2982 3018 3637 
7376 2176 3443 3691 
7377 3329 3561 3685 
7378 3557 2865 3732 
7379 3287 2096 3785 
7380 2161 3213 3791 
7381 2398 3380 3651 
7382 2873 3440 3633 
7383 3027 3013 3617 
7384 3755 2938 3801 
7385 2096 3584 3785 
7386 2161 3340 3790 
7387 3534 2873 3633 
7388 3205 3483 3675 
7389 3636 2819 3753 
7390 3604 2904 3664 
7391 2707 2708 3701 
7392 2163 3585 3700 
7393 2158 3255 3719 
7394 2175 3333 3705 
7395 2846 3666 3758 
7396 2940 3793 3801 
7397 2172 3417 3678 
7398 2158 3719 3740 
7399 248 2200 3657 
7400 148 149 3710 
7401 2134 3589 3614 
7402 2804 3602 3728 
7403 2949 3589 3647 
7404 2567 2524 3775 
7405 3573 3009 3643 
7406 3265 3570 3774 
7407 136 137 3712 
7408 3255 3682 3719 
7409 2800 2925 3652 
7410 3441 381 3699 
7411 2909 2938 3755 
7412 3384 3203 3698 
7413 3705 3333 3738 
7414 2198 215 3722 
7415 2887 2885 3716 
7416 3040 3729 3767 
7417 3246 3519 3706 
7418 119 2201 3717 
7419 3392 2707 3783 
7420 2938 2940 3801 
7421 3403 2818 3746 
7422 2846 2781 3696 
7423 280 281 3741 
7424 3611 3041 3763 
7425 3429 3621 3766 
7426 3257 2158 3740 
7427 3169 3720 3724 
7428 3561 2811 3685 
7429 2940 2974 3793 
7430 2950 2951 3696 
7431 2999 3004 3658 
7432 3324 3313 3732 
7433 3358 2120 3679 
7434 2772 3545 3609 
7435 3798 3064 3804 
7436 2111 3027 3639 
7437 3112 3559 3747 
7438 2925 2427 3670 
7439 2190 3485 3754 
7440 2935 3540 3683 
7441 3559 2103 3747 
7442 3333 2198 3738 
7443 2403 3349 3742 
7444 3666 2846 3794 
7445 2956 3493 3627 
7446 2184 3376 3795 
7447 3556 2131 3689 
7448 3227 3591 3769 
7449 3057 3064 3798 
7450 2264 2262 3683 
7451 316 317 3736 
7452 3357 2176 3691 
7453 3046 3249 3752 
7454 3586 3423 3676 
7455 3355 2122 3693 
7456 249 3257 3704 
7457 3270 3268 3748 
7458 3564 3390 3784 
7459 2521 3422 3798 
7460 3627 2125 3802 
7461 3064 3066 3804 
7462 3093 3505 3668 
7463 2980 2978 3669 
7464 2851 2804 3728 
7465 3482 2201 3659 
7466 3417 3055 3678 
7467 3744 3046 3752 
7468 3091 3607 3795 
7469 3510 2833 3653 
7470 3342 2163 3700 
7471 3262 2897 3753 
7472 2926 3543 3784 
7473 2885 2663 3765 
7474 366 367 3789 
7475 3716 2885 3765 
7476 340 341 3768 
7477 3478 3359 3635 
7478 2881 3109 3714 
7479 3048 3046 3744 
7480 3053 3490 3656 
7481 2877 3702 3757 
7482 2148 3517 3739 
7483 3484 3436 3757 
7484 338 339 3779 
7485 2282 3411 3767 
7486 3423 2364 3676 
7487 3359 3262 3753 
7488 3040 3538 3729 
7489 3471 2529 3686 
7490 2811 3488 3685 
7491 3434 2139 3687 
7492 2877 2878 3702 
7493 2529 3628 3686 
7494 3371 2109 3706 
7495 2201 3482 3717 
7496 3271 3441 3699 
7497 3473 2439 3664 
7498 2878 2598 3713 
7499 3405 2148 3739 
7500 291 292 3807 
7501 2914 3404 3734 
7502 3633 3715 3796 
7503 2114 3368 3709 
7504 2988 2985 3692 
7505 3406 3277 3723 
7506 3367 3731 3749 
7507 3477 2870 3707 
7508 2364 2365 3733 
7509 3427 2188 3806 
7510 3576 3020 3799 
7511 2418 3465 3658 
7512 3095 3434 3687 
7513 2495 3461 3760 
7514 3602 2896 3728 
7515 2327 3633 3796 
7516 3676 2364 3733 
7517 2948 2608 3707 
7518 2955 3367 3749 
7519 3589 2134 3647 
7520 2277 2279 3729 
7521 3102 3586 3676 
7522 3189 3370 3766 
7523 3632 3279 3806 
7524 3619 3394 3750 
7525 3566 2950 3625 
7526 2937 3500 3668 
7527 3109 3544 3714 
7528 3368 3120 3709 
7529 3053 3656 3727 
7530 2564 2717 3721 
7531 3056 2941 3759 
7532 2956 3627 3802 
7533 3206 2931 3764 
7534 2113 3342 3756 
7535 3370 2372 3766 
7536 3500 3093 3668 
7537 2411 2415 3792 
7538 3160 3431 3791 
7539 3646 3141 3770 
7540 3326 2720 3778 
7541 3395 2902 3726 
7542 3342 3700 3756 
7543 2143 3495 3781 
7544 3578 2145 3759 
7545 3100 2640 3761 
7546 2197 3441 3774 
7547 2644 2846 3758 
7548 3390 2926 3784 
7549 3664 2906 3730 
7550 2841 3556 3689 
7551 2182 3530 3769 
7552 2889 3703 3740 
7553 3433 2813 3743 
7554 3720 2642 3724 
7555 3047 3587 3659 
7556 3525 2521 3804 
7557 3254 3521 3760 
7558 2735 2957 3803 
7559 2695 2934 3787 
7560 2468 3473 3730 
7561 2103 3385 3747 
7562 3584 3226 3785 
7563 2960 3608 3660 
7564 3313 3557 3732 
7565 2204 2206 3800 
7566 3498 2112 3777 
7567 3444 2739 3799 
7568 3394 2101 3750 
7569 3506 2642 3720 
7570 3471 3686 3724 
7571 3388 2190 3754 
7572 2642 3471 3724 
7573 2104 3382 3776 
7574 3075 3619 3750 
7575 3431 2161 3791 
7576 2372 3429 3766 
7577 3474 2420 3751 
7578 3653 3241 3788 
7579 3436 2877 3757 
7580 3608 2922 3660 
7581 2588 3506 3737 
7582 2847 3451 3782 
7583 3473 3664 3730 
7584 3451 3140 3782 
7585 2146 3510 3788 
7586 3675 2104 3776 
7587 3645 2851 3728 
7588 3721 2717 3771 
7589 3027 3617 3694 
7590 3569 2568 3805 
7591 3530 3228 3769 
7592 3633 3440 3715 
7593 2568 3514 3805 
7594 2707 3701 3783 
7595 2191 3646 3770 
7596 3495 2851 3781 
7597 3570 2197 3774 
7598 2962 3639 3697 
7599 3521 2495 3760 
7600 3497 2956 3802 
7601 128 3638 3722 
7602 3648 280 3741 
7603 3599 3206 3764 
7604 3514 3285 3805 
7605 3506 3720 3737 
7606 2897 3636 3753 
7607 3607 2184 3795 
7608 3677 2697 3725 
7609 2818 3636 3746 
7610 3720 3171 3737 
7611 3510 3653 3788 
7612 3634 2801 3797 
7613 3232 3666 3794 
7614 3715 3236 3796 
$EndElements
