$MeshFormat
4.1 0 8
$EndMeshFormat
$Entities
11 12 2 0
1 0 0 0 0 
2 -0.5 0 0 0 
3 0 0.5 0 0 
4 -5 2.5 0 0 
5 -5 0 0 0 
6 15 0 0 0 
7 15 2.5 0 0 
8 -5 -2.5 0 0 
12 15 -2.5 0 0 
15 0.5 0 0 0 
16 0 -0.5 0 0 
7 15 0 0 15 2.5 0 1 11 2 6 -7 
8 -5 2.5 0 15 2.5 0 1 12 2 7 -4 
9 -5 0 0 -5 2.5 0 1 10 2 4 -5 
10 -0.5 2.775557561562891e-17 0 0 0.5 0 1 13 2 3 -2 
11 -5 -2.5 0 -5 0 0 1 10 2 8 -5 
12 -5 -2.5 0 15 -2.5 0 1 12 2 12 -8 
13 15 -2.5 0 15 0 0 1 11 2 6 -12 
14 0 2.775557561562891e-17 0 0.5 0.5 0 1 13 2 3 -15 
15 0 -0.5 0 0.5 -2.775557561562891e-17 0 1 13 2 16 -15 
16 -0.5 -0.5 0 0 -2.775557561562891e-17 0 1 13 2 16 -2 
17 -5 0 0 -0.5 0 0 0 2 5 -2 
18 0.5 0 0 15 0 0 0 2 15 -6 
1 -5 0 0 15 2.5 0 1 1 7 8 9 17 -10 14 18 7 
19 -5 -2.5 0 15 0 0 1 1 7 12 11 17 -16 15 18 13 
$EndEntities
$Nodes
24 1644 1 1644
0 2 0 1
1
-0.5 0 0
0 3 0 1
2
0 0.5 0
0 4 0 1
3
-5 2.5 0
0 5 0 1
4
-5 0 0
0 6 0 1
5
15 0 0
0 7 0 1
6
15 2.5 0
0 8 0 1
7
-5 -2.5 0
0 12 0 1
8
15 -2.5 0
0 15 0 1
9
0.5 0 0
0 16 0 1
10
0 -0.5 0
1 7 0 6
11
12
13
14
15
16
15 0.3571428571424803 0
15 0.714285714284295 0
15 1.071428571426401 0
15 1.428571428569801 0
15 1.7857142857132 0
15 2.142857142856601 0
1 8 0 49
17
18
19
20
21
22
23
24
25
26
27
28
29
30
31
32
33
34
35
36
37
38
39
40
41
42
43
44
45
46
47
48
49
50
51
52
53
54
55
56
57
58
59
60
61
62
63
64
65
14.5999999999999 2.5 0
14.1999999999998 2.5 0
13.79999999999971 2.5 0
13.39999999999961 2.5 0
12.99999999999951 2.5 0
12.59999999999941 2.5 0
12.19999999999932 2.5 0
11.79999999999922 2.5 0
11.39999999999912 2.5 0
10.99999999999902 2.5 0
10.59999999999893 2.5 0
10.19999999999883 2.5 0
9.799999999998732 2.5 0
9.399999999998636 2.5 0
8.99999999999854 2.5 0
8.599999999998442 2.5 0
8.199999999998346 2.5 0
7.799999999999344 2.5 0
7.400000000001023 2.5 0
7.000000000002631 2.5 0
6.600000000002812 2.5 0
6.200000000002714 2.5 0
5.800000000002619 2.5 0
5.400000000002521 2.5 0
5.000000000002425 2.5 0
4.600000000002327 2.5 0
4.20000000000223 2.5 0
3.800000000002132 2.5 0
3.400000000002038 2.5 0
3.000000000001942 2.5 0
2.600000000001844 2.5 0
2.200000000001745 2.5 0
1.800000000001647 2.5 0
1.400000000001551 2.5 0
1.000000000001453 2.5 0
0.6000000000013568 2.5 0
0.2000000000012587 2.5 0
-0.1999999999988376 2.5 0
-0.5999999999989321 2.5 0
-0.9999999999990301 2.5 0
-1.399999999999125 2.5 0
-1.799999999999226 2.5 0
-2.199999999999321 2.5 0
-2.599999999999419 2.5 0
-2.999999999999517 2.5 0
-3.399999999999611 2.5 0
-3.799999999999709 2.5 0
-4.199999999999807 2.5 0
-4.599999999999905 2.5 0
1 9 0 6
66
67
68
69
70
71
-5 2.142857142857142 0
-5 1.785714285714285 0
-5 1.428571428571428 0
-5 1.071428571428571 0
-5 0.714285714285714 0
-5 0.3571428571428568 0
1 10 0 7
72
73
74
75
76
77
78
-0.09754516125823032 0.4903926401518541 0
-0.1913417167027804 0.4619397660401548 0
-0.2777851172227451 0.4157348056748987 0
-0.3535533914210651 0.3535533897654825 0
-0.415734806626289 0.2777851157988888 0
-0.4619397664874778 0.191341715622847 0
-0.4903926402610116 0.09754516070945851 0
1 11 0 6
79
80
81
82
83
84
-5 -2.142857142857142 0
-5 -1.785714285714285 0
-5 -1.428571428571428 0
-5 -1.071428571428571 0
-5 -0.714285714285714 0
-5 -0.3571428571428568 0
1 12 0 49
85
86
87
88
89
90
91
92
93
94
95
96
97
98
99
100
101
102
103
104
105
106
107
108
109
110
111
112
113
114
115
116
117
118
119
120
121
122
123
124
125
126
127
128
129
130
131
132
133
14.5999999999999 -2.5 0
14.1999999999998 -2.5 0
13.79999999999971 -2.5 0
13.39999999999961 -2.5 0
12.99999999999951 -2.5 0
12.59999999999941 -2.5 0
12.19999999999932 -2.5 0
11.79999999999922 -2.5 0
11.39999999999912 -2.5 0
10.99999999999902 -2.5 0
10.59999999999893 -2.5 0
10.19999999999883 -2.5 0
9.799999999998732 -2.5 0
9.399999999998636 -2.5 0
8.99999999999854 -2.5 0
8.599999999998442 -2.5 0
8.199999999998346 -2.5 0
7.799999999999344 -2.5 0
7.400000000001023 -2.5 0
7.000000000002631 -2.5 0
6.600000000002812 -2.5 0
6.200000000002714 -2.5 0
5.800000000002619 -2.5 0
5.400000000002521 -2.5 0
5.000000000002425 -2.5 0
4.600000000002327 -2.5 0
4.20000000000223 -2.5 0
3.800000000002132 -2.5 0
3.400000000002038 -2.5 0
3.000000000001942 -2.5 0
2.600000000001844 -2.5 0
2.200000000001745 -2.5 0
1.800000000001647 -2.5 0
1.400000000001551 -2.5 0
1.000000000001453 -2.5 0
0.6000000000013568 -2.5 0
0.2000000000012587 -2.5 0
-0.1999999999988376 -2.5 0
-0.5999999999989321 -2.5 0
-0.9999999999990301 -2.5 0
-1.399999999999125 -2.5 0
-1.799999999999226 -2.5 0
-2.199999999999321 -2.5 0
-2.599999999999419 -2.5 0
-2.999999999999517 -2.5 0
-3.399999999999611 -2.5 0
-3.799999999999709 -2.5 0
-4.199999999999807 -2.5 0
-4.599999999999905 -2.5 0
1 13 0 6
134
135
136
137
138
139
15 -0.3571428571424803 0
15 -0.714285714284295 0
15 -1.071428571426401 0
15 -1.428571428569801 0
15 -1.7857142857132 0
15 -2.142857142856601 0
1 14 0 7
140
141
142
143
144
145
146
0.09754516125823032 0.4903926401518541 0
0.1913417167027804 0.4619397660401548 0
0.2777851172227451 0.4157348056748987 0
0.3535533914210651 0.3535533897654825 0
0.415734806626289 0.2777851157988888 0
0.4619397664874778 0.191341715622847 0
0.4903926402610116 0.09754516070945851 0
1 15 0 7
147
148
149
150
151
152
153
0.09754516125823032 -0.4903926401518541 0
0.1913417167027804 -0.4619397660401548 0
0.2777851172227451 -0.4157348056748987 0
0.3535533914210651 -0.3535533897654825 0
0.415734806626289 -0.2777851157988888 0
0.4619397664874778 -0.191341715622847 0
0.4903926402610116 -0.09754516070945851 0
1 16 0 7
154
155
156
157
158
159
160
-0.09754516125823032 -0.4903926401518541 0
-0.1913417167027804 -0.4619397660401548 0
-0.2777851172227451 -0.4157348056748987 0
-0.3535533914210651 -0.3535533897654825 0
-0.415734806626289 -0.2777851157988888 0
-0.4619397664874778 -0.191341715622847 0
-0.4903926402610116 -0.09754516070945851 0
1 17 0 20
161
162
163
164
165
166
167
168
169
170
171
172
173
174
175
176
177
178
179
180
-4.616706564044217 0 0
-4.257898599141719 0 0
-3.922012157819102 0 0
-3.60758292041579 0 0
-3.313240121414089 0 0
-3.037700592196416 0 0
-2.779763160206192 0 0
-2.538303380637733 0 0
-2.312268583950431 0 0
-2.100673354257911 0 0
-1.902595382076153 0 0
-1.717171016121092 0 0
-1.543591986456789 0 0
-1.381101578438578 0 0
-1.228991438619556 0 0
-1.086598435996283 0 0
-0.9533018221767762 0 0
-0.8285204841531275 0 0
-0.7117104851767806 0 0
-0.6023625568605162 0 0
1 18 0 66
181
182
183
184
185
186
187
188
189
190
191
192
193
194
195
196
197
198
199
200
201
202
203
204
205
206
207
208
209
210
211
212
213
214
215
216
217
218
219
220
221
222
223
224
225
226
227
228
229
230
231
232
233
234
235
236
237
238
239
240
241
242
243
244
245
246
0.601048107434051 0 0
0.7042087688975923 0 0
0.8095261552859303 0 0
0.9170453590474426 0 0
1.026812415401217 0 0
1.138874309431186 0 0
1.253279034432155 0 0
1.37007555877028 0 0
1.48931389231523 0 0
1.611045089256024 0 0
1.735321245379395 0 0
1.86219558852706 0 0
1.991722435810196 0 0
2.123957275711079 0 0
2.258956620392286 0 0
2.39677835614729 0 0
2.537481418225352 0 0
2.681126144735352 0 0
2.827773937030557 0 0
2.977487667252441 0 0
3.130331327746689 0 0
3.286370475521052 0 0
3.445671830996804 0 0
3.608303604099172 0 0
3.774335460732699 0 0
3.943838482210245 0 0
4.116885196923974 0 0
4.293549697894077 0 0
4.473907636665695 0 0
4.658036245185518 0 0
4.846014352827171 0 0
5.037922398983918 0 0
5.233842591545129 0 0
5.433858778125972 0 0
5.638056587359247 0 0
5.846523490346014 0 0
6.059348676084907 0 0
6.276623324581259 0 0
6.498440386373059 0 0
6.724894898071238 0 0
6.956083791711738 0 0
7.192106006182869 0 0
7.433062619910193 0 0
7.679056809967738 0 0
7.930193886437892 0 0
8.186581358294884 0 0
8.44832898939889 0 0
8.715548903743828 0 0
8.988355371740498 0 0
9.266865331877067 0 0
9.55119787157262 0 0
9.841474855237822 0 0
10.13782055536096 0 0
10.44036166793466 0 0
10.74922802498512 0 0
11.06455164286375 0 0
11.38646754870506 0 0
11.71511355903189 0 0
12.05063047436083 0 0
12.39316189556352 0 0
12.74285440773934 0 0
13.09985774691656 0 0
13.46432478946843 0 0
13.83641159090086 0 0
14.21627741536276 0 0
14.60408486309252 0 0
2 1 0 699
247
248
249
250
251
252
253
254
255
256
257
258
259
260
261
262
263
264
265
266
267
268
269
270
271
272
273
274
275
276
277
278
279
280
281
282
283
284
285
286
287
288
289
290
291
292
293
294
295
296
297
298
299
300
301
302
303
304
305
306
307
308
309
310
311
312
313
314
315
316
317
318
319
320
321
322
323
324
325
326
327
328
329
330
331
332
333
334
335
336
337
338
339
340
341
342
343
344
345
346
347
348
349
350
351
352
353
354
355
356
357
358
359
360
361
362
363
364
365
366
367
368
369
370
371
372
373
374
375
376
377
378
379
380
381
382
383
384
385
386
387
388
389
390
391
392
393
394
395
396
397
398
399
400
401
402
403
404
405
406
407
408
409
410
411
412
413
414
415
416
417
418
419
420
421
422
423
424
425
426
427
428
429
430
431
432
433
434
435
436
437
438
439
440
441
442
443
444
445
446
447
448
449
450
451
452
453
454
455
456
457
458
459
460
461
462
463
464
465
466
467
468
469
470
471
472
473
474
475
476
477
478
479
480
481
482
483
484
485
486
487
488
489
490
491
492
493
494
495
496
497
498
499
500
501
502
503
504
505
506
507
508
509
510
511
512
513
514
515
516
517
518
519
520
521
522
523
524
525
526
527
528
529
530
531
532
533
534
535
536
537
538
539
540
541
542
543
544
545
546
547
548
549
550
551
552
553
554
555
556
557
558
559
560
561
562
563
564
565
566
567
568
569
570
571
572
573
574
575
576
577
578
579
580
581
582
583
584
585
586
587
588
589
590
591
592
593
594
595
596
597
598
599
600
601
602
603
604
605
606
607
608
609
610
611
612
613
614
615
616
617
618
619
620
621
622
623
624
625
626
627
628
629
630
631
632
633
634
635
636
637
638
639
640
641
642
643
644
645
646
647
648
649
650
651
652
653
654
655
656
657
658
659
660
661
662
663
664
665
666
667
668
669
670
671
672
673
674
675
676
677
678
679
680
681
682
683
684
685
686
687
688
689
690
691
692
693
694
695
696
697
698
699
700
701
702
703
704
705
706
707
708
709
710
711
712
713
714
715
716
717
718
719
720
721
722
723
724
725
726
727
728
729
730
731
732
733
734
735
736
737
738
739
740
741
742
743
744
745
746
747
748
749
750
751
752
753
754
755
756
757
758
759
760
761
762
763
764
765
766
767
768
769
770
771
772
773
774
775
776
777
778
779
780
781
782
783
784
785
786
787
788
789
790
791
792
793
794
795
796
797
798
799
800
801
802
803
804
805
806
807
808
809
810
811
812
813
814
815
816
817
818
819
820
821
822
823
824
825
826
827
828
829
830
831
832
833
834
835
836
837
838
839
840
841
842
843
844
845
846
847
848
849
850
851
852
853
854
855
856
857
858
859
860
861
862
863
864
865
866
867
868
869
870
871
872
873
874
875
876
877
878
879
880
881
882
883
884
885
886
887
888
889
890
891
892
893
894
895
896
897
898
899
900
901
902
903
904
905
906
907
908
909
910
911
912
913
914
915
916
917
918
919
920
921
922
923
924
925
926
927
928
929
930
931
932
933
934
935
936
937
938
939
940
941
942
943
944
945
1.196230928911018 0.09518645203443557 0
1.673183167317709 0.1065243086356672 0
-1.157794937307919 0.1193771056995177 0
0.4496946554937462 0.3701616398415897 0
-1.634173547508421 0.1353619854732571 0
-2.206470969104171 0.1773937000364175 0
2.177838258837603 0.1154167277992819 0
2.612960372652792 0.1290721629641598 0
3.058081603379312 0.1306075912362402 0
3.528995815563531 0.1253272354240036 0
4.030455495362467 0.1444545248716701 0
4.566030623281695 0.1600760434653848 0
5.104899904306206 0.1548788167450054 0
5.767832490084162 0.1794198475323344 0
6.361388019797524 0.1868589028289349 0
7.068470192105293 0.2255078070423495 0
-0.5168434738481477 0.2713096507579314 0
7.803443647087844 0.1909367318513245 0
-2.915507708485266 0.2622014436139413 0
8.572479561701373 0.2460703734107835 0
1.253181653538639 2.142995616424154 0
9.423051591495808 0.2069503695102468 0
0.863190522369942 0.08954814242958348 0
-3.769956283373348 0.2882065433884089 0
-1.186750567602637 2.142902868208605 0
2.453812711501552 2.188385723839553 0
10.28909111164781 0.2593255968934766 0
3.675238188909022 2.141303027149963 0
11.22550959578441 0.275932807918482 0
4.820028751526984 2.170109184620218 0
12.2327081023293 0.2529847972021654 0
6.003244977257576 2.120616327770769 0
-2.405081683053969 2.158202695534394 0
0.3808246923702894 2.164167648564462 0
-0.3999999999988848 2.153589838486143 0
13.2820912681925 0.3124058393277253 0
7.16754684929772 2.098928860031659 0
8.802870858642063 2.16379450657233 0
14.71078529326786 1.248150629063603 0
10.02338185111314 2.119673925612364 0
-3.576098177503347 2.1543061013671 0
11.59999999999917 2.153589838486141 0
12.79999999999947 2.153589838486141 0
-4.706400356615681 1.239609536874847 0
8.009578720761134 2.096386502348716 0
-0.8909111531649518 0.1046121175881218 0
10.81128755687898 2.149749396669411 0
13.58374723549833 2.169809675634161 0
1.427877271020633 0.1191540885805734 0
1.9231950323759 0.1134836288536008 0
13.99300202012101 0.3075077392165974 0
0.5673216993447059 0.1661630831490064 0
-0.6570365210186484 0.09167332920531041 0
-4.411640942456191 0.3146226159355271 0
-4.40966566360041 2.164461637080394 0
14.41447549837319 2.170067298651574 0
14.69085181424205 0.5494247895472995 0
-0.4587358729140893 0.36305410235183 0
-0.5739910274854805 0.3622569804511945 0
-0.5132904713052875 0.4656571698772532 0
-0.642920929036401 0.4662624957371258 0
-0.5844176297073873 0.581575531776786 0
-0.7265088477755659 0.5789749546827713 0
-0.6577888635963213 0.7166895893293757 0
-0.8217514949006079 0.7123565639593687 0
-0.7418363585142067 0.8686643832628663 0
-0.9304237803645816 0.8650401149316053 0
-0.5574548737998164 0.8659119859109381 0
-0.6475676857131387 1.0341821528295 0
-0.4458664766058007 1.036035485086853 0
-0.1752758506917318 0.5590350563043518 0
-1.005529470118758 0.6970207148453295 0
-1.137644027827097 0.8477853165376077 0
-1.040019981380908 1.04268216559709 0
-1.260192452563299 1.030802926821687 0
-1.358070057513885 0.8221825320382489 0
-1.485101954012505 1.010301497888834 0
-1.577746833236361 0.79964846480372 0
-1.720326985376036 0.9898679532650235 0
-1.621658016585015 1.219884546314693 0
-1.875018811148779 1.194568875931637 0
-1.978259416377424 0.9535967861909838 0
-2.140848431224759 1.14917006800508 0
-2.251546700903484 0.9094839961815873 0
-2.422556541682876 1.115433835578781 0
-0.5478559165702341 1.220723553280034 0
-0.3327726213194793 1.215450418130701 0
0.1656221978323445 0.5648578320738832 0
-1.765925379710683 1.445613460694491 0
-0.2180771448866835 1.016763174897701 0
-0.1163600367291479 1.202862662987704 0
-0.004003464744387787 1.027268071920498 0
0.09218336175548864 1.19444189710299 0
0.1828481532406975 1.015415860413968 0
0.2935610610591909 1.184085601192082 0
0.3831958177635988 1.003962111484944 0
0.497655097778641 1.174146926089728 0
0.5965140186111866 0.9603786521932246 0
0.7076568131206319 1.159959869349858 0
0.8023678553672824 0.9739200408767104 0
0.9209570193369927 1.154644199913924 0
1.022322889185951 0.9623014755175557 0
1.140254089529446 1.145972432105069 0
1.243764227848001 0.9494621223435279 0
1.363308024040493 1.136288001576272 0
1.468460815687535 0.9364125582554392 0
1.589710288542042 1.125998272588399 0
1.696336965888329 0.9231585337632767 0
1.819281697051657 1.115354969861785 0
1.920152029487458 0.9121114035949467 0
2.050491645657099 1.101969243594613 0
2.149135538823908 0.8620571807794343 0
2.285549875499171 1.087582601552629 0
2.39618852137738 0.876457473056855 0
2.52514160943817 1.078647316209402 0
2.636966319273505 0.8681868111903654 0
2.765631930933367 1.069721818331522 0
2.877873189601696 0.8559654671236554 0
3.007389302935647 1.058122042062782 0
0.8976377531767004 0.7837163030416308 0
3.120477301318335 0.8424952748828975 0
3.251145373684136 1.046282736492588 0
3.383014141927901 0.7897366719647105 0
3.499998629444391 1.027363338930566 0
1.716719543677843 1.339755914861603 0
3.627238857673925 0.8096101356878598 0
3.747796051578178 1.018100891924 0
2.896223359318798 1.280284147379204 0
1.350589799725341 0.7557864416947773 0
3.860921206808967 0.7994450079578199 0
3.993072790908463 1.006819156746623 0
4.106743081626828 0.7836102469550168 0
4.23936596079337 1.002377055338363 0
4.128725694713954 1.233494249452658 0
4.39817265829206 1.217632590454694 0
4.49857541162865 0.9367945228407488 0
4.67318083405705 1.19267843306063 0
4.793024138774207 0.9357183933432309 0
4.948659634703533 1.169528805814244 0
5.067165927333323 0.9199093691156711 0
5.224384537021503 1.147493936954434 0
5.344178510172793 0.897058613900471 0
5.501590393868414 1.124336311064807 0
1.792991153659009 0.7282412476029103 0
5.382597659089431 1.369738892784949 0
0.03030394352540128 1.392304665289891 0
0.8207496487527229 1.353815306192271 0
5.622006416244908 0.8724264938786576 0
5.780332545677012 1.100676740309133 0
5.901361051918158 0.8472204131650112 0
6.060669817093584 1.0768043832515 0
-1.156953880124322 1.237969389122153 0
3.391483548505387 1.261680692153106 0
2.306738253054995 0.6749353229761811 0
4.277569937912791 1.472518264964767 0
2.182075538076919 1.308377159530494 0
0.4683923764860992 0.8219776028816094 0
0.3818160130977232 1.393607955836161 0
-2.52942989245032 0.8671941032449058 0
-2.708769714486195 1.093774671595222 0
2.745931423981331 0.6662728517329203 0
1.25931146821301 1.342110524354169 0
-0.7817254662369103 0.4397729779576121 0
6.179329170847294 0.8205303582418679 0
6.3419573024022 1.052402497751627 0
6.464127014263391 0.7930240847075132 0
6.635562744519806 1.023162327339472 0
6.506347557516166 1.295523480354976 0
6.80440810981762 1.26704204996876 0
6.934289328205008 0.9895764237673782 0
7.106892023267652 1.2335740396832 0
7.229758497587296 0.954645138844926 0
7.410882242105584 1.200316839977887 0
7.534792756132373 0.9198715551800781 0
7.716279483796012 1.166027824139422 0
7.840641444320508 0.8839416583898339 0
8.02296047281294 1.131124303178176 0
3.987453226054835 1.484129737471624 0
3.209463880570379 0.6144989773596303 0
8.143734008325609 0.8485367839958338 0
8.334964427668337 1.095226324847699 0
-1.450211180435042 0.6178164289270603 0
-1.664278781309997 0.5924904990904458 0
6.678996269212071 1.5544775558032 0
-0.4385525673192047 1.422818090729879 0
4.923575260411317 0.6974577669313036 0
-2.599751326586956 1.340693270352853 0
-2.902484452978547 1.324269379798775 0
-3.012701523271956 1.040124579609924 0
-3.214458757798379 1.282837421778648 0
-3.323314391082356 0.9915930215050439 0
-3.533231631621643 1.236089060085852 0
5.940057417851184 1.326667266946002 0
3.7332576732515 0.6091066875862439 0
7.593495211874167 1.453151437664848 0
5.461705553372509 0.6551646898634813 0
8.208170140461892 1.389668902645468 0
8.529910371431074 1.34977931623646 0
8.656564213669766 1.051309837412056 0
8.854779715535621 1.298608034415729 0
8.981780900478158 1.002174761511122 0
9.181638108328286 1.254100797027702 0
9.308585257454133 0.9554064538598596 0
9.510742737258042 1.216188313808679 0
9.637427801489041 0.9098221673134882 0
9.840841696378096 1.172186876119132 0
9.412546636295733 1.50929932814861 0
-0.7266217364161349 1.406687232415706 0
-3.644244631454486 0.9369187072707945 0
-3.859384121839342 1.186624692904589 0
-0.4520153232393356 0.5808435678613769 0
-3.104252517934711 1.570796022958249 0
4.830547030273451 1.416243076537827 0
9.964712153912219 0.8642106275733186 0
10.17553098649385 1.126424608447005 0
-3.976085416631268 0.8766643909036272 0
-2.072469065870713 0.7318359222871624 0
4.142545766424394 1.732028699726933 0
6.025594247547514 0.5998535462392101 0
7.361835674200373 0.6815407704107633 0
0.1035882005401738 0.8429761795738286 0
-3.098515566666445 0.7569496260835576 0
10.04680942143931 1.444202995618623 0
10.39430314191002 1.417326422784235 0
10.51729895252287 1.077419726292522 0
10.73472350654937 1.342468511455325 0
10.86185857381183 1.017893274062738 0
11.08063359627424 1.279307321446893 0
11.20993766397462 0.9596552423171325 0
11.43133677379481 1.234203923164627 0
11.5602872576291 0.9045571754762333 0
11.783339190583 1.181546795071889 0
9.114908663896614 0.7119363169636627 0
10.64197578128329 0.7614650274793517 0
-3.752206765426124 1.492280258417439 0
-4.077908836674013 1.450122694318971 0
8.398936993421579 1.641021140897638 0
11.914006360189 0.8540773229220588 0
12.14086463784483 1.125929218818964 0
12.00864800134641 1.466170978458956 0
12.3714007582932 1.410096431845025 0
12.50044730960723 1.064430591751901 0
12.73652354539134 1.350451780347314 0
12.86641075612768 1.002277050219558 0
13.10181177399466 1.277771433563671 0
12.23790875988017 1.756433470189614 0
13.2345840849674 0.9454350021851414 0
13.46894483598259 1.213855069302648 0
13.6031608609899 0.8924308315511371 0
13.83762159980896 1.163498820949466 0
6.347296613437747 1.609944931562433 0
11.27514003109712 1.539294967063983 0
6.551033663122857 1.870863975717414 0
-0.5688896661392351 1.650075234496119 0
-0.8589221458243748 1.668454701399442 0
-0.2868583566460159 1.647195701499324 0
13.67624055549658 1.546959124423731 0
14.06389838129937 1.460633737718895 0
-1.505911325568559 1.458978968064373 0
-1.646934735034282 1.70735040190672 0
-1.956239930555813 1.646806555235179 0
12.64344726860441 0.7231669811378511 0
9.773112193911125 0.6123200280934715 0
11.715669625305 0.585507923751142 0
-0.6264048278855973 0.2781159738121789 0
4.449446876432074 1.680492996549394 0
14.17973880782885 1.11500511324829 0
-1.525008451394766 0.4320394359169575 0
-1.327915332543963 0.4494806267300906 0
-1.709682159939544 0.4110270879600314 0
-1.398352758907308 0.2843121887783592 0
-3.965848993543498 1.72171444768559 0
7.940424813651711 0.5833027217616034 0
8.258954753653164 0.5867965776433345 0
13.02932710718976 1.597562335781894 0
-1.842705021139956 1.950756395534748 0
10.23366447521686 1.775025422362496 0
13.95100676841604 1.758346280525976 0
0.3695199399656618 0.4502613477610639 0
0.4763888957563137 0.4897387168826056 0
0.5730117775407165 0.3811337963953808 0
0.5915982669282492 0.5255895561205159 0
0.692592088413306 0.431736062694841 0
0.3821066873973479 0.5702482003235666 0
0.7147267391906925 0.5578422147351039 0
0.816821487862362 0.4635171533736021 0
0.7873092343964236 0.3385675249673344 0
0.9138391514601831 0.3643751533910789 0
0.9552932732403671 0.5042547440444645 0
1.053861678480832 0.3946504261986832 0
1.006932431975637 0.2582372336956403 0
1.099228079487916 0.5553724103699891 0
1.199582390597298 0.4280009676450192 0
-1.316482353324782 1.7641545738015 0
3.826637931725782 1.758734151144158 0
4.060515023759039 2.004851243177221 0
3.469621591675711 1.800081283647775 0
8.061731787971123 1.693602639648472 0
0.6204205532367981 0.6450879313674158 0
-0.06908158627873313 0.5865200773585473 0
-0.1512779752614958 0.6694269415832208 0
-0.262653461555447 0.6315943857410328 0
-0.2464386523052041 0.7589440879175742 0
0.04250687192231545 0.5965829421907626 0
0.1262568057772177 0.6820404619137141 0
0.2585326011485003 0.6295167592797321 0
0.2901093962491222 0.8550977248373748 0
3.258875234179033 2.129792726919252 0
3.12146546586006 1.797610019048485 0
2.914916735394926 2.070386738042425 0
2.771649908726245 1.742786531550542 0
0.6502801694453977 0.08754077395398684 0
6.876965184064166 1.821297360971274 0
-0.6971006120243179 1.899244910169682 0
-0.1357409459565282 0.782324448852548 0
0.5136994670537532 0.2745780847073985 0
0.6228715102907261 0.2562517902668216 0
1.126063276781011 0.7547422321865455 0
1.575371157572247 0.7427521039296934 0
1.673446883244823 0.5634338821969621 0
1.869944189333413 0.5494327588429571 0
1.757704957176161 0.3993419715173637 0
1.573675876605831 0.4093190321198992 0
1.933154196597499 0.3829773397221894 0
2.047476796500046 0.5190116247554248 0
2.1193678721747 0.351118662956362 0
1.448373772339468 0.5598016740239898 0
1.406828109055625 0.3802622343029523 0
1.493627482234632 0.2544074157510108 0
1.354890836148006 0.2349915232541055 0
2.520141678915785 0.6781197788715551 0
2.617416704673972 0.492462390360025 0
2.831145875245213 0.4723165784687866 0
2.417999159410039 0.5012409709646795 0
2.496488306529069 0.3394855471350077 0
3.648163097568053 1.475548977080174 0
2.314140171610727 0.3543105717853716 0
2.387336573202014 0.2252839666495769 0
2.978273518655556 0.6460050573032907 0
3.03800425407473 0.4288340873227785 0
3.25777898227502 0.4058719571659354 0
3.406550297893038 0.5397934435720024 0
2.878102969508692 0.292812260287984 0
-4.32160517256766 1.778628383120974 0
-1.208442910777842 0.6376894654981214 0
-1.132939972521278 0.4556078751497037 0
-0.3827567585265754 0.4671748466215005 0
0.01296109655413784 2.176660062160349 0
0.2009841105674068 1.844383116251918 0
0.5361607896563949 1.846958673664741 0
0.7279100965092393 2.142774345163557 0
0.8283991581576269 1.836300083657493 0
-1.206137425856143 0.2800472110347779 0
-1.035301640283169 0.3263944224084834 0
2.676557279009756 0.299683666952398 0
3.434245493376473 0.3552592478399045 0
3.302892965546117 0.2467882144328726 0
3.622953194349462 0.2873843959804715 0
5.189093952269507 0.6811807075451674 0
5.043453600876476 0.4896132841481702 0
4.787514446140543 0.4897323923439667 0
4.920564493015611 0.2995005193359324 0
5.302036788640208 0.4710806565343335 0
5.534265677868157 0.4157147369488908 0
4.664080907839752 0.7068635793773059 0
4.554819378965883 0.504027340649 0
4.414202986255309 0.6752122967125019 0
4.316811602584185 0.4899095748089877 0
10.10062416679584 0.515574163410131 0
5.735161964360941 0.589263814703711 0
14.31938836992311 1.776181872994277 0
8.124420733963049 0.3752487827082921 0
3.957227894657399 0.5959441518327859 0
1.644127519543112 0.252128413763186 0
1.816827344192072 0.2335765176236529 0
7.643169291453102 0.6502468275305402 0
7.463563121463059 0.4327568741279325 0
3.820504177134283 0.4063424688707532 0
4.086396798831355 0.4188818434607769 0
-3.730112051449607 0.6367710449008843 0
-4.097909950677095 0.5389408433355592 0
-4.30636887018991 0.8452908919967252 0
-3.506496769326473 0.4573735285527864 0
11.85445851545935 1.803679515607985 0
0.2741513767115633 0.5154264518588831 0
-0.9579637412295217 0.452190944215242 0
5.388697029464969 0.249637823302148 0
-0.9180153880359958 1.248948624628565 0
6.298675463934709 0.5859975522947778 0
6.565166904644189 0.575178257860562 0
6.15256713129344 0.3578481878226268 0
7.0711641207764 0.7139722966651402 0
5.891278328515355 0.3767930434729665 0
9.455055591177011 0.6710263258613025 0
1.592850987413359 2.157022422577812 0
1.415225881162195 1.84744411875697 0
1.745865866438527 1.839927374007085 0
1.933621204945942 2.142214034079228 0
2.08148964492654 1.783570212809959 0
9.902706394259461 1.770792000834836 0
9.63488559403938 2.042625737143255 0
9.215145289931128 2.125090371529154 0
8.965174914572049 1.860464023539224 0
10.41718665429785 2.140333110795318 0
-0.377223855934635 0.7011884139508866 0
7.586386194090744 2.130085272656708 0
7.407550854919876 1.828823753104517 0
-2.347639468130574 0.6767989171083892 0
-2.616710190563587 0.6198236273441348 0
-2.45206601375339 0.4224750990201231 0
7.202744928292942 0.4483152518177109 0
6.923793409855113 0.4676577859248113 0
6.826818852428088 0.2103816102603724 0
1.256106514859665 0.5880861174066498 0
8.767940015883937 0.7074384377931434 0
8.97286162865964 0.4536186412411622 0
8.412754189312482 2.178081876204785 0
2.221998431480483 0.5071782597886381 0
2.772222606635825 0.1558427004505535 0
1.151868093744767 0.2970430569852025 0
10.65023604336091 1.744618618127408 0
11.03592141741814 1.833920540074392 0
-2.806022435135459 0.8157150497662009 0
-2.885210077757684 0.554601298569237 0
-3.206920433945564 0.449481940876493 0
6.768570953735138 0.7379201866504949 0
-2.636709642973405 0.215627504261882 0
5.190006502498385 2.160515802759561 0
5.004369483189239 1.838143140180389 0
5.37912372134235 1.856634448081998 0
5.581912640072539 2.158160090907432 0
5.733747187031827 1.850386740637332 0
6.06415660819948 1.784925153457744 0
4.411312860627467 2.160121321613395 0
9.861922189730748 0.3133624210777973 0
-0.5764107494233183 0.1714144293921346 0
-2.78515256762784 2.167629805912839 0
-2.60564520713445 1.871540026342398 0
-3.180889195963294 2.153284383089948 0
-3.334149962880013 1.838197625234838 0
10.97459924523681 0.706450712225646 0
10.75907725214425 0.4683370181991651 0
11.32296782994622 0.5926735063680736 0
-2.004755408783813 0.1762735241013483 0
-2.10577787089087 0.3625168971374788 0
0.8635022542304958 0.2461378760166519 0
0.7464840844219088 0.2111208564526622 0
8.452416519342865 0.8027179449800879 0
8.538139691935342 0.5259559347718993 0
0.7278919090130437 0.8356788884378773 0
10.29702391476799 0.8151471841753448 0
-0.7701402526586603 0.09764223557775709 0
-0.8238477272455978 0.2061965609608924 0
13.19776456561604 2.17908935393348 0
13.36888621873229 1.826644060735221 0
-1.922849898611392 0.5354530040041497 0
13.0237122496105 0.6078344636246897 0
12.75341942593035 0.3759357995478664 0
13.6155460250305 0.3111796696063336 0
12.28615026041843 0.7977987298732339 0
-1.033577166799581 1.45734291145873 0
-1.02020751401332 0.1089474457252237 0
13.96675299131514 0.8289227789921048 0
14.35870657899775 0.7665284122880963 0
11.88509371303537 0.279166476090368 0
12.04678825661117 2.121893267384785 0
0.7509782079394074 0.09858573662662641 0
0.3513104965474004 0.7104638340698182 0
1.859690486639463 1.562799396040813 0
1.984328007322704 0.7022177701449138 0
-0.3599246967498168 0.8667820739032451 0
-2.403532582864693 0.1917193311810276 0
-1.305787486929531 0.1349774070388636 0
9.127923329867972 0.2219888307440184 0
-3.992003306370504 2.08523650034617 0
1.59669747855283 1.574849740992785 0
-1.815808919181783 0.1526846628802281 0
14.68867567472466 1.603396522264682 0
0.9717435352999055 0.08785377213679335 0
14.69070521293496 0.8928571428553479 0
-4.655857073559933 0.8630413834111349 0
-4.699043761052595 0.5271119394175221 0
-4.686816047390289 1.59628046654128 0
6.760443255000544 2.16061114538032 0
8.29585622224606 0.1968775323493334 0
1.082829978091678 0.0889773225463423 0
14.38996806224517 0.3369843718973302 0
4.383710107999983 0.1550496803591048 0
7.31933443048222 0.2172653673398662 0
12.66204082021598 1.749654669061943 0
3.859118044859584 0.1383331458177461 0
11.22880048106409 2.160202324592329 0
0.6779800179194696 1.600112755293134 0
1.311677296601218 0.09978024144924807 0
4.764850173530556 0.1526157032966899 0
4.205336215129293 0.1446245128931853 0
-2.257510882426076 1.842209503551411 0
-2.211783422163318 1.544326380788004 0
1.556529070281223 0.1220357044550729 0
6.402394671847568 2.179988970490812 0
0.8555245407857527 0.6094028286256234 0
11.54877952004857 0.279591947659398 0
2.051773520112423 0.113493375170376 0
1.802144475558427 0.09071689102258418 0
-0.1331757690400906 1.890368070287611 0
-0.2745780864199276 0.5136994666973291 0
11.6464194040618 1.508141725281912 0
6.983889908604066 1.517402054025292 0
-0.697956493668316 0.1916703128032587 0
-0.7457331049110706 0.3026299639550443 0
13.99201316770067 2.107876810897113 0
-4.185634828541769 1.133438922500157 0
9.724478645843625 1.475033792425686 0
-0.955074591175344 0.2140513289444999 0
-0.8788102452617405 0.3278233265945006 0
1.991277808822149 0.2353644447735299 0
3.14072971896543 0.2796523044015777 0
3.297822792962429 1.535848853934925 0
-1.822655163463654 0.7671487716069142 0
14.69389814935405 1.957157749158106 0
-4.693368070846687 1.955934510210035 0
0.3904188305283079 1.629025596493962 0
5.972926513854056 0.1803589554415866 0
7.898955019600391 1.411861820215782 0
-0.01714501698009417 0.7222943445033045 0
-1.003037691314184 1.891340191045956 0
-0.8144814784896642 2.181179634651731 0
7.274499472745269 1.496414503349797 0
7.733640739565375 1.756372520455356 0
6.219805847622286 1.309723465178875 0
3.694338670749794 0.1345148915851372 0
-1.495887083471983 2.018491946552073 0
-4.091883586693491 0.228354000531899 0
5.660640881290641 1.347653043255769 0
4.555546239878051 1.435380469330259 0
5.105238282516472 1.38380564635586 0
-1.382973801888465 1.231290585395444 0
6.585219867411856 0.1954731893568518 0
10.43591479089755 0.5179697029878422 0
8.734572035304501 1.595362276851193 0
3.867445375288217 1.236480516939715 0
4.661990575747076 0.326252882162253 0
-0.5163612191139935 0.6979759258825882 0
2.65513983224899 1.282447635278747 0
0.9931944065641062 0.6521682114047198 0
12.43355636703842 2.105523199845144 0
2.417845555408972 1.296225029196427 0
2.308950169155208 1.535750334876453 0
2.423970566179684 1.824824183648563 0
-0.03528163036049226 1.619600345301922 0
3.146864896479932 1.280716259757298 0
-3.406831037662896 0.7131515579464157 0
7.563874958571642 0.2060639309710536 0
4.471998940584918 0.3169888893328006 0
4.271357890611565 0.30092552502673 0
1.480735872816586 1.342474649986741 0
1.955087321618343 1.323442813488346 0
-2.965132644803544 1.866780294021511 0
3.019175183456833 1.512595114481693 0
1.03214600092663 1.354459438965393 0
1.138197273848607 1.52626679905472 0
-1.47000106163226 0.1380963508244992 0
-0.4172048807697089 1.848094750987776 0
-0.1965868781414898 1.416705313989904 0
-3.434850795506661 1.532957553607359 0
0.1996396660856756 1.356549371639334 0
12.08401717506759 0.5386348877530158 0
8.847912246774499 0.2189873247049815 0
13.3881222776049 0.6269462206878432 0
0.608867819537003 1.344220813788324 0
-4.406529325584844 1.37581062898748 0
-0.8358385772857689 1.043082672813503 0
-3.186756075391255 0.1817886065703995 0
3.596127373481839 0.4706854132222592 0
11.48198646111725 1.828639876164385 0
3.630804063915063 1.21327596068486 0
14.40631270782493 1.390087730217327 0
-2.779084838312891 1.597933479845695 0
2.921982197601955 0.1384655418838088 0
-2.050694327616464 2.19578518219647 0
6.164570733122237 0.1450132092186297 0
8.598640394273346 1.893586764190732 0
10.5967604469223 0.2425932095859165 0
9.287607752952589 0.4404868608314071 0
-1.878987257796801 0.3160228811995981 0
0.9092541236349774 1.569646009518755 0
1.127201443263701 1.783933459196575 0
2.220253791074682 0.244644322580389 0
9.318720944455002 1.79966007596837 0
-0.8822224070219287 0.5701702540193017 0
2.777633725619295 1.498897196272231 0
9.606846682598224 0.389819399490034 0
5.537049657166522 1.598402274972101 0
1.243823439589861 0.1992212361212745 0
12.45397477889214 0.4699275188018728 0
4.616145578157006 1.901816121806491 0
3.214071207402922 0.1265878110768152 0
-3.449993850748327 0.2089999744802895 0
9.077905392415198 1.552915755991804 0
0.494454276036677 0.6451756033577631 0
4.178178959107292 0.6150498907884472 0
13.32904209827917 1.492558404761433 0
6.424727224322272 0.3927345695719599 0
7.703545707237209 0.4171485963148368 0
2.632134088310065 1.994346163849323 0
-2.042254018200928 1.380955479706395 0
10.90601258923465 0.2170559193011282 0
2.559198292889732 1.530155151803827 0
2.318048914473366 0.1123094773923729 0
0.5661206788710519 0.07356105601567842 0
-0.5731836989833464 0.07954270576991523 0
13.77013407804864 0.5980865472972996 0
5.840080144781213 1.573776832152676 0
0.6662840469804484 0.1679125290447255 0
5.573943006743569 0.1804190072288292 0
6.680638988606255 0.3783662919288914 0
10.95533091893996 1.5479219916336 0
1.117793977634171 0.1844544000229046 0
4.934850264532692 0.1213990078755255 0
6.098959221591288 1.531081380424608 0
-4.454630268275921 1.081536986415379 0
8.276964416292859 1.904660391869772 0
-1.251146855673469 1.473493608868228 0
-0.7371682697057834 1.198978595631391 0
-4.732896365193761 0.259553423141177 0
5.169569087547707 0.3139671065288443 0
-1.563696849225317 0.274865543222135 0
7.144286595700263 1.745218895643037 0
3.947496223301906 0.2703740668061546 0
-2.190666812496688 0.5382933815206875 0
-2.469716492940602 1.591620447968081 0
-1.078839730231001 0.2093045690252782 0
0.7417720331309806 0.6927730442987956 0
5.233081005716777 1.607661885897209 0
3.366021153258933 0.1024787563902005 0
-0.2043419089623959 0.871117445812122 0
-3.675859666871691 1.804115414443082 0
-4.428952866151471 0.5956874122269586 0
-2.70722548851617 0.4197489106539999 0
-1.717857286445351 2.233006704856658 0
0.6808417562542611 0.3320091617994455 0
1.278299106560419 0.3357219994713554 0
1.336228236309488 1.569513215390327 0
11.02902225379627 0.44094190723338 0
2.463934705256266 0.1055352321732358 0
3.54923766884564 0.6437864704066152 0
14.73415507538479 0.2538287979163977 0
14.47581890929114 1.074317272516501 0
13.01018556894351 0.2616612714082874 0
3.788882062079006 0.2473897938120525 0
-1.092633242587278 1.650957197314771 0
13.00909383065548 1.911154983369329 0
5.708810648950607 0.3511487205339454 0
-0.3493390471635782 0.5776814241223331 0
14.74167472954543 2.254016438133256 0
-4.740606746889401 2.252650658029514 0
0.9874835786305606 2.029036141416711 0
4.741027073154411 1.645220452902053 0
1.020854502706341 0.15933392724063 0
9.681964014542915 0.1720326150545889 0
12.53296634364148 0.2155377435475097 0
14.10751549776394 0.5817434588096917 0
4.290621461338317 0.8137313173672258 0
2.077458632083295 1.502787983349213 0
9.61559369022067 1.728323519044602 0
2.112102250204312 0.2120075066559878 0
8.0445290813438 0.1783584966537532 0
-2.271702849821962 0.3384796817791469 0
2.527455447329979 0.2198121151748756 0
0.9223165467954937 0.1652677069308377 0
1.314637123162649 0.4688223152726448 0
2.714007656337125 2.253397166576623 0
4.335993221079996 1.895862076574687 0
5.266173478197996 0.1436967493151995 0
13.69532352999771 1.8813420596827 0
2.137459099920988 0.6500435670046015 0
0.2259595000524829 0.7440189919348935 0
4.984925333834807 1.584224003984179 0
0.6013538586000634 0.7716114549628439 0
0.8155544193804405 0.1547360967805762 0
6.734542564210174 0.5397806305911899 0
-1.717814828841246 0.2580853361310349 0
3.451021724418903 0.2234475700134906 0
3.014272414523968 0.252457688285219 0
4.108208524647318 0.2558520946117033 0
0.5147706702706258 1.491741780352895 0
8.739866628990958 0.4304141423843939 0
4.015006742174526 2.283958387406623 0
10.06528135392493 0.2126042542863422 0
-0.4527411613995653 0.7829645999119144 0
-1.048272181928683 0.5642143253042945 0
-0.6707606829787003 0.3702413269761429 0
7.914742895205912 0.3595614821430336 0
0.1904257512748076 1.551461320015251 0
2.206706044742891 2.075227837907367 0
-2.307635577695836 1.322905109066931 0
-0.06699522095697352 0.8825712059144322 0
8.365675585571797 0.3942653250093007 0
6.286370202573469 1.920406403527115 0
2 19 0 699
946
947
948
949
950
951
952
953
954
955
956
957
958
959
960
961
962
963
964
965
966
967
968
969
970
971
972
973
974
975
976
977
978
979
980
981
982
983
984
985
986
987
988
989
990
991
992
993
994
995
996
997
998
999
1000
1001
1002
1003
1004
1005
1006
1007
1008
1009
1010
1011
1012
1013
1014
1015
1016
1017
1018
1019
1020
1021
1022
1023
1024
1025
1026
1027
1028
1029
1030
1031
1032
1033
1034
1035
1036
1037
1038
1039
1040
1041
1042
1043
1044
1045
1046
1047
1048
1049
1050
1051
1052
1053
1054
1055
1056
1057
1058
1059
1060
1061
1062
1063
1064
1065
1066
1067
1068
1069
1070
1071
1072
1073
1074
1075
1076
1077
1078
1079
1080
1081
1082
1083
1084
1085
1086
1087
1088
1089
1090
1091
1092
1093
1094
1095
1096
1097
1098
1099
1100
1101
1102
1103
1104
1105
1106
1107
1108
1109
1110
1111
1112
1113
1114
1115
1116
1117
1118
1119
1120
1121
1122
1123
1124
1125
1126
1127
1128
1129
1130
1131
1132
1133
1134
1135
1136
1137
1138
1139
1140
1141
1142
1143
1144
1145
1146
1147
1148
1149
1150
1151
1152
1153
1154
1155
1156
1157
1158
1159
1160
1161
1162
1163
1164
1165
1166
1167
1168
1169
1170
1171
1172
1173
1174
1175
1176
1177
1178
1179
1180
1181
1182
1183
1184
1185
1186
1187
1188
1189
1190
1191
1192
1193
1194
1195
1196
1197
1198
1199
1200
1201
1202
1203
1204
1205
1206
1207
1208
1209
1210
1211
1212
1213
1214
1215
1216
1217
1218
1219
1220
1221
1222
1223
1224
1225
1226
1227
1228
1229
1230
1231
1232
1233
1234
1235
1236
1237
1238
1239
1240
1241
1242
1243
1244
1245
1246
1247
1248
1249
1250
1251
1252
1253
1254
1255
1256
1257
1258
1259
1260
1261
1262
1263
1264
1265
1266
1267
1268
1269
1270
1271
1272
1273
1274
1275
1276
1277
1278
1279
1280
1281
1282
1283
1284
1285
1286
1287
1288
1289
1290
1291
1292
1293
1294
1295
1296
1297
1298
1299
1300
1301
1302
1303
1304
1305
1306
1307
1308
1309
1310
1311
1312
1313
1314
1315
1316
1317
1318
1319
1320
1321
1322
1323
1324
1325
1326
1327
1328
1329
1330
1331
1332
1333
1334
1335
1336
1337
1338
1339
1340
1341
1342
1343
1344
1345
1346
1347
1348
1349
1350
1351
1352
1353
1354
1355
1356
1357
1358
1359
1360
1361
1362
1363
1364
1365
1366
1367
1368
1369
1370
1371
1372
1373
1374
1375
1376
1377
1378
1379
1380
1381
1382
1383
1384
1385
1386
1387
1388
1389
1390
1391
1392
1393
1394
1395
1396
1397
1398
1399
1400
1401
1402
1403
1404
1405
1406
1407
1408
1409
1410
1411
1412
1413
1414
1415
1416
1417
1418
1419
1420
1421
1422
1423
1424
1425
1426
1427
1428
1429
1430
1431
1432
1433
1434
1435
1436
1437
1438
1439
1440
1441
1442
1443
1444
1445
1446
1447
1448
1449
1450
1451
1452
1453
1454
1455
1456
1457
1458
1459
1460
1461
1462
1463
1464
1465
1466
1467
1468
1469
1470
1471
1472
1473
1474
1475
1476
1477
1478
1479
1480
1481
1482
1483
1484
1485
1486
1487
1488
1489
1490
1491
1492
1493
1494
1495
1496
1497
1498
1499
1500
1501
1502
1503
1504
1505
1506
1507
1508
1509
1510
1511
1512
1513
1514
1515
1516
1517
1518
1519
1520
1521
1522
1523
1524
1525
1526
1527
1528
1529
1530
1531
1532
1533
1534
1535
1536
1537
1538
1539
1540
1541
1542
1543
1544
1545
1546
1547
1548
1549
1550
1551
1552
1553
1554
1555
1556
1557
1558
1559
1560
1561
1562
1563
1564
1565
1566
1567
1568
1569
1570
1571
1572
1573
1574
1575
1576
1577
1578
1579
1580
1581
1582
1583
1584
1585
1586
1587
1588
1589
1590
1591
1592
1593
1594
1595
1596
1597
1598
1599
1600
1601
1602
1603
1604
1605
1606
1607
1608
1609
1610
1611
1612
1613
1614
1615
1616
1617
1618
1619
1620
1621
1622
1623
1624
1625
1626
1627
1628
1629
1630
1631
1632
1633
1634
1635
1636
1637
1638
1639
1640
1641
1642
1643
1644
1.196230928911018 -0.09518645203443483 0
1.673183167317709 -0.1065243086356672 0
-1.157794937307919 -0.1193771056995177 0
0.4496946554937462 -0.3701616398415897 0
-1.634173547508421 -0.1353619854732561 0
-2.206470969104171 -0.1773937000364175 0
2.177838258837601 -0.1154167277992813 0
2.612960372652791 -0.1290721629641585 0
3.058081603379311 -0.1306075912362399 0
3.52899581556353 -0.1253272354240034 0
4.030455495362467 -0.14445452487167 0
4.566030623281695 -0.1600760434653861 0
5.104899904306199 -0.1548788167450027 0
5.767832490084161 -0.1794198475323344 0
6.361388019797519 -0.1868589028289316 0
7.068470192105299 -0.2255078070423305 0
-0.5168434738481478 -0.2713096507579314 0
7.80344364708783 -0.1909367318513224 0
-2.915507708485262 -0.2622014436139335 0
8.57247956170135 -0.2460703734107765 0
1.253181653538639 -2.142995616424154 0
9.423051591495799 -0.2069503695102348 0
0.863190522369942 -0.0895481424295835 0
-3.769956283373341 -0.2882065433883937 0
-1.186750567602637 -2.142902868208606 0
2.453812711501552 -2.18838572383955 0
10.28909111164781 -0.2593255968934766 0
3.675238188909023 -2.141303027149962 0
11.22550959578441 -0.275932807918482 0
4.820028751526984 -2.170109184620219 0
12.23270810232923 -0.2529847972021206 0
6.003244977257582 -2.120616327770767 0
-2.405081683053969 -2.158202695534394 0
0.3808246923702894 -2.164167648564462 0
-0.3999999999988848 -2.153589838486143 0
13.2820912681925 -0.3124058393277253 0
7.16754684929773 -2.098928860031635 0
8.802870858642059 -2.163794506572324 0
14.71078529326782 -1.248150629063509 0
10.02338185111314 -2.119673925612326 0
-3.576098177503344 -2.15430610136709 0
11.59999999999917 -2.153589838486141 0
12.79999999999947 -2.153589838486141 0
-4.706400356615674 -1.239609536874826 0
8.009578720761121 -2.096386502348702 0
-0.8909111531649518 -0.1046121175881218 0
10.81128755687898 -2.149749396669368 0
13.58374723549829 -2.169809675634129 0
1.427877271020632 -0.1191540885805738 0
1.9231950323759 -0.1134836288536008 0
13.99300202012094 -0.3075077392165272 0
0.5673216993447058 -0.1661630831490064 0
-0.6570365210186483 -0.09167332920531041 0
-4.411640942456185 -0.3146226159355161 0
-4.409665663600409 -2.16446163708039 0
14.41447549837316 -2.170067298651505 0
14.69085181424202 -0.5494247895471955 0
-0.4587358729140894 -0.3630541023518299 0
-0.5739910274854807 -0.3622569804511943 0
-0.5132904713052877 -0.4656571698772531 0
-0.6429209290364013 -0.4662624957371256 0
-0.5844176297073876 -0.581575531776786 0
-0.7265088477755662 -0.578974954682771 0
-0.6577888635963218 -0.7166895893293757 0
-0.8217514949006082 -0.7123565639593684 0
-0.7418363585142074 -0.8686643832628662 0
-0.9304237803645823 -0.8650401149316047 0
-0.5574548737998173 -0.8659119859109382 0
-0.6475676857131396 -1.0341821528295 0
-0.4458664766058014 -1.036035485086853 0
-0.1752758506917318 -0.5590350563043518 0
-1.005529470118757 -0.6970207148453287 0
-1.137644027827098 -0.847785316537606 0
-1.04001998138091 -1.042682165597089 0
-1.260192452563301 -1.030802926821685 0
-1.358070057513886 -0.8221825320382462 0
-1.485101954012507 -1.01030149788883 0
-1.577746833236361 -0.7996484648037159 0
-1.720326985376036 -0.9898679532650178 0
-1.621658016585018 -1.219884546314687 0
-1.875018811148782 -1.194568875931629 0
-1.978259416377423 -0.9535967861909752 0
-2.140848431224761 -1.14917006800507 0
-2.251546700903482 -0.9094839961815749 0
-2.422556541682876 -1.115433835578767 0
-0.5478559165702347 -1.220723553280034 0
-0.3327726213194799 -1.215450418130701 0
0.1656221978323445 -0.5648578320738832 0
-1.765925379710688 -1.445613460694485 0
-0.2180771448866841 -1.016763174897701 0
-0.1163600367291487 -1.202862662987704 0
-0.004003464744388481 -1.027268071920498 0
0.09218336175548776 -1.194441897102991 0
0.1828481532406968 -1.015415860413968 0
0.29356106105919 -1.184085601192082 0
0.3831958177635981 -1.003962111484944 0
0.4976550977786401 -1.174146926089729 0
0.5965140186111857 -0.9603786521932249 0
0.7076568131206311 -1.159959869349859 0
0.8023678553672815 -0.9739200408767106 0
0.920957019336992 -1.154644199913924 0
1.02232288918595 -0.9623014755175557 0
1.140254089529446 -1.145972432105069 0
1.243764227848001 -0.9494621223435278 0
1.363308024040493 -1.136288001576272 0
1.468460815687533 -0.9364125582554387 0
1.589710288542042 -1.125998272588398 0
1.696336965888327 -0.9231585337632753 0
1.819281697051656 -1.115354969861782 0
1.920152029487456 -0.9121114035949436 0
2.050491645657099 -1.101969243594609 0
2.149135538823906 -0.8620571807794293 0
2.285549875499169 -1.087582601552624 0
2.396188521377376 -0.8764574730568508 0
2.525141609438167 -1.078647316209398 0
2.636966319273502 -0.8681868111903622 0
2.765631930933361 -1.069721818331519 0
2.877873189601692 -0.8559654671236544 0
3.007389302935641 -1.058122042062781 0
0.8976377531766997 -0.7837163030416308 0
3.120477301318331 -0.8424952748828982 0
3.25114537368413 -1.046282736492588 0
3.383014141927896 -0.7897366719647116 0
3.499998629444385 -1.027363338930567 0
1.716719543677844 -1.339755914861601 0
3.62723885767392 -0.8096101356878613 0
3.747796051578174 -1.018100891924001 0
2.896223359318792 -1.280284147379201 0
1.35058979972534 -0.7557864416947767 0
3.860921206808963 -0.7994450079578207 0
3.993072790908459 -1.006819156746623 0
4.106743081626823 -0.7836102469550171 0
4.239365960793366 -1.002377055338362 0
4.128725694713953 -1.233494249452657 0
4.398172658292056 -1.217632590454691 0
4.498575411628645 -0.9367945228407458 0
4.673180834057048 -1.192678433060622 0
4.793024138774201 -0.9357183933432225 0
4.94865963470353 -1.169528805814232 0
5.067165927333315 -0.9199093691156588 0
5.224384537021498 -1.147493936954417 0
5.34417851017278 -0.897058613900455 0
5.501590393868405 -1.124336311064786 0
1.792991153659007 -0.7282412476029081 0
5.382597659089429 -1.369738892784933 0
0.03030394352540067 -1.392304665289891 0
0.8207496487527225 -1.353815306192271 0
5.622006416244895 -0.8724264938786362 0
5.780332545677003 -1.100676740309109 0
5.901361051918148 -0.8472204131649873 0
6.06066981709357 -1.076804383251475 0
-1.156953880124325 -1.237969389122151 0
3.391483548505383 -1.261680692153106 0
2.306738253054992 -0.6749353229761776 0
4.277569937912792 -1.472518264964765 0
2.182075538076918 -1.308377159530489 0
0.4683923764860985 -0.8219776028816097 0
0.3818160130977225 -1.393607955836162 0
-2.529429892450317 -0.86719410324489 0
-2.708769714486193 -1.093774671595203 0
2.745931423981328 -0.6662728517329195 0
1.25931146821301 -1.342110524354169 0
-0.7817254662369099 -0.4397729779576118 0
6.17932917084728 -0.8205303582418434 0
6.341957302402186 -1.052402497751599 0
6.464127014263372 -0.7930240847074832 0
6.635562744519792 -1.023162327339438 0
6.506347557516158 -1.295523480354946 0
6.80440810981761 -1.267042049968723 0
6.934289328204992 -0.9895764237673412 0
7.106892023267636 -1.233574039683161 0
7.229758497587278 -0.9546451388448887 0
7.410882242105565 -1.200316839977846 0
7.534792756132351 -0.9198715551800404 0
7.716279483795988 -1.166027824139379 0
7.840641444320481 -0.8839416583897965 0
8.022960472812912 -1.131124303178135 0
3.987453226054837 -1.484129737471623 0
3.209463880570374 -0.6144989773596318 0
8.143734008325588 -0.8485367839957936 0
8.334964427668316 -1.095226324847656 0
-1.450211180435041 -0.6178164289270573 0
-1.664278781309995 -0.5924904990904413 0
6.678996269212069 -1.554477555803161 0
-0.4385525673192046 -1.422818090729879 0
4.923575260411306 -0.6974577669312962 0
-2.599751326586961 -1.340693270352839 0
-2.902484452978549 -1.324269379798754 0
-3.012701523271953 -1.040124579609901 0
-3.214458757798378 -1.282837421778622 0
-3.323314391082349 -0.9915930215050147 0
-3.53323163162164 -1.23608906008582 0
5.940057417851173 -1.326667266945979 0
3.733257673251496 -0.6091066875862459 0
7.59349521187415 -1.453151437664804 0
5.461705553372491 -0.6551646898634644 0
8.208170140461863 -1.389668902645425 0
8.529910371431042 -1.349779316236419 0
8.656564213669739 -1.051309837412008 0
8.854779715535592 -1.298608034415681 0
8.981780900478116 -1.002174761511067 0
9.181638108328247 -1.254100797027642 0
9.308585257454084 -0.9554064538597956 0
9.510742737257996 -1.216188313808605 0
9.637427801488986 -0.9098221673134153 0
9.840841696378044 -1.172186876119048 0
9.412546636295698 -1.509299328148545 0
-0.7266217364161356 -1.406687232415707 0
-3.644244631454477 -0.9369187072707589 0
-3.859384121839337 -1.186624692904547 0
-0.4520153232393357 -0.5808435678613769 0
-3.104252517934715 -1.570796022958234 0
4.830547030273453 -1.416243076537817 0
9.964712153912155 -0.8642106275732344 0
10.17553098649379 -1.126424608446909 0
-3.976085416631254 -0.8766643909035837 0
-2.07246906587071 -0.7318359222871542 0
4.142545766424396 -1.732028699726932 0
6.025594247547504 -0.599853546239187 0
7.361835674200357 -0.6815407704107304 0
0.1035882005401735 -0.8429761795738289 0
-3.098515566666438 -0.7569496260835351 0
10.04680942143927 -1.44420299561853 0
10.39430314190998 -1.417326422784128 0
10.5172989525228 -1.077419726292413 0
10.73472350654931 -1.342468511455203 0
10.86185857381176 -1.017893274062617 0
11.08063359627418 -1.27930732144677 0
11.20993766397454 -0.9596552423169971 0
11.43133677379474 -1.234203923164478 0
11.56028725762901 -0.9045571754760739 0
11.78333919058292 -1.18154679507171 0
9.114908663896568 -0.7119363169636086 0
10.64197578128322 -0.761465027479253 0
-3.752206765426126 -1.492280258417402 0
-4.077908836674011 -1.45012269431892 0
8.398936993421556 -1.641021140897604 0
11.91400636018892 -0.8540773229218855 0
12.14086463784475 -1.125929218818754 0
12.00864800134636 -1.466170978458752 0
12.37140075829315 -1.41009643184478 0
12.50044730960713 -1.064430591751644 0
12.73652354539128 -1.350451780347015 0
12.86641075612755 -1.002277050219239 0
13.10181177399459 -1.277771433563335 0
12.23790875988015 -1.756433470189376 0
13.23458408496726 -0.9454350021847971 0
13.4689448359825 -1.213855069302253 0
13.60316086098973 -0.8924308315507465 0
13.83762159980884 -1.163498820948952 0
6.347296613437749 -1.60994493156241 0
11.27514003109708 -1.539294967063882 0
6.55103366312287 -1.870863975717384 0
-0.5688896661392336 -1.650075234496119 0
-0.8589221458243743 -1.668454701399443 0
-0.2868583566460154 -1.647195701499324 0
13.67624055549656 -1.546959124423407 0
14.06389838129929 -1.46063373771836 0
-1.505911325568564 -1.458978968064369 0
-1.64693473503429 -1.707350401906713 0
-1.956239930555821 -1.646806555235174 0
12.64344726860426 -0.7231669811375963 0
9.773112193911061 -0.6123200280934137 0
11.71566962530495 -0.5855079237510413 0
-0.6264048278855974 -0.2781159738121786 0
4.449446876432076 -1.680492996549394 0
14.1797388078287 -1.115005113247827 0
-1.525008451394763 -0.4320394359169544 0
-1.32791533254396 -0.4494806267300886 0
-1.709682159939542 -0.4110270879600283 0
-1.398352758907305 -0.2843121887783576 0
-3.965848993543495 -1.721714447685551 0
7.940424813651679 -0.583302721761577 0
8.258954753653132 -0.5867965776432994 0
13.02932710718975 -1.597562335781674 0
-1.842705021139964 -1.950756395534744 0
10.23366447521684 -1.775025422362409 0
13.95100676841597 -1.758346280525637 0
0.3695199399656618 -0.4502613477610639 0
0.4763888957563139 -0.4897387168826055 0
0.5730117775407166 -0.3811337963953806 0
0.5915982669282496 -0.5255895561205156 0
0.6925920884133061 -0.4317360626948404 0
0.3821066873973481 -0.5702482003235666 0
0.7147267391906932 -0.5578422147351031 0
0.8168214878623622 -0.4635171533736009 0
0.7873092343964232 -0.3385675249673335 0
0.9138391514601829 -0.3643751533910772 0
0.9552932732403675 -0.5042547440444631 0
1.053861678480832 -0.3946504261986807 0
1.006932431975636 -0.2582372336956382 0
1.099228079487916 -0.5553724103699877 0
1.199582390597298 -0.4280009676450167 0
-1.316482353324785 -1.764154573801499 0
3.826637931725784 -1.758734151144157 0
4.060515023759041 -2.00485124317722 0
3.469621591675712 -1.800081283647773 0
8.061731787971089 -1.693602639648428 0
0.6204205532367988 -0.6450879313674156 0
-0.06908158627873313 -0.5865200773585473 0
-0.1512779752614958 -0.6694269415832208 0
-0.2626534615554471 -0.6315943857410328 0
-0.2464386523052043 -0.7589440879175741 0
0.04250687192231545 -0.5965829421907626 0
0.1262568057772177 -0.6820404619137143 0
0.2585326011485003 -0.6295167592797323 0
0.2901093962491218 -0.8550977248373752 0
3.258875234179034 -2.12979272691925 0
3.12146546586006 -1.797610019048483 0
2.914916735394927 -2.070386738042421 0
2.771649908726245 -1.742786531550537 0
0.6502801694453977 -0.08754077395398682 0
6.876965184064176 -1.82129736097123 0
-0.6971006120243141 -1.899244910169684 0
-0.1357409459565284 -0.7823244488525481 0
0.5136994670537532 -0.2745780847073985 0
0.6228715102907258 -0.2562517902668215 0
1.12606327678101 -0.7547422321865449 0
1.575371157572245 -0.7427521039296926 0
1.673446883244819 -0.5634338821969609 0
1.869944189333408 -0.5494327588429541 0
1.757704957176156 -0.3993419715173628 0
1.573675876605826 -0.4093190321198993 0
1.933154196597493 -0.3829773397221872 0
2.04747679650004 -0.51901162475542 0
2.119367872174696 -0.3511186629563602 0
1.448373772339464 -0.5598016740239892 0
1.406828109055621 -0.3802622343029519 0
1.493627482234628 -0.2544074157510112 0
1.354890836148003 -0.2349915232541052 0
2.520141678915782 -0.6781197788715519 0
2.617416704673969 -0.492462390360023 0
2.83114587524521 -0.4723165784687871 0
2.417999159410036 -0.5012409709646781 0
2.496488306529066 -0.3394855471350059 0
3.648163097568053 -1.475548977080174 0
2.314140171610724 -0.354310571785371 0
2.387336573202011 -0.2252839666495754 0
2.978273518655551 -0.6460050573032923 0
3.038004254074727 -0.4288340873227814 0
3.257778982275016 -0.4058719571659364 0
3.406550297893034 -0.5397934435720045 0
2.878102969508691 -0.2928122602879832 0
-4.321605172567653 -1.778628383120948 0
-1.208442910777841 -0.6376894654981199 0
-1.132939972521275 -0.455607875149703 0
-0.3827567585265755 -0.4671748466215004 0
0.0129610965541378 -2.176660062160349 0
0.2009841105674068 -1.844383116251919 0
0.5361607896563947 -1.846958673664741 0
0.7279100965092391 -2.142774345163556 0
0.8283991581576264 -1.836300083657493 0
-1.206137425856141 -0.2800472110347774 0
-1.035301640283168 -0.3263944224084834 0
2.676557279009754 -0.2996836669523967 0
3.43424549337647 -0.3552592478399051 0
3.302892965546114 -0.2467882144328721 0
3.62295319434946 -0.2873843959804735 0
5.189093952269491 -0.6811807075451557 0
5.043453600876459 -0.4896132841481626 0
4.78751444614053 -0.4897323923439622 0
4.920564493015604 -0.2995005193359297 0
5.302036788640187 -0.4710806565343222 0
5.53426567786814 -0.4157147369488842 0
4.664080907839742 -0.7068635793773026 0
4.554819378965874 -0.5040273406490011 0
4.4142029862553 -0.6752122967125033 0
4.316811602584171 -0.4899095748089921 0
10.10062416679579 -0.515574163410089 0
5.735161964360932 -0.5892638147036976 0
14.31938836992304 -1.776181872993922 0
8.124420733963021 -0.3752487827082762 0
3.957227894657395 -0.5959441518327877 0
1.64412751954311 -0.252128413763186 0
1.816827344192068 -0.2335765176236526 0
7.643169291453072 -0.6502468275305067 0
7.463563121463044 -0.4327568741279102 0
3.82050417713428 -0.4063424688707553 0
4.086396798831352 -0.4188818434607777 0
-3.730112051449595 -0.6367710449008506 0
-4.097909950677085 -0.5389408433355323 0
-4.306368870189901 -0.8452908919966916 0
-3.506496769326466 -0.4573735285527621 0
11.85445851545933 -1.803679515607836 0
0.2741513767115633 -0.5154264518588831 0
-0.9579637412295201 -0.4521909442152419 0
5.388697029464948 -0.2496378233021432 0
-0.9180153880359987 -1.248948624628565 0
6.298675463934689 -0.5859975522947545 0
6.565166904644187 -0.5751782578605622 0
6.152567131293429 -0.3578481878226121 0
7.071164120776393 -0.7139722966651028 0
5.89127832851535 -0.3767930434729598 0
9.455055591176967 -0.6710263258612496 0
1.592850987413359 -2.157022422577812 0
1.415225881162195 -1.847444118756969 0
1.745865866438527 -1.839927374007086 0
1.933621204945942 -2.142214034079228 0
2.081489644926541 -1.783570212809957 0
9.902706394259459 -1.770792000834766 0
9.63488559403938 -2.042625737143215 0
9.215145289931128 -2.125090371529146 0
8.965174914572041 -1.860464023539194 0
10.41718665429784 -2.140333110795271 0
-0.3772238559346352 -0.7011884139508866 0
7.58638619409074 -2.130085272656694 0
7.407550854919874 -1.828823753104517 0
-2.347639468130569 -0.676798917108378 0
-2.616710190563582 -0.6198236273441223 0
-2.452066013753385 -0.4224750990201158 0
7.202744928292946 -0.4483152518176833 0
6.92379340985512 -0.4676577859247636 0
6.826818852428102 -0.2103816102603645 0
1.256106514859664 -0.5880861174066486 0
8.767940015883889 -0.7074384377931049 0
8.97286162865961 -0.4536186412411354 0
8.412754189312471 -2.178081876204775 0
2.221998431480479 -0.5071782597886346 0
2.772222606635826 -0.1558427004505531 0
1.151868093744767 -0.2970430569852001 0
10.65023604336089 -1.744618618127336 0
11.03592141741813 -1.83392054007435 0
-2.806022435135454 -0.8157150497661838 0
-2.885210077757677 -0.5546012985692222 0
-3.206920433945561 -0.4494819408764745 0
6.768570953735127 -0.7379201866504677 0
-2.636709642973403 -0.2156275042618783 0
5.190006502498385 -2.160515802759562 0
5.004369483189244 -1.838143140180387 0
5.379123721342353 -1.856634448081996 0
5.581912640072542 -2.158160090907433 0
5.733747187031828 -1.850386740637326 0
6.064156608199486 -1.784925153457734 0
4.411312860627467 -2.160121321613395 0
9.861922189730699 -0.3133624210777762 0
-0.5764107494233183 -0.1714144293921345 0
-2.785152567627842 -2.167629805912838 0
-2.605645207134458 -1.871540026342394 0
-3.180889195963294 -2.153284383089948 0
-3.334149962880016 -1.838197625234825 0
10.97459924523674 -0.706450712225535 0
10.75907725214419 -0.4683370181990891 0
11.32296782994617 -0.5926735063679917 0
-2.004755408783813 -0.1762735241013483 0
-2.10577787089087 -0.3625168971374788 0
0.863502254230495 -0.2461378760166511 0
0.7464840844219077 -0.2111208564526619 0
8.452416519342824 -0.8027179449800453 0
8.538139691935275 -0.5259559347718663 0
0.7278919090130431 -0.8356788884378773 0
10.29702391476791 -0.8151471841752508 0
-0.7701402526586603 -0.09764223557775717 0
-0.8238477272455981 -0.2061965609608925 0
13.19776456561603 -2.179089353933439 0
13.3688862187323 -1.826644060735113 0
-1.92284989861139 -0.5354530040041464 0
13.02371224961037 -0.6078344636244983 0
12.75341942593014 -0.3759357995476302 0
13.61554602503042 -0.311179669606262 0
12.28615026041835 -0.7977987298730393 0
-1.033577166799584 -1.457342911458729 0
-1.02020751401332 -0.1089474457252237 0
13.96675299131493 -0.8289227789915974 0
14.35870657899766 -0.7665284122879115 0
11.88509371303535 -0.2791664760903213 0
12.04678825661116 -2.12189326738465 0
0.7509782079394072 -0.09858573662662641 0
0.3513104965474004 -0.7104638340698185 0
1.859690486639463 -1.56279939604081 0
1.984328007322701 -0.7022177701449094 0
-0.359924696749817 -0.8667820739032451 0
-2.403532582864691 -0.1917193311810251 0
-1.305787486929531 -0.1349774070388632 0
9.127923329867965 -0.2219888307439957 0
-3.992003306370503 -2.085236500346154 0
1.59669747855283 -1.574849740992784 0
-1.815808919181783 -0.1526846628802276 0
14.68867567472462 -1.603396522264513 0
0.9717435352999055 -0.08785377213679321 0
14.69070521293496 -0.8928571428553479 0
-4.655857073559929 -0.8630413834111156 0
-4.699043761052596 -0.5271119394175182 0
-4.686816047390286 -1.596280466541261 0
6.760443255000551 -2.160611145380301 0
8.295856222246044 -0.1968775323493254 0
1.082829978091678 -0.08897732254634172 0
14.38996806224514 -0.3369843718972881 0
4.383710107999983 -0.1550496803591046 0
7.319334430482219 -0.2172653673398542 0
12.66204082021596 -1.749654669061741 0
3.859118044859584 -0.1383331458177468 0
11.22880048106409 -2.160202324592301 0
0.6779800179194686 -1.600112755293134 0
1.311677296601218 -0.09978024144924807 0
4.764850173530555 -0.1526157032966901 0
4.205336215129293 -0.144624512893184 0
-2.257510882426076 -1.842209503551411 0
-2.211783422163327 -1.544326380788 0
1.556529070281222 -0.122035704455073 0
6.402394671847574 -2.179988970490801 0
0.8555245407857532 -0.609402828625623 0
11.54877952004857 -0.2795919476593976 0
2.051773520112422 -0.1134933751703756 0
1.802144475558426 -0.09071689102258412 0
-0.1331757690400902 -1.890368070287611 0
-0.2745780864199276 -0.5136994666973291 0
11.64641940406176 -1.508141725281768 0
6.983889908604057 -1.517402054025244 0
-0.6979564936683161 -0.1916703128032586 0
-0.7457331049110707 -0.3026299639550441 0
13.99201316770065 -2.107876810896995 0
-4.185634828541754 -1.133438922500106 0
9.724478645843593 -1.475033792425611 0
-0.955074591175344 -0.2140513289445 0
-0.8788102452617406 -0.3278233265945006 0
1.991277808822146 -0.2353644447735288 0
3.140729718965424 -0.2796523044015803 0
3.297822792962431 -1.535848853934925 0
-1.822655163463653 -0.7671487716069084 0
14.69389814935403 -1.957157749158036 0
-4.693368070846685 -1.955934510210029 0
0.3904188305283077 -1.629025596493962 0
5.972926513854054 -0.1803589554415822 0
7.898955019600363 -1.411861820215729 0
-0.01714501698009432 -0.7222943445033049 0
-1.003037691314183 -1.891340191045958 0
-0.8144814784896635 -2.181179634651731 0
7.274499472745259 -1.496414503349757 0
7.73364073956535 -1.75637252045531 0
6.219805847622272 -1.30972346517885 0
3.694338670749795 -0.1345148915851387 0
-1.49588708347199 -2.018491946552076 0
-4.091883586693487 -0.2283540005318884 0
5.660640881290632 -1.347653043255751 0
4.555546239878054 -1.435380469330254 0
5.105238282516472 -1.383805646355848 0
-1.382973801888468 -1.231290585395441 0
6.585219867411863 -0.1954731893568507 0
10.43591479089749 -0.5179697029877901 0
8.734572035304478 -1.595362276851156 0
3.867445375288215 -1.236480516939716 0
4.661990575747074 -0.326252882162257 0
-0.516361219113994 -0.6979759258825886 0
2.655139832248984 -1.282447635278742 0
0.993194406564107 -0.65216821140472 0
12.43355636703842 -2.105523199845017 0
2.417845555408969 -1.296225029196421 0
2.308950169155207 -1.535750334876448 0
2.423970566179684 -1.824824183648559 0
-0.03528163036049241 -1.619600345301922 0
3.146864896479928 -1.280716259757299 0
-3.406831037662892 -0.7131515579463849 0
7.563874958571631 -0.2060639309710441 0
4.471998940584916 -0.3169888893328028 0
4.271357890611562 -0.3009255250267285 0
1.480735872816586 -1.34247464998674 0
1.955087321618342 -1.323442813488342 0
-2.965132644803549 -1.866780294021504 0
3.019175183456829 -1.512595114481695 0
1.032146000926629 -1.354459438965393 0
1.138197273848607 -1.52626679905472 0
-1.470001061632259 -0.1380963508244983 0
-0.4172048807697077 -1.848094750987776 0
-0.1965868781414901 -1.416705313989903 0
-3.434850795506663 -1.532957553607334 0
0.1996396660856748 -1.356549371639333 0
12.08401717506753 -0.5386348877528992 0
8.847912246774477 -0.2189873247049769 0
13.38812227760472 -0.6269462206876703 0
0.6088678195370021 -1.344220813788325 0
-4.406529325584835 -1.375810628987442 0
-0.8358385772857704 -1.043082672813503 0
-3.186756075391254 -0.1817886065703905 0
3.596127373481835 -0.4706854132222614 0
11.48198646111724 -1.828639876164306 0
3.630804063915058 -1.213275960684861 0
14.40631270782482 -1.390087730216973 0
-2.7790848383129 -1.597933479845685 0
2.921982197601953 -0.1384655418838079 0
-2.050694327616467 -2.19578518219647 0
6.164570733122233 -0.1450132092186252 0
8.598640394273328 -1.893586764190709 0
10.59676044692229 -0.2425932095858907 0
9.28760775295256 -0.4404868608313772 0
-1.878987257796801 -0.3160228811995965 0
0.9092541236349773 -1.569646009518755 0
1.127201443263701 -1.783933459196574 0
2.220253791074678 -0.2446443225803883 0
9.318720944454984 -1.799660075968328 0
-0.8822224070219278 -0.5701702540193011 0
2.777633725619285 -1.498897196272223 0
9.60684668259818 -0.3898193994900134 0
5.537049657166521 -1.598402274972091 0
1.24382343958986 -0.1992212361212725 0
12.45397477889204 -0.4699275188017331 0
4.61614557815701 -1.90181612180649 0
3.21407120740292 -0.1265878110768154 0
-3.449993850748326 -0.2089999744802734 0
9.077905392415172 -1.552915755991758 0
0.4944542760366772 -0.6451756033577631 0
4.178178959107289 -0.6150498907884516 0
13.32904209827914 -1.492558404761156 0
6.424727224322249 -0.3927345695719527 0
7.703545707237158 -0.4171485963148002 0
2.632134088310069 -1.994346163849313 0
-2.042254018200933 -1.380955479706388 0
10.90601258923465 -0.2170559193011012 0
2.559198292889729 -1.530155151803822 0
2.318048914473364 -0.1123094773923722 0
0.5661206788710519 -0.07356105601567839 0
-0.5731836989833464 -0.07954270576991532 0
13.77013407804847 -0.5980865472970713 0
5.84008014478121 -1.573776832152663 0
0.6662840469804479 -0.1679125290447254 0
5.57394300674356 -0.1804190072288334 0
6.680638988606316 -0.3783662919289041 0
10.95533091893992 -1.547921991633508 0
1.11779397763417 -0.1844544000229031 0
4.934850264532689 -0.1213990078755245 0
6.098959221591283 -1.531081380424594 0
-4.454630268275907 -1.081536986415337 0
8.276964416292833 -1.904660391869754 0
-1.251146855673472 -1.473493608868227 0
-0.7371682697057852 -1.198978595631392 0
-4.732896365193761 -0.259553423141177 0
5.169569087547691 -0.3139671065288384 0
-1.563696849225314 -0.2748655432221328 0
7.144286595700281 -1.74521889564297 0
3.947496223301905 -0.2703740668061564 0
-2.190666812496683 -0.5382933815206838 0
-2.469716492940615 -1.591620447968073 0
-1.078839730231001 -0.2093045690252786 0
0.7417720331309808 -0.6927730442987956 0
5.233081005716778 -1.6076618858972 0
3.366021153258932 -0.1024787563902001 0
-0.2043419089623962 -0.871117445812122 0
-3.675859666871691 -1.804115414443059 0
-4.428952866151477 -0.5956874122269407 0
-2.707225488516166 -0.4197489106539927 0
-1.717857286445354 -2.233006704856658 0
0.6808417562542611 -0.3320091617994453 0
1.278299106560417 -0.3357219994713538 0
1.336228236309488 -1.569513215390326 0
11.02902225379626 -0.4409419072333154 0
2.463934705256265 -0.1055352321732347 0
3.549237668845637 -0.643786470406617 0
14.73415507538479 -0.2538287979163977 0
14.47581890929107 -1.074317272516444 0
13.01018556894348 -0.2616612714083095 0
3.788882062079005 -0.2473897938120541 0
-1.09263324258728 -1.650957197314771 0
13.00909383065548 -1.911154983369187 0
5.708810648950605 -0.3511487205339535 0
-0.3493390471635785 -0.577681424122333 0
14.74167472954542 -2.254016438133228 0
-4.7406067468894 -2.252650658029512 0
0.9874835786305596 -2.029036141416711 0
4.741027073154415 -1.645220452902049 0
1.02085450270634 -0.1593339272406291 0
9.681964014542906 -0.172032615054583 0
12.53296634364129 -0.2155377435474692 0
14.10751549776379 -0.581743458809476 0
4.29062146133831 -0.813731317367228 0
2.077458632083294 -1.502787983349209 0
9.615593690220653 -1.728323519044539 0
2.112102250204309 -0.2120075066559868 0
8.044529081343789 -0.1783584966537506 0
-2.27170284982196 -0.3384796817791442 0
2.527455447329977 -0.2198121151748743 0
0.9223165467954932 -0.1652677069308371 0
1.314637123162645 -0.4688223152726437 0
2.714007656337121 -2.253397166576618 0
4.335993221079998 -1.895862076574687 0
5.266173478197988 -0.1436967493151968 0
13.69532352999773 -1.881342059682594 0
2.137459099920984 -0.6500435670045962 0
0.2259595000524827 -0.7440189919348938 0
4.984925333834809 -1.584224003984172 0
0.6013538586000629 -0.7716114549628437 0
0.8155544193804403 -0.1547360967805764 0
6.734542564210186 -0.5397806305911743 0
-1.717814828841246 -0.2580853361310327 0
3.451021724418901 -0.2234475700134909 0
3.014272414523966 -0.2524576882852168 0
4.108208524647316 -0.2558520946117033 0
0.5147706702706253 -1.491741780352896 0
8.739866628990921 -0.4304141423843721 0
4.015006742174526 -2.283958387406622 0
10.06528135392491 -0.2126042542863435 0
-0.4527411613995659 -0.7829645999119146 0
-1.048272181928681 -0.5642143253042937 0
-0.6707606829787004 -0.3702413269761426 0
7.914742895205886 -0.359561482143034 0
0.1904257512748076 -1.551461320015251 0
2.206706044742891 -2.075227837907366 0
-2.30763557769584 -1.322905109066922 0
-0.06699522095697391 -0.8825712059144326 0
8.365675585571759 -0.3942653250092841 0
6.28637020257348 -1.920406403527103 0
$EndNodes
$Elements
12 3288 1 3288
1 7 1 7
1 5 11 
2 11 12 
3 12 13 
4 13 14 
5 14 15 
6 15 16 
7 16 6 
1 8 1 50
8 6 17 
9 17 18 
10 18 19 
11 19 20 
12 20 21 
13 21 22 
14 22 23 
15 23 24 
16 24 25 
17 25 26 
18 26 27 
19 27 28 
20 28 29 
21 29 30 
22 30 31 
23 31 32 
24 32 33 
25 33 34 
26 34 35 
27 35 36 
28 36 37 
29 37 38 
30 38 39 
31 39 40 
32 40 41 
33 41 42 
34 42 43 
35 43 44 
36 44 45 
37 45 46 
38 46 47 
39 47 48 
40 48 49 
41 49 50 
42 50 51 
43 51 52 
44 52 53 
45 53 54 
46 54 55 
47 55 56 
48 56 57 
49 57 58 
50 58 59 
51 59 60 
52 60 61 
53 61 62 
54 62 63 
55 63 64 
56 64 65 
57 65 3 
1 9 1 7
58 3 66 
59 66 67 
60 67 68 
61 68 69 
62 69 70 
63 70 71 
64 71 4 
1 10 1 8
65 2 72 
66 72 73 
67 73 74 
68 74 75 
69 75 76 
70 76 77 
71 77 78 
72 78 1 
1 11 1 7
73 7 79 
74 79 80 
75 80 81 
76 81 82 
77 82 83 
78 83 84 
79 84 4 
1 12 1 50
80 8 85 
81 85 86 
82 86 87 
83 87 88 
84 88 89 
85 89 90 
86 90 91 
87 91 92 
88 92 93 
89 93 94 
90 94 95 
91 95 96 
92 96 97 
93 97 98 
94 98 99 
95 99 100 
96 100 101 
97 101 102 
98 102 103 
99 103 104 
100 104 105 
101 105 106 
102 106 107 
103 107 108 
104 108 109 
105 109 110 
106 110 111 
107 111 112 
108 112 113 
109 113 114 
110 114 115 
111 115 116 
112 116 117 
113 117 118 
114 118 119 
115 119 120 
116 120 121 
117 121 122 
118 122 123 
119 123 124 
120 124 125 
121 125 126 
122 126 127 
123 127 128 
124 128 129 
125 129 130 
126 130 131 
127 131 132 
128 132 133 
129 133 7 
1 13 1 7
130 5 134 
131 134 135 
132 135 136 
133 136 137 
134 137 138 
135 138 139 
136 139 8 
1 14 1 8
137 2 140 
138 140 141 
139 141 142 
140 142 143 
141 143 144 
142 144 145 
143 145 146 
144 146 9 
1 15 1 8
145 10 147 
146 147 148 
147 148 149 
148 149 150 
149 150 151 
150 151 152 
151 152 153 
152 153 9 
1 16 1 8
153 10 154 
154 154 155 
155 155 156 
156 156 157 
157 157 158 
158 158 159 
159 159 160 
160 160 1 
2 1 2 1564
161 425 586 587 
162 551 467 771 
163 301 590 721 
164 691 702 876 
165 620 575 745 
166 590 518 721 
167 270 626 627 
168 621 248 750 
169 569 566 573 
170 470 472 667 
171 541 274 543 
172 721 518 883 
173 614 625 801 
174 295 575 576 
175 544 291 775 
176 738 668 821 
177 29 30 647 
178 634 454 707 
179 403 553 714 
180 248 620 745 
181 299 682 755 
182 527 562 563 
183 24 288 712 
184 620 248 621 
185 564 538 660 
186 22 23 792 
187 392 796 810 
188 287 721 883 
189 270 627 779 
190 569 573 574 
191 702 691 831 
192 647 30 648 
193 617 302 757 
194 819 671 844 
195 399 582 764 
196 51 597 903 
197 425 585 586 
198 524 617 757 
199 668 498 821 
200 559 283 730 
201 796 502 810 
202 286 523 650 
203 265 670 671 
204 274 541 542 
205 403 342 553 
206 291 652 775 
207 507 522 743 
208 271 540 772 
209 523 286 646 
210 577 400 580 
211 530 552 631 
212 625 614 847 
213 457 306 593 
214 565 375 573 
215 557 795 854 
216 554 46 556 
217 288 630 712 
218 575 295 745 
219 369 588 892 
220 295 576 740 
221 560 281 773 
222 306 304 593 
223 407 579 585 
224 686 458 804 
225 584 834 855 
226 682 511 755 
227 278 677 678 
228 23 712 792 
229 582 543 764 
230 566 565 573 
231 671 629 844 
232 369 425 588 
233 604 624 820 
234 271 57 778 
235 527 563 887 
236 283 36 730 
237 743 522 826 
238 454 501 707 
239 627 300 779 
240 685 686 804 
241 198 199 665 
242 538 564 791 
243 608 259 872 
244 601 254 665 
245 541 543 582 
246 249 599 719 
247 318 319 591 
248 303 710 733 
249 594 281 751 
250 523 470 667 
251 599 517 719 
252 281 55 773 
253 702 463 876 
254 348 366 564 
255 611 382 613 
256 637 261 849 
257 778 57 886 
258 45 46 554 
259 585 579 586 
260 352 375 565 
261 289 736 898 
262 453 835 845 
263 254 601 915 
264 375 564 660 
265 835 649 845 
266 278 39 677 
267 140 334 550 
268 360 400 577 
269 283 559 874 
270 51 52 597 
271 267 51 903 
272 261 637 827 
273 540 271 778 
274 526 528 846 
275 364 407 585 
276 384 382 611 
277 589 579 601 
278 563 693 887 
279 262 657 658 
280 689 275 748 
281 254 198 665 
282 605 432 606 
283 48 644 941 
284 442 610 616 
285 561 771 943 
286 278 678 679 
287 667 472 863 
288 286 29 647 
289 54 281 594 
290 569 574 575 
291 336 882 943 
292 590 301 767 
293 584 583 834 
294 624 440 820 
295 833 807 889 
296 801 625 931 
297 736 289 792 
298 573 375 660 
299 23 24 712 
300 605 606 609 
301 259 608 865 
302 300 627 884 
303 771 467 943 
304 729 590 767 
305 319 322 591 
306 641 267 642 
307 633 872 920 
308 580 400 664 
309 441 653 774 
310 291 544 868 
311 550 551 771 
312 467 551 923 
313 48 49 644 
314 265 671 819 
315 371 715 722 
316 328 463 765 
317 693 563 860 
318 27 28 650 
319 262 658 659 
320 621 296 762 
321 386 432 605 
322 564 366 791 
323 515 517 599 
324 552 530 714 
325 772 540 897 
326 658 672 927 
327 640 830 838 
328 830 268 838 
329 570 621 762 
330 617 724 766 
331 394 442 616 
332 302 617 766 
333 280 594 595 
334 572 583 664 
335 304 75 593 
336 586 579 589 
337 340 338 467 
338 527 250 562 
339 614 613 847 
340 706 813 841 
341 710 303 726 
342 31 284 648 
343 582 399 822 
344 629 671 798 
345 622 466 623 
346 589 601 665 
347 570 568 621 
348 256 604 929 
349 658 638 672 
350 413 412 672 
351 619 440 624 
352 220 221 659 
353 626 270 629 
354 338 336 943 
355 717 314 936 
356 50 267 641 
357 530 526 846 
358 657 638 658 
359 510 689 748 
360 2 140 550 
361 463 702 765 
362 662 720 830 
363 703 282 815 
364 455 626 798 
365 795 794 854 
366 412 636 672 
367 376 440 619 
368 575 574 576 
369 714 553 923 
370 542 680 934 
371 635 465 637 
372 583 572 834 
373 289 22 792 
374 592 599 600 
375 656 673 718 
376 479 662 830 
377 28 286 650 
378 813 277 841 
379 340 467 553 
380 282 703 895 
381 420 466 622 
382 642 833 889 
383 648 284 649 
384 669 468 670 
385 628 727 884 
386 293 27 650 
387 633 609 872 
388 30 31 648 
389 615 273 785 
390 336 316 717 
391 390 565 566 
392 751 281 809 
393 435 468 669 
394 653 441 775 
395 581 583 584 
396 592 515 599 
397 372 369 892 
398 674 276 675 
399 739 768 932 
400 515 514 517 
401 692 533 693 
402 578 580 581 
403 626 629 798 
404 39 40 677 
405 558 298 856 
406 272 48 941 
407 661 695 933 
408 344 342 403 
409 567 566 568 
410 342 340 553 
411 407 577 578 
412 661 694 695 
413 280 595 596 
414 274 45 554 
415 609 606 872 
416 465 616 639 
417 671 468 798 
418 670 265 885 
419 579 578 601 
420 606 432 607 
421 652 283 653 
422 555 557 805 
423 652 653 775 
424 673 656 885 
425 606 608 872 
426 466 638 657 
427 606 607 608 
428 428 514 515 
429 410 465 635 
430 350 348 564 
431 602 587 603 
432 662 661 933 
433 280 53 594 
434 641 642 643 
435 354 352 565 
436 36 37 730 
437 298 558 860 
438 358 716 922 
439 521 701 898 
440 536 537 666 
441 568 566 569 
442 318 591 937 
443 701 521 848 
444 375 350 564 
445 608 607 788 
446 221 262 659 
447 847 613 909 
448 348 346 366 
449 62 287 685 
450 581 580 583 
451 558 713 860 
452 352 350 375 
453 362 360 577 
454 537 534 692 
455 680 542 919 
456 356 354 390 
457 578 577 580 
458 685 287 686 
459 360 358 400 
460 449 479 640 
461 390 354 565 
462 733 710 908 
463 274 542 934 
464 670 468 671 
465 842 680 919 
466 567 571 716 
467 550 334 551 
468 367 364 585 
469 288 738 821 
470 41 276 674 
471 604 602 929 
472 661 445 694 
473 364 362 407 
474 616 610 899 
475 442 605 609 
476 52 280 597 
477 369 367 425 
478 346 344 696 
479 599 249 878 
480 587 586 763 
481 407 362 577 
482 632 600 761 
483 400 358 922 
484 591 515 592 
485 645 794 795 
486 300 162 779 
487 425 367 585 
488 376 372 440 
489 696 344 925 
490 416 413 672 
491 569 575 620 
492 390 567 716 
493 390 566 567 
494 273 615 935 
495 337 336 338 
496 35 283 652 
497 534 533 692 
498 378 376 619 
499 567 568 570 
500 428 429 514 
501 52 53 280 
502 54 55 281 
503 568 569 620 
504 578 581 601 
505 736 521 898 
506 407 578 579 
507 316 314 717 
508 674 675 676 
509 279 683 684 
510 610 609 633 
511 432 384 611 
512 50 51 267 
513 386 384 432 
514 727 728 884 
515 33 291 663 
516 693 533 887 
517 388 386 605 
518 666 537 864 
519 650 523 667 
520 425 587 588 
521 637 465 639 
522 713 693 860 
523 654 655 656 
524 394 388 442 
525 568 620 621 
526 322 428 591 
527 396 394 616 
528 296 621 750 
529 805 557 837 
530 282 705 815 
531 556 46 918 
532 424 582 787 
533 588 587 602 
534 19 294 757 
535 610 633 861 
536 410 396 465 
537 619 624 625 
538 442 388 605 
539 287 63 721 
540 623 466 657 
541 49 50 641 
542 601 581 915 
543 26 293 738 
544 167 168 673 
545 465 396 616 
546 322 324 428 
547 412 410 635 
548 639 616 899 
549 741 608 788 
550 49 641 644 
551 409 632 761 
552 687 480 688 
553 276 680 842 
554 635 637 849 
555 543 274 554 
556 552 714 923 
557 543 554 555 
558 475 687 689 
559 442 609 610 
560 399 764 797 
561 512 842 919 
562 757 294 921 
563 525 530 631 
564 276 42 680 
565 688 480 785 
566 333 316 336 
567 520 519 618 
568 358 356 716 
569 536 534 537 
570 418 416 638 
571 479 661 662 
572 328 330 463 
573 420 418 466 
574 638 416 672 
575 56 57 271 
576 422 420 622 
577 466 418 638 
578 281 560 809 
579 76 75 304 
580 293 650 667 
581 47 48 272 
582 170 171 690 
583 406 435 669 
584 344 403 925 
585 457 593 900 
586 507 743 744 
587 293 668 738 
588 275 689 890 
589 849 784 862 
590 572 570 762 
591 339 338 340 
592 473 480 687 
593 426 422 519 
594 519 422 622 
595 590 729 817 
596 263 511 682 
597 44 45 274 
598 53 54 594 
599 637 639 769 
600 592 600 632 
601 613 382 909 
602 715 643 722 
603 751 502 796 
604 552 334 631 
605 794 645 910 
606 279 60 683 
607 412 635 636 
608 682 299 857 
609 623 657 735 
610 532 529 533 
611 864 537 905 
612 447 445 661 
613 41 42 276 
614 539 536 666 
615 607 611 612 
616 597 596 598 
617 40 41 674 
618 653 283 874 
619 479 447 661 
620 449 447 479 
621 610 861 899 
622 562 298 563 
623 612 613 614 
624 451 449 640 
625 291 34 652 
626 480 471 697 
627 694 520 695 
628 555 556 557 
629 59 60 279 
630 643 642 722 
631 509 451 640 
632 38 39 278 
633 683 61 685 
634 646 286 647 
635 460 451 509 
636 145 298 562 
637 435 437 468 
638 426 519 520 
639 657 262 735 
640 40 674 677 
641 161 162 300 
642 284 32 663 
643 815 705 858 
644 514 429 516 
645 519 622 850 
646 426 520 694 
647 261 784 849 
648 293 667 668 
649 35 36 283 
650 553 467 923 
651 366 346 696 
652 72 2 546 
653 463 330 654 
654 428 324 429 
655 441 770 775 
656 615 509 681 
657 524 757 921 
658 644 643 645 
659 473 471 480 
660 703 508 704 
661 428 515 591 
662 61 62 685 
663 503 701 848 
664 688 785 829 
665 33 34 291 
666 654 405 655 
667 832 807 833 
668 739 596 768 
669 42 43 680 
670 477 475 689 
671 510 477 689 
672 475 473 687 
673 31 32 284 
674 460 509 615 
675 243 244 705 
676 619 625 847 
677 490 508 703 
678 834 253 855 
679 756 409 761 
680 341 340 342 
681 831 723 928 
682 645 643 715 
683 485 484 706 
684 460 615 697 
685 21 289 700 
686 330 405 654 
687 571 570 572 
688 677 676 678 
689 612 614 800 
690 163 164 270 
691 571 572 664 
692 648 649 835 
693 484 477 510 
694 455 462 626 
695 294 700 701 
696 282 243 705 
697 60 61 683 
698 62 63 287 
699 244 297 705 
700 34 35 652 
701 244 245 297 
702 28 29 286 
703 17 18 302 
704 403 714 846 
705 64 65 301 
706 770 544 775 
707 311 318 836 
708 371 722 802 
709 488 485 706 
710 32 33 663 
711 26 27 293 
712 508 488 706 
713 697 615 785 
714 361 360 362 
715 514 516 873 
716 424 541 582 
717 363 362 364 
718 490 488 508 
719 24 25 288 
720 325 328 765 
721 359 358 360 
722 385 384 386 
723 373 372 376 
724 370 369 372 
725 365 364 367 
726 383 382 384 
727 598 596 739 
728 387 386 388 
729 294 20 700 
730 377 376 378 
731 680 43 934 
732 368 367 369 
733 19 20 294 
734 595 594 751 
735 504 496 513 
736 493 490 703 
737 397 396 410 
738 353 352 354 
739 355 354 356 
740 357 356 358 
741 740 576 840 
742 389 388 394 
743 395 394 396 
744 179 180 299 
745 351 350 352 
746 356 390 716 
747 77 263 682 
748 607 432 611 
749 411 410 412 
750 730 37 746 
751 573 660 917 
752 421 420 422 
753 417 416 418 
754 532 533 534 
755 419 418 420 
756 699 756 761 
757 423 422 426 
758 349 348 350 
759 596 595 768 
760 21 22 289 
761 494 495 496 
762 343 342 344 
763 446 445 447 
764 250 144 562 
765 448 447 449 
766 393 739 816 
767 642 267 833 
768 513 496 709 
769 381 379 382 
770 494 493 495 
771 415 413 416 
772 654 656 876 
773 245 246 733 
774 513 709 710 
775 20 21 700 
776 347 346 348 
777 181 182 558 
778 333 336 337 
779 69 70 727 
780 467 338 943 
781 452 451 460 
782 689 687 890 
783 496 495 709 
784 624 604 896 
785 450 449 451 
786 673 168 718 
787 445 427 694 
788 472 471 473 
789 70 71 728 
790 55 56 773 
791 583 580 664 
792 444 427 445 
793 474 473 475 
794 491 493 494 
795 665 199 825 
796 177 178 292 
797 427 426 694 
798 242 243 282 
799 683 685 804 
800 626 462 627 
801 345 344 346 
802 461 460 697 
803 63 64 721 
804 470 461 471 
805 166 167 265 
806 471 461 697 
807 491 490 493 
808 478 477 484 
809 519 850 939 
810 509 640 838 
811 265 167 673 
812 290 69 727 
813 727 70 728 
814 64 301 721 
815 178 179 698 
816 476 475 477 
817 279 684 743 
818 489 488 490 
819 503 496 504 
820 44 274 934 
821 633 214 861 
822 13 14 285 
823 239 240 277 
824 649 284 828 
825 279 743 826 
826 612 611 613 
827 487 485 488 
828 12 13 726 
829 546 2 550 
830 238 239 711 
831 630 288 821 
832 25 26 738 
833 11 12 303 
834 68 69 290 
835 37 38 746 
836 454 634 870 
837 494 496 503 
838 236 237 275 
839 524 504 617 
840 701 503 921 
841 747 366 879 
842 639 260 769 
843 183 184 269 
844 555 554 556 
845 489 490 491 
846 337 338 339 
847 13 285 726 
848 615 681 935 
849 598 832 833 
850 674 676 677 
851 67 68 729 
852 655 669 670 
853 510 711 813 
854 629 270 844 
855 143 250 525 
856 297 245 733 
857 715 371 803 
858 183 269 713 
859 303 12 726 
860 169 170 252 
861 14 15 724 
862 403 846 925 
863 280 596 597 
864 182 183 713 
865 233 234 273 
866 330 331 405 
867 175 176 249 
868 179 299 698 
869 502 751 809 
870 487 488 489 
871 690 171 723 
872 237 238 748 
873 437 438 455 
874 787 582 822 
875 220 659 784 
876 176 177 708 
877 472 473 474 
878 543 555 764 
879 478 484 485 
880 484 510 813 
881 405 406 669 
882 285 14 724 
883 705 297 858 
884 406 434 435 
885 168 169 718 
886 476 477 478 
887 288 25 738 
888 172 173 251 
889 230 231 268 
890 641 643 644 
891 503 504 524 
892 68 290 729 
893 474 475 476 
894 470 471 472 
895 452 460 461 
896 618 731 944 
897 319 321 322 
898 56 271 773 
899 229 230 720 
900 446 447 448 
901 797 764 805 
902 325 327 328 
903 448 449 450 
904 450 451 452 
905 145 146 298 
906 238 711 748 
907 239 277 711 
908 38 278 746 
909 18 19 757 
910 322 323 324 
911 690 723 831 
912 455 456 462 
913 227 228 266 
914 421 422 423 
915 435 436 437 
916 520 618 944 
917 489 491 521 
918 4 161 871 
919 444 445 446 
920 486 492 630 
921 419 420 421 
922 226 227 731 
923 829 235 853 
924 252 170 690 
925 711 510 748 
926 292 178 698 
927 637 769 827 
928 423 426 427 
929 265 673 885 
930 171 172 723 
931 567 570 571 
932 162 163 779 
933 417 418 419 
934 174 175 719 
935 224 225 264 
936 529 527 887 
937 415 416 417 
938 558 182 713 
939 397 410 411 
940 214 633 920 
941 328 329 330 
942 395 396 397 
943 1 78 857 
944 486 485 487 
945 385 386 387 
946 411 412 413 
947 383 384 385 
948 537 692 916 
949 389 394 395 
950 221 222 262 
951 180 1 857 
952 487 489 736 
953 387 388 389 
954 222 223 735 
955 812 404 940 
956 720 662 814 
957 506 540 778 
958 630 492 712 
959 603 587 763 
960 478 485 486 
961 185 186 732 
962 499 730 746 
963 486 487 492 
964 656 655 885 
965 218 219 261 
966 640 479 830 
967 455 438 456 
968 600 599 878 
969 381 382 383 
970 373 376 377 
971 627 462 628 
972 370 372 373 
973 525 250 526 
974 679 678 859 
975 474 476 498 
976 576 574 888 
977 275 237 748 
978 215 216 260 
979 339 340 341 
980 458 686 811 
981 58 59 826 
982 704 241 895 
983 377 378 379 
984 486 630 753 
985 361 362 363 
986 873 516 928 
987 368 369 370 
988 508 706 841 
989 493 703 815 
990 469 523 646 
991 216 217 769 
992 184 185 725 
993 359 360 361 
994 363 364 365 
995 668 667 863 
996 469 461 470 
997 437 455 798 
998 504 513 823 
999 480 697 785 
1000 302 18 757 
1001 212 213 259 
1002 489 521 736 
1003 177 292 708 
1004 404 768 940 
1005 365 367 368 
1006 574 573 917 
1007 492 487 736 
1008 186 187 247 
1009 437 436 438 
1010 538 536 539 
1011 209 210 258 
1012 208 209 734 
1013 703 704 895 
1014 876 656 914 
1015 528 545 846 
1016 270 164 844 
1017 311 313 318 
1018 206 207 257 
1019 210 211 741 
1020 205 206 737 
1021 655 405 669 
1022 357 358 359 
1023 482 518 590 
1024 724 617 823 
1025 203 204 256 
1026 207 208 742 
1027 230 268 720 
1028 591 592 937 
1029 188 189 295 
1030 452 461 469 
1031 187 188 740 
1032 647 648 835 
1033 219 220 784 
1034 15 16 766 
1035 405 331 406 
1036 353 354 355 
1037 351 352 353 
1038 355 356 357 
1039 66 67 767 
1040 600 760 761 
1041 200 201 255 
1042 67 729 767 
1043 795 557 851 
1044 535 538 791 
1045 443 483 544 
1046 448 450 453 
1047 724 15 766 
1048 435 434 436 
1049 197 198 254 
1050 469 470 523 
1051 366 747 791 
1052 349 350 351 
1053 535 534 536 
1054 872 259 920 
1055 194 195 253 
1056 192 193 296 
1057 190 191 248 
1058 443 427 444 
1059 9 181 856 
1060 189 190 745 
1061 204 205 777 
1062 249 176 708 
1063 146 9 856 
1064 341 342 343 
1065 77 76 263 
1066 676 675 880 
1067 476 478 753 
1068 227 266 731 
1069 747 535 791 
1070 729 290 817 
1071 169 252 718 
1072 193 194 749 
1073 456 481 482 
1074 858 297 908 
1075 191 192 750 
1076 347 348 349 
1077 456 438 481 
1078 330 329 331 
1079 143 144 250 
1080 628 462 758 
1081 308 306 457 
1082 462 456 758 
1083 478 486 753 
1084 264 913 939 
1085 269 184 725 
1086 837 557 854 
1087 698 299 755 
1088 414 430 497 
1089 681 232 935 
1090 499 430 559 
1091 382 379 909 
1092 836 318 937 
1093 516 429 702 
1094 800 614 801 
1095 345 346 347 
1096 414 413 415 
1097 292 698 699 
1098 502 431 810 
1099 142 525 631 
1100 482 481 518 
1101 701 700 898 
1102 469 646 759 
1103 593 752 900 
1104 312 310 314 
1105 423 427 443 
1106 498 476 753 
1107 877 433 942 
1108 419 421 441 
1109 314 310 789 
1110 175 249 719 
1111 343 344 345 
1112 199 200 825 
1113 78 77 682 
1114 634 320 818 
1115 607 612 788 
1116 317 548 752 
1117 436 434 458 
1118 443 444 483 
1119 522 506 778 
1120 144 145 562 
1121 336 717 882 
1122 172 251 723 
1123 262 222 735 
1124 322 321 323 
1125 234 235 829 
1126 335 326 505 
1127 307 309 409 
1128 786 649 828 
1129 324 323 325 
1130 58 826 886 
1131 604 256 777 
1132 551 334 552 
1133 409 756 938 
1134 328 327 329 
1135 725 185 732 
1136 586 589 930 
1137 855 196 891 
1138 406 433 434 
1139 415 417 754 
1140 380 401 424 
1141 450 452 759 
1142 456 482 758 
1143 623 735 799 
1144 424 464 541 
1145 719 517 808 
1146 315 314 316 
1147 506 505 540 
1148 464 401 512 
1149 241 242 895 
1150 727 628 867 
1151 526 250 527 
1152 411 413 414 
1153 395 397 439 
1154 531 529 532 
1155 686 287 883 
1156 71 4 871 
1157 663 291 868 
1158 166 265 819 
1159 334 141 631 
1160 593 74 752 
1161 380 379 381 
1162 260 216 769 
1163 492 736 792 
1164 679 497 945 
1165 398 320 634 
1166 318 313 319 
1167 387 389 391 
1168 497 430 499 
1169 73 317 752 
1170 414 415 430 
1171 499 559 730 
1172 785 273 829 
1173 498 668 863 
1174 246 5 893 
1175 252 690 691 
1176 186 247 732 
1177 406 331 433 
1178 699 755 756 
1179 684 683 804 
1180 173 174 808 
1181 229 720 814 
1182 452 469 759 
1183 500 431 502 
1184 251 173 808 
1185 710 726 894 
1186 383 385 459 
1187 224 264 799 
1188 516 702 831 
1189 142 143 525 
1190 589 665 825 
1191 453 450 759 
1192 843 202 881 
1193 223 224 799 
1194 443 544 770 
1195 335 506 507 
1196 540 505 869 
1197 482 590 817 
1198 332 316 333 
1199 163 270 779 
1200 421 423 770 
1201 232 233 935 
1202 209 258 734 
1203 214 215 861 
1204 258 210 741 
1205 263 305 511 
1206 528 527 529 
1207 266 228 814 
1208 659 658 862 
1209 559 430 754 
1210 208 734 742 
1211 468 437 798 
1212 247 187 740 
1213 538 539 660 
1214 735 223 799 
1215 722 642 889 
1216 206 257 737 
1217 257 207 742 
1218 366 696 879 
1219 532 534 535 
1220 324 325 765 
1221 297 733 908 
1222 165 166 819 
1223 444 446 786 
1224 263 76 304 
1225 483 444 786 
1226 377 379 380 
1227 494 503 848 
1228 572 762 912 
1229 236 275 853 
1230 417 419 774 
1231 368 370 399 
1232 430 415 754 
1233 205 737 777 
1234 188 295 740 
1235 540 869 897 
1236 424 401 464 
1237 201 202 843 
1238 75 74 593 
1239 512 401 781 
1240 692 693 926 
1241 429 324 765 
1242 256 204 777 
1243 507 744 852 
1244 535 536 538 
1245 174 719 808 
1246 319 320 321 
1247 73 72 317 
1248 380 381 401 
1249 261 219 784 
1250 325 326 327 
1251 541 464 542 
1252 140 141 334 
1253 414 497 776 
1254 271 772 773 
1255 295 189 745 
1256 688 829 853 
1257 712 492 792 
1258 706 484 813 
1259 363 365 374 
1260 335 505 506 
1261 521 491 848 
1262 228 229 814 
1263 699 698 755 
1264 679 859 866 
1265 6 17 901 
1266 141 142 631 
1267 65 3 902 
1268 357 359 402 
1269 285 724 823 
1270 507 506 522 
1271 602 603 929 
1272 397 411 776 
1273 423 443 770 
1274 190 248 745 
1275 441 421 770 
1276 195 196 855 
1277 545 879 925 
1278 708 292 760 
1279 888 574 917 
1280 744 743 877 
1281 194 253 749 
1282 563 298 860 
1283 192 296 750 
1284 296 193 749 
1285 74 73 752 
1286 248 191 750 
1287 501 560 772 
1288 739 393 832 
1289 913 618 939 
1290 278 679 945 
1291 327 326 335 
1292 218 261 827 
1293 419 441 774 
1294 768 595 940 
1295 389 395 780 
1296 307 409 938 
1297 454 500 501 
1298 59 279 826 
1299 353 355 371 
1300 481 438 811 
1301 516 831 928 
1302 774 653 874 
1303 349 351 408 
1304 319 313 320 
1305 385 387 782 
1306 799 264 850 
1307 332 431 454 
1308 5 11 893 
1309 675 276 842 
1310 325 323 326 
1311 381 383 781 
1312 651 457 900 
1313 505 326 783 
1314 398 634 707 
1315 702 429 765 
1316 345 347 393 
1317 754 417 774 
1318 57 58 886 
1319 760 699 761 
1320 769 217 827 
1321 213 214 920 
1322 495 493 815 
1323 258 741 788 
1324 380 424 787 
1325 531 532 747 
1326 675 904 924 
1327 458 434 824 
1328 823 513 894 
1329 292 699 760 
1330 561 547 771 
1331 312 314 315 
1332 595 751 796 
1333 321 320 398 
1334 763 255 843 
1335 711 277 813 
1336 260 639 899 
1337 373 377 787 
1338 457 651 789 
1339 525 526 530 
1340 826 522 886 
1341 226 731 913 
1342 861 260 899 
1343 744 877 942 
1344 595 796 940 
1345 632 409 836 
1346 436 458 811 
1347 284 663 828 
1348 617 504 823 
1349 337 339 392 
1350 474 498 863 
1351 341 343 404 
1352 438 436 811 
1353 332 333 431 
1354 533 529 887 
1355 678 676 839 
1356 439 397 776 
1357 411 414 776 
1358 296 749 762 
1359 266 695 944 
1360 905 537 916 
1361 268 231 906 
1362 315 316 332 
1363 16 6 901 
1364 3 66 902 
1365 772 560 773 
1366 528 529 531 
1367 217 218 827 
1368 625 624 875 
1369 622 623 850 
1370 395 439 780 
1371 672 636 927 
1372 401 381 781 
1373 501 500 560 
1374 528 531 545 
1375 532 535 747 
1376 263 304 305 
1377 391 389 780 
1378 497 679 866 
1379 755 511 756 
1380 387 391 782 
1381 448 453 845 
1382 361 363 790 
1383 632 836 937 
1384 526 527 528 
1385 317 72 546 
1386 454 431 500 
1387 311 312 313 
1388 602 604 820 
1389 753 630 821 
1390 548 549 651 
1391 378 619 847 
1392 317 547 548 
1393 481 811 883 
1394 165 819 844 
1395 459 385 782 
1396 264 225 913 
1397 882 561 943 
1398 588 602 820 
1399 212 259 865 
1400 581 584 915 
1401 383 459 781 
1402 440 372 892 
1403 393 806 832 
1404 370 373 822 
1405 627 628 884 
1406 846 545 925 
1407 359 361 793 
1408 746 278 945 
1409 323 321 783 
1410 365 368 797 
1411 636 635 849 
1412 495 815 858 
1413 305 304 306 
1414 734 258 800 
1415 513 710 894 
1416 241 704 907 
1417 164 165 844 
1418 497 499 945 
1419 742 734 801 
1420 645 715 910 
1421 309 310 311 
1422 251 808 873 
1423 675 842 904 
1424 335 507 852 
1425 547 546 771 
1426 232 681 906 
1427 743 684 877 
1428 498 753 821 
1429 203 256 881 
1430 549 547 561 
1431 731 618 913 
1432 741 211 865 
1433 277 240 907 
1434 307 308 309 
1435 311 310 312 
1436 377 380 787 
1437 309 308 310 
1438 298 146 856 
1439 806 807 832 
1440 681 509 838 
1441 273 234 829 
1442 303 733 893 
1443 733 246 893 
1444 666 840 888 
1445 548 651 900 
1446 796 392 940 
1447 305 306 307 
1448 763 586 930 
1449 46 47 918 
1450 307 306 308 
1451 47 272 918 
1452 355 357 803 
1453 434 433 824 
1454 197 254 891 
1455 351 353 802 
1456 500 502 809 
1457 786 446 845 
1458 399 370 822 
1459 623 799 850 
1460 704 508 841 
1461 503 524 921 
1462 329 852 942 
1463 308 457 789 
1464 603 763 843 
1465 869 707 897 
1466 200 255 825 
1467 368 399 797 
1468 463 654 876 
1469 804 458 824 
1470 758 482 817 
1471 329 327 852 
1472 571 664 922 
1473 651 549 717 
1474 321 398 783 
1475 347 349 806 
1476 517 514 873 
1477 363 374 790 
1478 402 793 794 
1479 258 788 800 
1480 707 501 897 
1481 374 365 797 
1482 546 550 771 
1483 402 359 793 
1484 17 302 901 
1485 714 530 846 
1486 764 555 805 
1487 301 65 902 
1488 378 847 909 
1489 720 268 830 
1490 373 787 822 
1491 802 722 889 
1492 811 686 883 
1493 636 849 862 
1494 768 404 932 
1495 483 786 828 
1496 333 337 810 
1497 695 266 933 
1498 431 333 810 
1499 339 341 812 
1500 317 546 547 
1501 357 402 803 
1502 693 713 926 
1503 618 519 939 
1504 806 408 807 
1505 880 675 924 
1506 326 323 783 
1507 548 547 549 
1508 320 313 818 
1509 433 331 942 
1510 300 728 871 
1511 734 800 801 
1512 343 345 816 
1513 361 790 793 
1514 584 855 891 
1515 371 355 803 
1516 353 371 802 
1517 235 236 853 
1518 491 494 848 
1519 691 690 831 
1520 374 797 805 
1521 408 351 802 
1522 695 520 944 
1523 349 408 806 
1524 731 266 944 
1525 332 454 870 
1526 299 180 857 
1527 393 347 806 
1528 181 558 856 
1529 879 696 925 
1530 716 571 922 
1531 646 647 911 
1532 709 495 858 
1533 808 517 873 
1534 446 448 845 
1535 560 500 809 
1536 655 670 885 
1537 603 843 881 
1538 687 688 890 
1539 598 739 832 
1540 840 666 864 
1541 285 823 894 
1542 290 727 867 
1543 664 400 922 
1544 345 393 816 
1545 161 300 871 
1546 483 828 868 
1547 557 556 851 
1548 649 786 845 
1549 838 268 906 
1550 211 212 865 
1551 313 312 818 
1552 700 289 898 
1553 589 825 930 
1554 501 772 897 
1555 728 71 871 
1556 255 201 843 
1557 728 300 884 
1558 337 392 810 
1559 78 682 857 
1560 310 308 789 
1561 309 311 836 
1562 608 741 865 
1563 404 343 816 
1564 392 812 940 
1565 718 252 914 
1566 341 404 812 
1567 539 666 888 
1568 817 290 867 
1569 312 315 818 
1570 634 818 870 
1571 392 339 812 
1572 240 241 907 
1573 542 464 919 
1574 684 804 824 
1575 202 203 881 
1576 472 474 863 
1577 247 740 840 
1578 758 817 867 
1579 853 275 890 
1580 374 805 837 
1581 708 760 878 
1582 597 598 903 
1583 715 803 910 
1584 294 701 921 
1585 709 858 908 
1586 539 888 917 
1587 215 260 861 
1588 499 746 945 
1589 43 44 934 
1590 825 255 930 
1591 788 612 800 
1592 196 197 891 
1593 253 195 855 
1594 828 663 868 
1595 242 282 895 
1596 327 335 852 
1597 841 277 907 
1598 231 232 906 
1599 754 774 874 
1600 391 780 839 
1601 816 739 932 
1602 453 759 911 
1603 511 305 938 
1604 409 309 836 
1605 302 766 901 
1606 767 301 902 
1607 225 226 913 
1608 824 433 877 
1609 11 303 893 
1610 645 795 941 
1611 790 374 837 
1612 726 285 894 
1613 544 483 868 
1614 710 709 908 
1615 628 758 867 
1616 852 744 942 
1617 505 783 869 
1618 379 378 909 
1619 742 801 931 
1620 749 253 912 
1621 545 531 879 
1622 732 247 864 
1623 518 481 883 
1624 249 708 878 
1625 862 658 927 
1626 783 398 869 
1627 891 254 915 
1628 840 576 888 
1629 833 267 903 
1630 803 402 910 
1631 314 789 936 
1632 408 802 889 
1633 916 692 926 
1634 756 511 938 
1635 255 763 930 
1636 644 645 941 
1637 391 839 880 
1638 713 269 926 
1639 233 273 935 
1640 656 718 914 
1641 760 600 878 
1642 247 840 864 
1643 266 814 933 
1644 780 439 859 
1645 875 624 896 
1646 398 707 869 
1647 559 754 874 
1648 737 257 875 
1649 839 676 880 
1650 859 439 866 
1651 784 659 862 
1652 776 497 866 
1653 531 747 879 
1654 512 781 904 
1655 315 332 870 
1656 766 16 901 
1657 66 767 902 
1658 253 834 912 
1659 717 549 882 
1660 794 793 854 
1661 818 315 870 
1662 691 876 914 
1663 835 453 911 
1664 759 646 911 
1665 272 795 851 
1666 522 778 886 
1667 684 824 877 
1668 439 776 866 
1669 592 632 937 
1670 732 864 905 
1671 660 539 917 
1672 269 916 926 
1673 725 732 905 
1674 259 213 920 
1675 795 272 941 
1676 793 790 854 
1677 782 391 880 
1678 549 561 882 
1679 269 725 916 
1680 723 251 928 
1681 807 408 889 
1682 839 780 859 
1683 752 548 900 
1684 464 512 919 
1685 252 691 914 
1686 777 737 896 
1687 881 256 929 
1688 737 875 896 
1689 331 329 942 
1690 790 837 854 
1691 762 749 912 
1692 272 851 918 
1693 402 794 910 
1694 820 440 892 
1695 875 257 931 
1696 834 572 912 
1697 305 307 938 
1698 725 905 916 
1699 257 742 931 
1700 781 459 904 
1701 904 459 924 
1702 551 552 923 
1703 842 512 904 
1704 647 835 911 
1705 814 662 933 
1706 604 777 896 
1707 459 782 924 
1708 681 838 906 
1709 678 839 859 
1710 688 853 890 
1711 598 833 903 
1712 251 873 928 
1713 588 820 892 
1714 625 875 931 
1715 651 717 936 
1716 782 880 924 
1717 704 841 907 
1718 584 891 915 
1719 789 651 936 
1720 404 816 932 
1721 850 264 939 
1722 851 556 918 
1723 636 862 927 
1724 603 881 929 
2 19 2 1564
1725 1124 1285 1286 
1726 1250 1166 1470 
1727 1000 1289 1420 
1728 1390 1401 1575 
1729 1319 1274 1444 
1730 1289 1217 1420 
1731 969 1325 1326 
1732 1320 947 1449 
1733 1268 1265 1272 
1734 1169 1171 1366 
1735 1240 973 1242 
1736 1420 1217 1582 
1737 1313 1324 1500 
1738 994 1274 1275 
1739 1243 990 1474 
1740 1437 1367 1520 
1741 97 98 1346 
1742 1333 1153 1406 
1743 1102 1252 1413 
1744 947 1319 1444 
1745 998 1381 1454 
1746 1226 1261 1262 
1747 92 987 1411 
1748 1319 947 1320 
1749 1263 1237 1359 
1750 90 91 1491 
1751 1091 1495 1509 
1752 986 1420 1582 
1753 969 1326 1478 
1754 1268 1272 1273 
1755 1401 1390 1530 
1756 1346 98 1347 
1757 1316 1001 1456 
1758 1518 1370 1543 
1759 1098 1281 1463 
1760 119 1296 1602 
1761 1124 1284 1285 
1762 1223 1316 1456 
1763 1367 1197 1520 
1764 1258 982 1429 
1765 1495 1201 1509 
1766 985 1222 1349 
1767 964 1369 1370 
1768 973 1240 1241 
1769 1102 1041 1252 
1770 990 1351 1474 
1771 1206 1221 1442 
1772 970 1239 1471 
1773 1222 985 1345 
1774 1276 1099 1279 
1775 1229 1251 1330 
1776 1324 1313 1546 
1777 1156 1005 1292 
1778 1264 1074 1272 
1779 1256 1494 1553 
1780 1253 114 1255 
1781 987 1329 1411 
1782 1274 994 1444 
1783 1068 1287 1591 
1784 994 1275 1439 
1785 1259 980 1472 
1786 1005 1003 1292 
1787 1106 1278 1284 
1788 1385 1157 1503 
1789 1283 1533 1554 
1790 1381 1210 1454 
1791 977 1376 1377 
1792 91 1411 1491 
1793 1281 1242 1463 
1794 1265 1264 1272 
1795 1370 1328 1543 
1796 1068 1124 1287 
1797 1303 1323 1519 
1798 970 125 1477 
1799 1226 1262 1586 
1800 982 104 1429 
1801 1442 1221 1525 
1802 1153 1200 1406 
1803 1326 999 1478 
1804 1384 1385 1503 
1805 198 199 1364 
1806 1237 1263 1490 
1807 1307 958 1571 
1808 1300 953 1364 
1809 1240 1242 1281 
1810 948 1298 1418 
1811 1017 1018 1290 
1812 1002 1409 1432 
1813 1293 980 1450 
1814 1222 1169 1366 
1815 1298 1216 1418 
1816 980 123 1472 
1817 1401 1162 1575 
1818 1047 1065 1263 
1819 1310 1081 1312 
1820 1336 960 1548 
1821 1477 125 1585 
1822 113 114 1253 
1823 1284 1278 1285 
1824 1051 1074 1264 
1825 988 1435 1597 
1826 1152 1534 1544 
1827 953 1300 1614 
1828 1074 1263 1359 
1829 1534 1348 1544 
1830 977 107 1376 
1831 147 1033 1249 
1832 1059 1099 1276 
1833 982 1258 1573 
1834 119 120 1296 
1835 966 119 1602 
1836 960 1336 1526 
1837 1239 970 1477 
1838 1225 1227 1545 
1839 1063 1106 1284 
1840 1083 1081 1310 
1841 1288 1278 1300 
1842 1262 1392 1586 
1843 961 1356 1357 
1844 1388 974 1447 
1845 953 198 1364 
1846 1304 1131 1305 
1847 116 1343 1640 
1848 1141 1309 1315 
1849 1260 1470 1642 
1850 977 1377 1378 
1851 1366 1171 1562 
1852 985 97 1346 
1853 122 980 1293 
1854 1268 1273 1274 
1855 1035 1581 1642 
1856 1289 1000 1466 
1857 1283 1282 1533 
1858 1323 1139 1519 
1859 1532 1506 1588 
1860 1500 1324 1630 
1861 1435 988 1491 
1862 1272 1074 1359 
1863 91 92 1411 
1864 1304 1305 1308 
1865 958 1307 1564 
1866 999 1326 1583 
1867 1470 1166 1642 
1868 1428 1289 1466 
1869 1018 1021 1290 
1870 1340 966 1341 
1871 1332 1571 1619 
1872 1279 1099 1363 
1873 1140 1352 1473 
1874 990 1243 1567 
1875 1249 1250 1470 
1876 1166 1250 1622 
1877 116 117 1343 
1878 964 1370 1518 
1879 1070 1414 1421 
1880 1027 1162 1464 
1881 1392 1262 1559 
1882 95 96 1349 
1883 961 1357 1358 
1884 1320 995 1461 
1885 1085 1131 1304 
1886 1263 1065 1490 
1887 1214 1216 1298 
1888 1251 1229 1413 
1889 1471 1239 1596 
1890 1357 1371 1626 
1891 1339 1529 1537 
1892 1529 967 1537 
1893 1269 1320 1461 
1894 1316 1423 1465 
1895 1093 1141 1315 
1896 1001 1316 1465 
1897 979 1293 1294 
1898 1271 1282 1363 
1899 1003 157 1292 
1900 1285 1278 1288 
1901 1039 1037 1166 
1902 1226 949 1261 
1903 1313 1312 1546 
1904 1405 1512 1540 
1905 1409 1002 1425 
1906 99 983 1347 
1907 1281 1098 1521 
1908 1328 1370 1497 
1909 1321 1165 1322 
1910 1288 1300 1364 
1911 1269 1267 1320 
1912 955 1303 1628 
1913 1357 1337 1371 
1914 1112 1111 1371 
1915 1318 1139 1323 
1916 220 221 1358 
1917 1325 969 1328 
1918 1037 1035 1642 
1919 1416 1013 1635 
1920 118 966 1340 
1921 1229 1225 1545 
1922 1356 1337 1357 
1923 1209 1388 1447 
1924 10 147 1249 
1925 1162 1401 1464 
1926 1361 1419 1529 
1927 1402 981 1514 
1928 1154 1325 1497 
1929 1494 1493 1553 
1930 1111 1335 1371 
1931 1075 1139 1318 
1932 1274 1273 1275 
1933 1413 1252 1622 
1934 1241 1379 1633 
1935 1334 1164 1336 
1936 1282 1271 1533 
1937 988 90 1491 
1938 1291 1298 1299 
1939 1355 1372 1417 
1940 1178 1361 1529 
1941 96 985 1349 
1942 1512 976 1540 
1943 1039 1166 1252 
1944 981 1402 1594 
1945 1119 1165 1321 
1946 1341 1532 1588 
1947 1347 983 1348 
1948 1368 1167 1369 
1949 1327 1426 1583 
1950 992 95 1349 
1951 1332 1308 1571 
1952 98 99 1347 
1953 1314 972 1484 
1954 1035 1015 1416 
1955 1089 1264 1265 
1956 1450 980 1508 
1957 1134 1167 1368 
1958 1352 1140 1474 
1959 1280 1282 1283 
1960 1291 1214 1298 
1961 1071 1068 1591 
1962 1373 975 1374 
1963 1438 1467 1631 
1964 1214 1213 1216 
1965 1391 1232 1392 
1966 1277 1279 1280 
1967 1325 1328 1497 
1968 107 108 1376 
1969 1257 997 1555 
1970 971 116 1640 
1971 1360 1394 1632 
1972 1043 1041 1102 
1973 1266 1265 1267 
1974 1041 1039 1252 
1975 1106 1276 1277 
1976 1360 1393 1394 
1977 979 1294 1295 
1978 973 113 1253 
1979 1308 1305 1571 
1980 1164 1315 1338 
1981 1370 1167 1497 
1982 1369 964 1584 
1983 1278 1277 1300 
1984 1305 1131 1306 
1985 1351 982 1352 
1986 1254 1256 1504 
1987 1351 1352 1474 
1988 1372 1355 1584 
1989 1305 1307 1571 
1990 1165 1337 1356 
1991 1305 1306 1307 
1992 1127 1213 1214 
1993 1109 1164 1334 
1994 1049 1047 1263 
1995 1301 1286 1302 
1996 1361 1360 1632 
1997 979 121 1293 
1998 1340 1341 1342 
1999 1053 1051 1264 
2000 104 105 1429 
2001 997 1257 1559 
2002 1057 1415 1621 
2003 1220 1400 1597 
2004 1235 1236 1365 
2005 1267 1265 1268 
2006 1017 1290 1636 
2007 1400 1220 1547 
2008 1074 1049 1263 
2009 1307 1306 1487 
2010 221 961 1358 
2011 1546 1312 1608 
2012 1047 1045 1065 
2013 130 986 1384 
2014 1280 1279 1282 
2015 1257 1412 1559 
2016 1051 1049 1074 
2017 1061 1059 1276 
2018 1236 1233 1391 
2019 1379 1241 1618 
2020 1055 1053 1089 
2021 1277 1276 1279 
2022 1384 986 1385 
2023 1059 1057 1099 
2024 1148 1178 1339 
2025 1089 1053 1264 
2026 1432 1409 1607 
2027 973 1241 1633 
2028 1369 1167 1370 
2029 1541 1379 1618 
2030 1266 1270 1415 
2031 1249 1033 1250 
2032 1066 1063 1284 
2033 987 1437 1520 
2034 109 975 1373 
2035 1303 1301 1628 
2036 1360 1144 1393 
2037 1063 1061 1106 
2038 1315 1309 1598 
2039 1141 1304 1308 
2040 120 979 1296 
2041 1068 1066 1124 
2042 1045 1043 1395 
2043 1298 948 1577 
2044 1286 1285 1462 
2045 1106 1061 1276 
2046 1331 1299 1460 
2047 1099 1057 1621 
2048 1290 1214 1291 
2049 1344 1493 1494 
2050 999 162 1478 
2051 1124 1066 1284 
2052 1075 1071 1139 
2053 1395 1043 1624 
2054 1115 1112 1371 
2055 1268 1274 1319 
2056 1089 1266 1415 
2057 1089 1265 1266 
2058 972 1314 1634 
2059 1036 1035 1037 
2060 103 982 1351 
2061 1233 1232 1391 
2062 1077 1075 1318 
2063 1266 1267 1269 
2064 1127 1128 1213 
2065 120 121 979 
2066 122 123 980 
2067 1267 1268 1319 
2068 1277 1280 1300 
2069 1435 1220 1597 
2070 1106 1277 1278 
2071 1015 1013 1416 
2072 1373 1374 1375 
2073 978 1382 1383 
2074 1309 1308 1332 
2075 1131 1083 1310 
2076 118 119 966 
2077 1085 1083 1131 
2078 1426 1427 1583 
2079 101 990 1362 
2080 1392 1232 1586 
2081 1087 1085 1304 
2082 1365 1236 1563 
2083 1349 1222 1366 
2084 1124 1286 1287 
2085 1336 1164 1338 
2086 1412 1392 1559 
2087 1353 1354 1355 
2088 1093 1087 1141 
2089 1267 1319 1320 
2090 1021 1127 1290 
2091 1095 1093 1315 
2092 995 1320 1449 
2093 1504 1256 1536 
2094 981 1404 1514 
2095 1255 114 1617 
2096 1123 1281 1486 
2097 1287 1286 1301 
2098 87 993 1456 
2099 1309 1332 1560 
2100 1109 1095 1164 
2101 1318 1323 1324 
2102 1141 1087 1304 
2103 986 131 1420 
2104 1322 1165 1356 
2105 117 118 1340 
2106 1300 1280 1614 
2107 94 992 1437 
2108 167 168 1372 
2109 1164 1095 1315 
2110 1021 1023 1127 
2111 1111 1109 1334 
2112 1338 1315 1598 
2113 1440 1307 1487 
2114 117 1340 1343 
2115 1108 1331 1460 
2116 1386 1179 1387 
2117 975 1379 1541 
2118 1334 1336 1548 
2119 1242 973 1253 
2120 1251 1413 1622 
2121 1242 1253 1254 
2122 1174 1386 1388 
2123 1141 1308 1309 
2124 1098 1463 1496 
2125 1211 1541 1618 
2126 1456 993 1620 
2127 1224 1229 1330 
2128 975 110 1379 
2129 1387 1179 1484 
2130 1032 1015 1035 
2131 1219 1218 1317 
2132 1057 1055 1415 
2133 1235 1233 1236 
2134 1117 1115 1337 
2135 1178 1360 1361 
2136 1027 1029 1162 
2137 1119 1117 1165 
2138 1337 1115 1371 
2139 124 125 970 
2140 1121 1119 1321 
2141 1165 1117 1337 
2142 980 1259 1508 
2143 158 157 1003 
2144 992 1349 1366 
2145 115 116 971 
2146 170 171 1389 
2147 1105 1134 1368 
2148 1043 1102 1624 
2149 1156 1292 1599 
2150 1206 1442 1443 
2151 992 1367 1437 
2152 974 1388 1589 
2153 1548 1483 1561 
2154 1271 1269 1461 
2155 1038 1037 1039 
2156 1172 1179 1386 
2157 1125 1121 1218 
2158 1218 1121 1321 
2159 1289 1428 1516 
2160 962 1210 1381 
2161 112 113 973 
2162 121 122 1293 
2163 1336 1338 1468 
2164 1291 1299 1331 
2165 1312 1081 1608 
2166 1414 1342 1421 
2167 1450 1201 1495 
2168 1251 1033 1330 
2169 1493 1344 1609 
2170 978 128 1382 
2171 1111 1334 1335 
2172 1381 998 1556 
2173 1322 1356 1434 
2174 1231 1228 1232 
2175 1563 1236 1604 
2176 1146 1144 1360 
2177 109 110 975 
2178 1238 1235 1365 
2179 1306 1310 1311 
2180 1296 1295 1297 
2181 108 109 1373 
2182 1352 982 1573 
2183 1178 1146 1360 
2184 1148 1146 1178 
2185 1309 1560 1598 
2186 1261 997 1262 
2187 1311 1312 1313 
2188 1150 1148 1339 
2189 990 102 1351 
2190 1179 1170 1396 
2191 1393 1219 1394 
2192 1254 1255 1256 
2193 127 128 978 
2194 1342 1341 1421 
2195 1208 1150 1339 
2196 106 107 977 
2197 1382 129 1384 
2198 1345 985 1346 
2199 1159 1150 1208 
2200 152 997 1261 
2201 1134 1136 1167 
2202 1125 1218 1219 
2203 1356 961 1434 
2204 108 1373 1376 
2205 161 162 999 
2206 983 100 1362 
2207 1514 1404 1557 
2208 1213 1128 1215 
2209 1218 1321 1549 
2210 1125 1219 1393 
2211 960 1483 1548 
2212 992 1366 1367 
2213 103 104 982 
2214 1252 1166 1622 
2215 1065 1045 1395 
2216 154 10 1245 
2217 1162 1029 1353 
2218 1127 1023 1128 
2219 1140 1469 1474 
2220 1314 1208 1380 
2221 1223 1456 1620 
2222 1343 1342 1344 
2223 1172 1170 1179 
2224 1402 1207 1403 
2225 1127 1214 1290 
2226 129 130 1384 
2227 1202 1400 1547 
2228 1387 1484 1528 
2229 101 102 990 
2230 1353 1104 1354 
2231 1531 1506 1532 
2232 1438 1295 1467 
2233 110 111 1379 
2234 1176 1174 1388 
2235 1209 1176 1388 
2236 1174 1172 1386 
2237 99 100 983 
2238 1159 1208 1314 
2239 243 244 1404 
2240 1318 1324 1546 
2241 1189 1207 1402 
2242 1533 952 1554 
2243 1455 1108 1460 
2244 1040 1039 1041 
2245 1530 1422 1627 
2246 1344 1342 1414 
2247 1184 1183 1405 
2248 1159 1314 1396 
2249 89 988 1399 
2250 1029 1104 1353 
2251 1270 1269 1271 
2252 1376 1375 1377 
2253 1311 1313 1499 
2254 163 164 969 
2255 1270 1271 1363 
2256 1347 1348 1534 
2257 1183 1176 1209 
2258 1154 1161 1325 
2259 993 1399 1400 
2260 981 243 1404 
2261 128 129 1382 
2262 130 131 986 
2263 244 996 1404 
2264 102 103 1351 
2265 244 245 996 
2266 96 97 985 
2267 85 86 1001 
2268 1102 1413 1545 
2269 132 133 1000 
2270 1469 1243 1474 
2271 1010 1017 1535 
2272 1070 1421 1501 
2273 1187 1184 1405 
2274 100 101 1362 
2275 94 95 992 
2276 1207 1187 1405 
2277 1396 1314 1484 
2278 1060 1059 1061 
2279 1213 1215 1572 
2280 1123 1240 1281 
2281 1062 1061 1063 
2282 1189 1187 1207 
2283 92 93 987 
2284 1024 1027 1464 
2285 1058 1057 1059 
2286 1084 1083 1085 
2287 1072 1071 1075 
2288 1069 1068 1071 
2289 1064 1063 1066 
2290 1082 1081 1083 
2291 1297 1295 1438 
2292 1086 1085 1087 
2293 993 88 1399 
2294 1076 1075 1077 
2295 1379 111 1633 
2296 1067 1066 1068 
2297 87 88 993 
2298 1294 1293 1450 
2299 1203 1195 1212 
2300 1192 1189 1402 
2301 1096 1095 1109 
2302 1052 1051 1053 
2303 1054 1053 1055 
2304 1056 1055 1057 
2305 1439 1275 1539 
2306 1088 1087 1093 
2307 1094 1093 1095 
2308 179 180 998 
2309 1050 1049 1051 
2310 1055 1089 1415 
2311 159 962 1381 
2312 1306 1131 1310 
2313 1110 1109 1111 
2314 1429 105 1445 
2315 1272 1359 1616 
2316 1120 1119 1121 
2317 1116 1115 1117 
2318 1231 1232 1233 
2319 1118 1117 1119 
2320 1398 1455 1460 
2321 1122 1121 1125 
2322 1048 1047 1049 
2323 1295 1294 1467 
2324 89 90 988 
2325 1193 1194 1195 
2326 1042 1041 1043 
2327 1145 1144 1146 
2328 949 151 1261 
2329 1147 1146 1148 
2330 1092 1438 1515 
2331 1341 966 1532 
2332 1212 1195 1408 
2333 1080 1078 1081 
2334 1193 1192 1194 
2335 1114 1112 1115 
2336 1353 1355 1575 
2337 245 246 1432 
2338 1212 1408 1409 
2339 88 89 1399 
2340 1046 1045 1047 
2341 181 182 1257 
2342 1032 1035 1036 
2343 82 83 1426 
2344 1166 1037 1642 
2345 1151 1150 1159 
2346 1388 1386 1589 
2347 1195 1194 1408 
2348 1323 1303 1595 
2349 1149 1148 1150 
2350 1372 168 1417 
2351 1144 1126 1393 
2352 1171 1170 1172 
2353 83 84 1427 
2354 123 124 1472 
2355 1282 1279 1363 
2356 1143 1126 1144 
2357 1173 1172 1174 
2358 1190 1192 1193 
2359 1364 199 1524 
2360 177 178 991 
2361 1126 1125 1393 
2362 242 243 981 
2363 1382 1384 1503 
2364 1325 1161 1326 
2365 1044 1043 1045 
2366 1160 1159 1396 
2367 131 132 1420 
2368 1169 1160 1170 
2369 166 167 964 
2370 1170 1160 1396 
2371 1190 1189 1192 
2372 1177 1176 1183 
2373 1218 1549 1638 
2374 1208 1339 1537 
2375 964 167 1372 
2376 989 82 1426 
2377 1426 83 1427 
2378 132 1000 1420 
2379 178 179 1397 
2380 1175 1174 1176 
2381 978 1383 1442 
2382 1188 1187 1189 
2383 1202 1195 1203 
2384 112 973 1633 
2385 1332 214 1560 
2386 136 137 984 
2387 239 240 976 
2388 1348 983 1527 
2389 978 1442 1525 
2390 1311 1310 1312 
2391 1186 1184 1187 
2392 135 136 1425 
2393 1245 10 1249 
2394 238 239 1410 
2395 1329 987 1520 
2396 93 94 1437 
2397 134 135 1002 
2398 81 82 989 
2399 105 106 1445 
2400 1153 1333 1569 
2401 1193 1195 1202 
2402 236 237 974 
2403 1223 1203 1316 
2404 1400 1202 1620 
2405 1446 1065 1578 
2406 1338 959 1468 
2407 183 184 968 
2408 1254 1253 1255 
2409 1188 1189 1190 
2410 1036 1037 1038 
2411 136 984 1425 
2412 1314 1380 1634 
2413 1297 1531 1532 
2414 1373 1375 1376 
2415 80 81 1428 
2416 1354 1368 1369 
2417 1209 1410 1512 
2418 1328 969 1543 
2419 150 949 1224 
2420 996 245 1432 
2421 1414 1070 1502 
2422 183 968 1412 
2423 1002 135 1425 
2424 169 170 951 
2425 137 138 1423 
2426 1102 1545 1624 
2427 979 1295 1296 
2428 182 183 1412 
2429 233 234 972 
2430 1029 1030 1104 
2431 175 176 948 
2432 179 998 1397 
2433 1201 1450 1508 
2434 1186 1187 1188 
2435 1389 171 1422 
2436 237 238 1447 
2437 1136 1137 1154 
2438 1486 1281 1521 
2439 220 1358 1483 
2440 176 177 1407 
2441 1171 1172 1173 
2442 1242 1254 1463 
2443 1177 1183 1184 
2444 1183 1209 1512 
2445 1104 1105 1368 
2446 984 137 1423 
2447 1404 996 1557 
2448 1105 1133 1134 
2449 168 169 1417 
2450 1175 1176 1177 
2451 987 93 1437 
2452 172 173 950 
2453 230 231 967 
2454 1340 1342 1343 
2455 1202 1203 1223 
2456 81 989 1428 
2457 1173 1174 1175 
2458 1169 1170 1171 
2459 1151 1159 1160 
2460 1317 1430 1643 
2461 1018 1020 1021 
2462 124 970 1472 
2463 229 230 1419 
2464 1145 1146 1147 
2465 1496 1463 1504 
2466 1024 1026 1027 
2467 1147 1148 1149 
2468 1149 1150 1151 
2469 152 153 997 
2470 238 1410 1447 
2471 239 976 1410 
2472 106 977 1445 
2473 86 87 1456 
2474 1021 1022 1023 
2475 1389 1422 1530 
2476 1154 1155 1161 
2477 227 228 965 
2478 1120 1121 1122 
2479 1134 1135 1136 
2480 1219 1317 1643 
2481 1188 1190 1220 
2482 4 161 1570 
2483 1143 1144 1145 
2484 1185 1191 1329 
2485 1118 1119 1120 
2486 226 227 1430 
2487 1528 235 1552 
2488 951 170 1389 
2489 1410 1209 1447 
2490 991 178 1397 
2491 1336 1468 1526 
2492 1122 1125 1126 
2493 964 1372 1584 
2494 171 172 1422 
2495 1266 1269 1270 
2496 162 163 1478 
2497 1116 1117 1118 
2498 174 175 1418 
2499 224 225 963 
2500 1228 1226 1586 
2501 1114 1115 1116 
2502 1257 182 1412 
2503 1096 1109 1110 
2504 214 1332 1619 
2505 1027 1028 1029 
2506 1094 1095 1096 
2507 1 160 1556 
2508 1185 1184 1186 
2509 1084 1085 1086 
2510 1110 1111 1112 
2511 1082 1083 1084 
2512 1236 1391 1615 
2513 1088 1093 1094 
2514 221 222 961 
2515 180 1 1556 
2516 1186 1188 1435 
2517 1086 1087 1088 
2518 222 223 1434 
2519 1511 1103 1639 
2520 1419 1361 1513 
2521 1205 1239 1477 
2522 1329 1191 1411 
2523 1302 1286 1462 
2524 1177 1184 1185 
2525 185 186 1431 
2526 1198 1429 1445 
2527 1185 1186 1191 
2528 1355 1354 1584 
2529 218 219 960 
2530 1339 1178 1529 
2531 1154 1137 1155 
2532 1299 1298 1577 
2533 1080 1081 1082 
2534 1072 1075 1076 
2535 1326 1161 1327 
2536 1069 1071 1072 
2537 1224 949 1225 
2538 1378 1377 1558 
2539 1173 1175 1197 
2540 1275 1273 1587 
2541 974 237 1447 
2542 215 216 959 
2543 1038 1039 1040 
2544 1157 1385 1510 
2545 126 127 1525 
2546 1403 241 1594 
2547 1076 1077 1078 
2548 1185 1329 1452 
2549 1060 1061 1062 
2550 1572 1215 1627 
2551 1067 1068 1069 
2552 1207 1405 1540 
2553 1192 1402 1514 
2554 1168 1222 1345 
2555 216 217 1468 
2556 184 185 1424 
2557 1058 1059 1060 
2558 1062 1063 1064 
2559 1367 1366 1562 
2560 1168 1160 1169 
2561 1136 1154 1497 
2562 1203 1212 1522 
2563 1179 1396 1484 
2564 1001 86 1456 
2565 212 213 958 
2566 1188 1220 1435 
2567 177 991 1407 
2568 1103 1467 1639 
2569 1064 1066 1067 
2570 1273 1272 1616 
2571 1191 1186 1435 
2572 186 187 946 
2573 1136 1135 1137 
2574 1237 1235 1238 
2575 209 210 957 
2576 208 209 1433 
2577 1402 1403 1594 
2578 1575 1355 1613 
2579 1227 1244 1545 
2580 969 164 1543 
2581 1010 1012 1017 
2582 206 207 956 
2583 210 211 1440 
2584 205 206 1436 
2585 1354 1104 1368 
2586 1056 1057 1058 
2587 1181 1217 1289 
2588 1423 1316 1522 
2589 203 204 955 
2590 207 208 1441 
2591 230 967 1419 
2592 1290 1291 1636 
2593 188 189 994 
2594 1151 1160 1168 
2595 187 188 1439 
2596 1346 1347 1534 
2597 219 220 1483 
2598 138 139 1465 
2599 1104 1030 1105 
2600 1052 1053 1054 
2601 1050 1051 1052 
2602 1054 1055 1056 
2603 79 80 1466 
2604 1299 1459 1460 
2605 200 201 954 
2606 80 1428 1466 
2607 1494 1256 1550 
2608 1234 1237 1490 
2609 1142 1182 1243 
2610 1147 1149 1152 
2611 1423 138 1465 
2612 1134 1133 1135 
2613 197 198 953 
2614 1168 1169 1222 
2615 1065 1446 1490 
2616 1048 1049 1050 
2617 1234 1233 1235 
2618 1571 958 1619 
2619 194 195 952 
2620 192 193 995 
2621 190 191 947 
2622 1142 1126 1143 
2623 9 181 1555 
2624 189 190 1444 
2625 204 205 1476 
2626 948 176 1407 
2627 153 9 1555 
2628 1040 1041 1042 
2629 159 158 962 
2630 1375 1374 1579 
2631 1175 1177 1452 
2632 227 965 1430 
2633 1446 1234 1490 
2634 1428 989 1516 
2635 169 951 1417 
2636 193 194 1448 
2637 1155 1180 1181 
2638 1557 996 1607 
2639 191 192 1449 
2640 1046 1047 1048 
2641 1155 1137 1180 
2642 1029 1028 1030 
2643 150 151 949 
2644 1327 1161 1457 
2645 1007 1005 1156 
2646 1161 1155 1457 
2647 1177 1185 1452 
2648 963 1612 1638 
2649 968 184 1424 
2650 1536 1256 1553 
2651 1397 998 1454 
2652 1113 1129 1196 
2653 1380 232 1634 
2654 1198 1129 1258 
2655 1081 1078 1608 
2656 1535 1017 1636 
2657 1215 1128 1401 
2658 1499 1313 1500 
2659 1044 1045 1046 
2660 1113 1112 1114 
2661 991 1397 1398 
2662 1201 1130 1509 
2663 149 1224 1330 
2664 1181 1180 1217 
2665 1400 1399 1597 
2666 1168 1345 1458 
2667 1292 1451 1599 
2668 1011 1009 1013 
2669 1122 1126 1142 
2670 1197 1175 1452 
2671 1576 1132 1641 
2672 1118 1120 1140 
2673 1013 1009 1488 
2674 175 948 1418 
2675 1042 1043 1044 
2676 199 200 1524 
2677 160 159 1381 
2678 1333 1019 1517 
2679 1306 1311 1487 
2680 1016 1247 1451 
2681 1135 1133 1157 
2682 1142 1143 1182 
2683 1221 1205 1477 
2684 151 152 1261 
2685 1035 1416 1581 
2686 172 950 1422 
2687 961 222 1434 
2688 1021 1020 1022 
2689 234 235 1528 
2690 1034 1025 1204 
2691 1006 1008 1108 
2692 1485 1348 1527 
2693 1023 1022 1024 
2694 126 1525 1585 
2695 1303 955 1476 
2696 1250 1033 1251 
2697 1108 1455 1637 
2698 1027 1026 1028 
2699 1424 185 1431 
2700 1285 1288 1629 
2701 1554 196 1590 
2702 1105 1132 1133 
2703 1114 1116 1453 
2704 1079 1100 1123 
2705 1149 1151 1458 
2706 1155 1181 1457 
2707 1322 1434 1498 
2708 1123 1163 1240 
2709 1418 1216 1507 
2710 1014 1013 1015 
2711 1205 1204 1239 
2712 1163 1100 1211 
2713 241 242 1594 
2714 1426 1327 1566 
2715 1225 949 1226 
2716 1110 1112 1113 
2717 1094 1096 1138 
2718 1230 1228 1231 
2719 1385 986 1582 
2720 84 4 1570 
2721 1362 990 1567 
2722 166 964 1518 
2723 1033 148 1330 
2724 1292 156 1451 
2725 1079 1078 1080 
2726 959 216 1468 
2727 1191 1435 1491 
2728 1378 1196 1644 
2729 1097 1019 1333 
2730 1017 1012 1018 
2731 1086 1088 1090 
2732 1196 1129 1198 
2733 155 1016 1451 
2734 1113 1114 1129 
2735 1198 1258 1429 
2736 1484 972 1528 
2737 1197 1367 1562 
2738 246 5 1592 
2739 951 1389 1390 
2740 186 946 1431 
2741 1105 1030 1132 
2742 1398 1454 1455 
2743 1383 1382 1503 
2744 173 174 1507 
2745 229 1419 1513 
2746 1151 1168 1458 
2747 1199 1130 1201 
2748 950 173 1507 
2749 1409 1425 1593 
2750 1082 1084 1158 
2751 224 963 1498 
2752 1215 1401 1530 
2753 149 150 1224 
2754 1288 1364 1524 
2755 1152 1149 1458 
2756 1542 202 1580 
2757 223 224 1498 
2758 1142 1243 1469 
2759 1034 1205 1206 
2760 1239 1204 1568 
2761 1181 1289 1516 
2762 1031 1015 1032 
2763 163 969 1478 
2764 1120 1122 1469 
2765 232 233 1634 
2766 209 957 1433 
2767 214 215 1560 
2768 957 210 1440 
2769 962 1004 1210 
2770 1227 1226 1228 
2771 965 228 1513 
2772 1358 1357 1561 
2773 1258 1129 1453 
2774 208 1433 1441 
2775 1167 1136 1497 
2776 946 187 1439 
2777 1237 1238 1359 
2778 1434 223 1498 
2779 1421 1341 1588 
2780 206 956 1436 
2781 956 207 1441 
2782 1065 1395 1578 
2783 1231 1233 1234 
2784 1023 1024 1464 
2785 996 1432 1607 
2786 165 166 1518 
2787 1143 1145 1485 
2788 962 158 1003 
2789 1182 1143 1485 
2790 1076 1078 1079 
2791 1193 1202 1547 
2792 1271 1461 1611 
2793 236 974 1552 
2794 1116 1118 1473 
2795 1067 1069 1098 
2796 1129 1114 1453 
2797 205 1436 1476 
2798 188 994 1439 
2799 1239 1568 1596 
2800 1123 1100 1163 
2801 201 202 1542 
2802 157 156 1292 
2803 1211 1100 1480 
2804 1391 1392 1625 
2805 1128 1023 1464 
2806 955 204 1476 
2807 1206 1443 1551 
2808 1234 1235 1237 
2809 174 1418 1507 
2810 1018 1019 1020 
2811 155 154 1016 
2812 1079 1080 1100 
2813 960 219 1483 
2814 1024 1025 1026 
2815 1240 1163 1241 
2816 147 148 1033 
2817 1113 1196 1475 
2818 970 1471 1472 
2819 994 189 1444 
2820 1387 1528 1552 
2821 1411 1191 1491 
2822 1405 1183 1512 
2823 1062 1064 1073 
2824 1034 1204 1205 
2825 1220 1190 1547 
2826 228 229 1513 
2827 1398 1397 1454 
2828 1378 1558 1565 
2829 8 85 1600 
2830 148 149 1330 
2831 133 7 1601 
2832 1056 1058 1101 
2833 984 1423 1522 
2834 1206 1205 1221 
2835 1301 1302 1628 
2836 1096 1110 1475 
2837 1122 1142 1469 
2838 190 947 1444 
2839 1140 1120 1469 
2840 195 196 1554 
2841 1244 1578 1624 
2842 1407 991 1459 
2843 1587 1273 1616 
2844 1443 1442 1576 
2845 194 952 1448 
2846 1262 997 1559 
2847 192 995 1449 
2848 995 193 1448 
2849 156 155 1451 
2850 947 191 1449 
2851 1200 1259 1471 
2852 1438 1092 1531 
2853 1612 1317 1638 
2854 977 1378 1644 
2855 1026 1025 1034 
2856 218 960 1526 
2857 1118 1140 1473 
2858 1467 1294 1639 
2859 1088 1094 1479 
2860 1006 1108 1637 
2861 1153 1199 1200 
2862 127 978 1525 
2863 1052 1054 1070 
2864 1180 1137 1510 
2865 1215 1530 1627 
2866 1473 1352 1573 
2867 1048 1050 1107 
2868 1018 1012 1019 
2869 1084 1086 1481 
2870 1498 963 1549 
2871 1031 1130 1153 
2872 5 134 1592 
2873 1374 975 1541 
2874 1024 1022 1025 
2875 1080 1082 1480 
2876 1350 1156 1599 
2877 1204 1025 1482 
2878 1097 1333 1406 
2879 1401 1128 1464 
2880 1044 1046 1092 
2881 1453 1116 1473 
2882 125 126 1585 
2883 1459 1398 1460 
2884 1468 217 1526 
2885 213 214 1619 
2886 1194 1192 1514 
2887 957 1440 1487 
2888 1079 1123 1486 
2889 1230 1231 1446 
2890 1374 1603 1623 
2891 1157 1133 1523 
2892 1522 1212 1593 
2893 991 1398 1459 
2894 1260 1246 1470 
2895 1011 1013 1014 
2896 1294 1450 1495 
2897 1020 1019 1097 
2898 1462 954 1542 
2899 1410 976 1512 
2900 959 1338 1598 
2901 1072 1076 1486 
2902 1156 1350 1488 
2903 1224 1225 1229 
2904 1525 1221 1585 
2905 226 1430 1612 
2906 1560 959 1598 
2907 1443 1576 1641 
2908 1294 1495 1639 
2909 1331 1108 1535 
2910 1135 1157 1510 
2911 983 1362 1527 
2912 1316 1203 1522 
2913 1036 1038 1091 
2914 1173 1197 1562 
2915 1040 1042 1103 
2916 1137 1135 1510 
2917 1031 1032 1130 
2918 1232 1228 1586 
2919 1377 1375 1538 
2920 1138 1096 1475 
2921 1110 1113 1475 
2922 995 1448 1461 
2923 965 1394 1643 
2924 1604 1236 1615 
2925 967 231 1605 
2926 1014 1015 1031 
2927 139 8 1600 
2928 7 79 1601 
2929 1471 1259 1472 
2930 1227 1228 1230 
2931 217 218 1526 
2932 1324 1323 1574 
2933 1321 1322 1549 
2934 1094 1138 1479 
2935 1371 1335 1626 
2936 1100 1080 1480 
2937 1200 1199 1259 
2938 1227 1230 1244 
2939 1231 1234 1446 
2940 962 1003 1004 
2941 1090 1088 1479 
2942 1196 1378 1565 
2943 1454 1210 1455 
2944 1086 1090 1481 
2945 1147 1152 1544 
2946 1060 1062 1489 
2947 1331 1535 1636 
2948 1225 1226 1227 
2949 1016 154 1245 
2950 1153 1130 1199 
2951 1010 1011 1012 
2952 1301 1303 1519 
2953 1452 1329 1520 
2954 1247 1248 1350 
2955 1077 1318 1546 
2956 1016 1246 1247 
2957 1180 1510 1582 
2958 165 1518 1543 
2959 1158 1084 1481 
2960 963 225 1612 
2961 1581 1260 1642 
2962 1287 1301 1519 
2963 212 958 1564 
2964 1280 1283 1614 
2965 1082 1158 1480 
2966 1139 1071 1591 
2967 1092 1505 1531 
2968 1069 1072 1521 
2969 1326 1327 1583 
2970 1545 1244 1624 
2971 1058 1060 1492 
2972 1445 977 1644 
2973 1022 1020 1482 
2974 1064 1067 1496 
2975 1335 1334 1548 
2976 1194 1514 1557 
2977 1004 1003 1005 
2978 1433 957 1499 
2979 1212 1409 1593 
2980 241 1403 1606 
2981 164 165 1543 
2982 1196 1198 1644 
2983 1441 1433 1500 
2984 1344 1414 1609 
2985 1008 1009 1010 
2986 950 1507 1572 
2987 1374 1541 1603 
2988 1034 1206 1551 
2989 1246 1245 1470 
2990 232 1380 1605 
2991 1442 1383 1576 
2992 1197 1452 1520 
2993 203 955 1580 
2994 1248 1246 1260 
2995 1430 1317 1612 
2996 1440 211 1564 
2997 976 240 1606 
2998 1006 1007 1008 
2999 1010 1009 1011 
3000 1076 1079 1486 
3001 1008 1007 1009 
3002 997 153 1555 
3003 1505 1506 1531 
3004 1380 1208 1537 
3005 972 234 1528 
3006 1002 1432 1592 
3007 1432 246 1592 
3008 1365 1539 1587 
3009 1247 1350 1599 
3010 1495 1091 1639 
3011 1004 1005 1006 
3012 1462 1285 1629 
3013 114 115 1617 
3014 1006 1005 1007 
3015 115 971 1617 
3016 1054 1056 1502 
3017 1133 1132 1523 
3018 197 953 1590 
3019 1050 1052 1501 
3020 1199 1201 1508 
3021 1485 1145 1544 
3022 1098 1069 1521 
3023 1322 1498 1549 
3024 1403 1207 1540 
3025 1202 1223 1620 
3026 1028 1551 1641 
3027 1007 1156 1488 
3028 1302 1462 1542 
3029 1568 1406 1596 
3030 200 954 1524 
3031 1067 1098 1496 
3032 1162 1353 1575 
3033 1503 1157 1523 
3034 1457 1181 1516 
3035 1028 1026 1551 
3036 1270 1363 1621 
3037 1350 1248 1416 
3038 1020 1097 1482 
3039 1046 1048 1505 
3040 1216 1213 1572 
3041 1062 1073 1489 
3042 1101 1492 1493 
3043 957 1487 1499 
3044 1406 1200 1596 
3045 1073 1064 1496 
3046 1245 1249 1470 
3047 1101 1058 1492 
3048 85 1001 1600 
3049 1413 1229 1545 
3050 1463 1254 1504 
3051 1000 133 1601 
3052 1077 1546 1608 
3053 1419 967 1529 
3054 1072 1486 1521 
3055 1501 1421 1588 
3056 1510 1385 1582 
3057 1335 1548 1561 
3058 1467 1103 1631 
3059 1182 1485 1527 
3060 1032 1036 1509 
3061 1394 965 1632 
3062 1130 1032 1509 
3063 1038 1040 1511 
3064 1016 1245 1246 
3065 1056 1101 1502 
3066 1392 1412 1625 
3067 1317 1218 1638 
3068 1505 1107 1506 
3069 1579 1374 1623 
3070 1025 1022 1482 
3071 1247 1246 1248 
3072 1019 1012 1517 
3073 1132 1030 1641 
3074 999 1427 1570 
3075 1433 1499 1500 
3076 1042 1044 1515 
3077 1060 1489 1492 
3078 1283 1554 1590 
3079 1070 1054 1502 
3080 1052 1070 1501 
3081 235 236 1552 
3082 1190 1193 1547 
3083 1390 1389 1530 
3084 1073 1496 1504 
3085 1107 1050 1501 
3086 1394 1219 1643 
3087 1048 1107 1505 
3088 1430 965 1643 
3089 1031 1153 1569 
3090 998 180 1556 
3091 1092 1046 1505 
3092 181 1257 1555 
3093 1578 1395 1624 
3094 1415 1270 1621 
3095 1345 1346 1610 
3096 1408 1194 1557 
3097 1507 1216 1572 
3098 1145 1147 1544 
3099 1259 1199 1508 
3100 1354 1369 1584 
3101 1302 1542 1580 
3102 1386 1387 1589 
3103 1297 1438 1531 
3104 1539 1365 1563 
3105 984 1522 1593 
3106 989 1426 1566 
3107 1363 1099 1621 
3108 1044 1092 1515 
3109 161 999 1570 
3110 1182 1527 1567 
3111 1256 1255 1550 
3112 1348 1485 1544 
3113 1537 967 1605 
3114 211 212 1564 
3115 1012 1011 1517 
3116 1399 988 1597 
3117 1288 1524 1629 
3118 1200 1471 1596 
3119 1427 84 1570 
3120 954 201 1542 
3121 1427 999 1583 
3122 1036 1091 1509 
3123 160 1381 1556 
3124 1009 1007 1488 
3125 1008 1010 1535 
3126 1307 1440 1564 
3127 1103 1042 1515 
3128 1091 1511 1639 
3129 1417 951 1613 
3130 1040 1103 1511 
3131 1238 1365 1587 
3132 1516 989 1566 
3133 1011 1014 1517 
3134 1333 1517 1569 
3135 1091 1038 1511 
3136 240 241 1606 
3137 1241 1163 1618 
3138 1383 1503 1523 
3139 202 203 1580 
3140 1171 1173 1562 
3141 946 1439 1539 
3142 1457 1516 1566 
3143 1552 974 1589 
3144 1073 1504 1536 
3145 1407 1459 1577 
3146 1296 1297 1602 
3147 1414 1502 1609 
3148 993 1400 1620 
3149 1408 1557 1607 
3150 1238 1587 1616 
3151 215 959 1560 
3152 1198 1445 1644 
3153 111 112 1633 
3154 1524 954 1629 
3155 1487 1311 1499 
3156 196 197 1590 
3157 952 195 1554 
3158 1527 1362 1567 
3159 242 981 1594 
3160 1026 1034 1551 
3161 1540 976 1606 
3162 231 232 1605 
3163 1453 1473 1573 
3164 1090 1479 1538 
3165 1515 1438 1631 
3166 1152 1458 1610 
3167 1210 1004 1637 
3168 1108 1008 1535 
3169 1001 1465 1600 
3170 1466 1000 1601 
3171 225 226 1612 
3172 1523 1132 1576 
3173 134 1002 1592 
3174 1344 1494 1640 
3175 1489 1073 1536 
3176 1425 984 1593 
3177 1243 1182 1567 
3178 1409 1408 1607 
3179 1327 1457 1566 
3180 1551 1443 1641 
3181 1204 1482 1568 
3182 1078 1077 1608 
3183 1441 1500 1630 
3184 1448 952 1611 
3185 1244 1230 1578 
3186 1431 946 1563 
3187 1217 1180 1582 
3188 948 1407 1577 
3189 1561 1357 1626 
3190 1482 1097 1568 
3191 1590 953 1614 
3192 1539 1275 1587 
3193 1532 966 1602 
3194 1502 1101 1609 
3195 1013 1488 1635 
3196 1107 1501 1588 
3197 1615 1391 1625 
3198 1455 1210 1637 
3199 954 1462 1629 
3200 1343 1344 1640 
3201 1090 1538 1579 
3202 1412 968 1625 
3203 233 972 1634 
3204 1355 1417 1613 
3205 1459 1299 1577 
3206 946 1539 1563 
3207 965 1513 1632 
3208 1479 1138 1558 
3209 1574 1323 1595 
3210 1097 1406 1568 
3211 1258 1453 1573 
3212 1436 956 1574 
3213 1538 1375 1579 
3214 1558 1138 1565 
3215 1483 1358 1561 
3216 1475 1196 1565 
3217 1230 1446 1578 
3218 1211 1480 1603 
3219 1014 1031 1569 
3220 1465 139 1600 
3221 79 1466 1601 
3222 952 1533 1611 
3223 1416 1248 1581 
3224 1493 1492 1553 
3225 1517 1014 1569 
3226 1390 1575 1613 
3227 1534 1152 1610 
3228 1458 1345 1610 
3229 971 1494 1550 
3230 1221 1477 1585 
3231 1383 1523 1576 
3232 1138 1475 1565 
3233 1291 1331 1636 
3234 1431 1563 1604 
3235 1359 1238 1616 
3236 968 1615 1625 
3237 1424 1431 1604 
3238 958 213 1619 
3239 1494 971 1640 
3240 1492 1489 1553 
3241 1481 1090 1579 
3242 1248 1260 1581 
3243 968 1424 1615 
3244 1422 950 1627 
3245 1506 1107 1588 
3246 1538 1479 1558 
3247 1451 1247 1599 
3248 1163 1211 1618 
3249 951 1390 1613 
3250 1476 1436 1595 
3251 1580 955 1628 
3252 1436 1574 1595 
3253 1030 1028 1641 
3254 1489 1536 1553 
3255 1461 1448 1611 
3256 971 1550 1617 
3257 1101 1493 1609 
3258 1519 1139 1591 
3259 1574 956 1630 
3260 1533 1271 1611 
3261 1004 1006 1637 
3262 1424 1604 1615 
3263 956 1441 1630 
3264 1480 1158 1603 
3265 1603 1158 1623 
3266 1250 1251 1622 
3267 1541 1211 1603 
3268 1346 1534 1610 
3269 1513 1361 1632 
3270 1303 1476 1595 
3271 1158 1481 1623 
3272 1380 1537 1605 
3273 1377 1538 1558 
3274 1387 1552 1589 
3275 1297 1532 1602 
3276 950 1572 1627 
3277 1287 1519 1591 
3278 1324 1574 1630 
3279 1350 1416 1635 
3280 1481 1579 1623 
3281 1403 1540 1606 
3282 1283 1590 1614 
3283 1488 1350 1635 
3284 1103 1515 1631 
3285 1549 963 1638 
3286 1550 1255 1617 
3287 1335 1561 1626 
3288 1302 1580 1628 
$EndElements
