$MeshFormat
4.1 0 8
$EndMeshFormat
$Entities
11 12 2 0
1 0 0 0 0 
2 -0.5 0 0 0 
3 0 0.5 0 0 
4 -5 2.5 0 0 
5 -5 0 0 0 
6 15 0 0 0 
7 15 2.5 0 0 
8 -5 -2.5 0 0 
12 15 -2.5 0 0 
15 0.5 0 0 0 
16 0 -0.5 0 0 
7 15 0 0 15 2.5 0 1 11 2 6 -7 
8 -5 2.5 0 15 2.5 0 1 12 2 7 -4 
9 -5 0 0 -5 2.5 0 1 10 2 4 -5 
10 -0.5 2.775557561562891e-17 0 0 0.5 0 1 13 2 3 -2 
11 -5 -2.5 0 -5 0 0 1 10 2 8 -5 
12 -5 -2.5 0 15 -2.5 0 1 12 2 12 -8 
13 15 -2.5 0 15 0 0 1 11 2 6 -12 
14 0 2.775557561562891e-17 0 0.5 0.5 0 1 13 2 3 -15 
15 0 -0.5 0 0.5 -2.775557561562891e-17 0 1 13 2 16 -15 
16 -0.5 -0.5 0 0 -2.775557561562891e-17 0 1 13 2 16 -2 
17 -5 0 0 -0.5 0 0 0 2 5 -2 
18 0.5 0 0 15 0 0 0 2 15 -6 
1 -5 0 0 15 2.5 0 1 1 7 8 9 17 -10 14 18 7 
19 -5 -2.5 0 15 0 0 1 1 7 12 11 17 -16 15 18 13 
$EndEntities
$Nodes
24 7216 1 7216
0 2 0 1
1
-0.5 0 0
0 3 0 1
2
0 0.5 0
0 4 0 1
3
-5 2.5 0
0 5 0 1
4
-5 0 0
0 6 0 1
5
15 0 0
0 7 0 1
6
15 2.5 0
0 8 0 1
7
-5 -2.5 0
0 12 0 1
8
15 -2.5 0
0 15 0 1
9
0.5 0 0
0 16 0 1
10
0 -0.5 0
1 7 0 13
11
12
13
14
15
16
17
18
19
20
21
22
23
15 0.178571428571276 0
15 0.3571428571424811 0
15 0.5357142857133889 0
15 0.7142857142842968 0
15 0.8928571428552039 0
15 1.071428571426402 0
15 1.249999999998103 0
15 1.428571428569804 0
15 1.607142857141503 0
15 1.785714285713203 0
15 1.964285714284902 0
15 2.142857142856601 0
15 2.321428571428301 0
1 8 0 111
24
25
26
27
28
29
30
31
32
33
34
35
36
37
38
39
40
41
42
43
44
45
46
47
48
49
50
51
52
53
54
55
56
57
58
59
60
61
62
63
64
65
66
67
68
69
70
71
72
73
74
75
76
77
78
79
80
81
82
83
84
85
86
87
88
89
90
91
92
93
94
95
96
97
98
99
100
101
102
103
104
105
106
107
108
109
110
111
112
113
114
115
116
117
118
119
120
121
122
123
124
125
126
127
128
129
130
131
132
133
134
14.82142857142853 2.5 0
14.64285714285706 2.5 0
14.46428571428558 2.5 0
14.28571428571411 2.5 0
14.10714285714264 2.5 0
13.92857142857116 2.5 0
13.74999999999969 2.5 0
13.57142857142822 2.5 0
13.39285714285675 2.5 0
13.21428571428527 2.5 0
13.0357142857138 2.5 0
12.85714285714233 2.5 0
12.67857142857086 2.5 0
12.49999999999938 2.5 0
12.32142857142791 2.5 0
12.14285714285644 2.5 0
11.96428571428497 2.5 0
11.78571428571349 2.5 0
11.60714285714202 2.5 0
11.42857142857055 2.5 0
11.24999999999908 2.5 0
11.0714285714276 2.5 0
10.89285714285613 2.5 0
10.71428571428466 2.5 0
10.53571428571319 2.5 0
10.35714285714171 2.5 0
10.17857142857024 2.5 0
9.999999999998767 2.5 0
9.821428571427294 2.5 0
9.642857142855823 2.5 0
9.464285714284349 2.5 0
9.285714285712878 2.5 0
9.107142857141405 2.5 0
8.928571428569933 2.5 0
8.74999999999846 2.5 0
8.571428571426987 2.5 0
8.392857142855515 2.5 0
8.214285714284042 2.5 0
8.035714285712768 2.5 0
7.857142857141939 2.5 0
7.678571428571262 2.5 0
7.500000000000582 2.5 0
7.321428571429902 2.5 0
7.142857142859223 2.5 0
6.964285714288396 2.5 0
6.785714285717122 2.5 0
6.607142857145648 2.5 0
6.428571428574177 2.5 0
6.250000000002704 2.5 0
6.07142857143123 2.5 0
5.892857142859757 2.5 0
5.714285714288286 2.5 0
5.535714285716812 2.5 0
5.357142857145341 2.5 0
5.178571428573868 2.5 0
5.000000000002396 2.5 0
4.821428571430923 2.5 0
4.642857142859448 2.5 0
4.464285714287978 2.5 0
4.285714285716505 2.5 0
4.107142857145032 2.5 0
3.928571428573559 2.5 0
3.750000000002087 2.5 0
3.571428571430616 2.5 0
3.392857142859144 2.5 0
3.214285714287673 2.5 0
3.035714285716203 2.5 0
2.85714285714473 2.5 0
2.678571428573257 2.5 0
2.500000000001787 2.5 0
2.321428571430316 2.5 0
2.142857142858844 2.5 0
1.964285714287374 2.5 0
1.785714285715903 2.5 0
1.607142857144432 2.5 0
1.428571428572962 2.5 0
1.250000000001489 2.5 0
1.071428571430017 2.5 0
0.8928571428585474 2.5 0
0.714285714287076 2.5 0
0.5357142857156045 2.5 0
0.3571428571441349 2.5 0
0.1785714285726634 2.5 0
1.191935439237568e-12 2.5 0
-0.1785714285702795 2.5 0
-0.3571428571417492 2.5 0
-0.5357142857132207 2.5 0
-0.7142857142846957 2.5 0
-0.8928571428561654 2.5 0
-1.071428571427635 2.5 0
-1.249999999999108 2.5 0
-1.428571428570578 2.5 0
-1.607142857142048 2.5 0
-1.785714285713521 2.5 0
-1.964285714284991 2.5 0
-2.14285714285646 2.5 0
-2.321428571427933 2.5 0
-2.499999999999403 2.5 0
-2.678571428570876 2.5 0
-2.857142857142346 2.5 0
-3.035714285713816 2.5 0
-3.214285714285289 2.5 0
-3.392857142856759 2.5 0
-3.571428571428228 2.5 0
-3.749999999999702 2.5 0
-3.928571428571171 2.5 0
-4.107142857142641 2.5 0
-4.285714285714118 2.5 0
-4.464285714285587 2.5 0
-4.642857142857061 2.5 0
-4.82142857142853 2.5 0
1 9 0 13
135
136
137
138
139
140
141
142
143
144
145
146
147
-5 2.321428571428571 0
-5 2.142857142857141 0
-5 1.964285714285712 0
-5 1.785714285714283 0
-5 1.607142857142854 0
-5 1.428571428571425 0
-5 1.249999999999996 0
-5 1.071428571428567 0
-5 0.8928571428571388 0
-5 0.7142857142857113 0
-5 0.5357142857142836 0
-5 0.3571428571428554 0
-5 0.1785714285714275 0
1 10 0 15
148
149
150
151
152
153
154
155
156
157
158
159
160
161
162
-0.04900857027458871 0.4975923633252833 0
-0.09754516125823032 0.4903926401518541 0
-0.1451423390080473 0.4784701677505851 0
-0.1913417167027804 0.4619397660401548 0
-0.2356983690211539 0.4409606318491119 0
-0.2777851172227451 0.4157348056748987 0
-0.3171966428725696 0.3865052260324193 0
-0.3535533914210651 0.3535533897654825 0
-0.3865052273179607 0.3171966413061329 0
-0.415734806626289 0.2777851157988888 0
-0.4409606325237043 0.2356983677590802 0
-0.4619397664874778 0.191341715622847 0
-0.4784701679982608 0.1451423381915702 0
-0.4903926402610116 0.09754516070945851 0
-0.497592363350598 0.04900857001756381 0
1 11 0 13
163
164
165
166
167
168
169
170
171
172
173
174
175
-5 -2.321428571428571 0
-5 -2.142857142857141 0
-5 -1.964285714285712 0
-5 -1.785714285714283 0
-5 -1.607142857142854 0
-5 -1.428571428571425 0
-5 -1.249999999999996 0
-5 -1.071428571428567 0
-5 -0.8928571428571388 0
-5 -0.7142857142857113 0
-5 -0.5357142857142836 0
-5 -0.3571428571428554 0
-5 -0.1785714285714275 0
1 12 0 111
176
177
178
179
180
181
182
183
184
185
186
187
188
189
190
191
192
193
194
195
196
197
198
199
200
201
202
203
204
205
206
207
208
209
210
211
212
213
214
215
216
217
218
219
220
221
222
223
224
225
226
227
228
229
230
231
232
233
234
235
236
237
238
239
240
241
242
243
244
245
246
247
248
249
250
251
252
253
254
255
256
257
258
259
260
261
262
263
264
265
266
267
268
269
270
271
272
273
274
275
276
277
278
279
280
281
282
283
284
285
286
14.82142857142853 -2.5 0
14.64285714285706 -2.5 0
14.46428571428558 -2.5 0
14.28571428571411 -2.5 0
14.10714285714264 -2.5 0
13.92857142857116 -2.5 0
13.74999999999969 -2.5 0
13.57142857142822 -2.5 0
13.39285714285675 -2.5 0
13.21428571428527 -2.5 0
13.0357142857138 -2.5 0
12.85714285714233 -2.5 0
12.67857142857086 -2.5 0
12.49999999999938 -2.5 0
12.32142857142791 -2.5 0
12.14285714285644 -2.5 0
11.96428571428497 -2.5 0
11.78571428571349 -2.5 0
11.60714285714202 -2.5 0
11.42857142857055 -2.5 0
11.24999999999908 -2.5 0
11.0714285714276 -2.5 0
10.89285714285613 -2.5 0
10.71428571428466 -2.5 0
10.53571428571319 -2.5 0
10.35714285714171 -2.5 0
10.17857142857024 -2.5 0
9.999999999998767 -2.5 0
9.821428571427294 -2.5 0
9.642857142855823 -2.5 0
9.464285714284349 -2.5 0
9.285714285712878 -2.5 0
9.107142857141405 -2.5 0
8.928571428569933 -2.5 0
8.74999999999846 -2.5 0
8.571428571426987 -2.5 0
8.392857142855515 -2.5 0
8.214285714284042 -2.5 0
8.035714285712768 -2.5 0
7.857142857141939 -2.5 0
7.678571428571262 -2.5 0
7.500000000000582 -2.5 0
7.321428571429902 -2.5 0
7.142857142859223 -2.5 0
6.964285714288396 -2.5 0
6.785714285717122 -2.5 0
6.607142857145648 -2.5 0
6.428571428574177 -2.5 0
6.250000000002704 -2.5 0
6.07142857143123 -2.5 0
5.892857142859757 -2.5 0
5.714285714288286 -2.5 0
5.535714285716812 -2.5 0
5.357142857145341 -2.5 0
5.178571428573868 -2.5 0
5.000000000002396 -2.5 0
4.821428571430923 -2.5 0
4.642857142859448 -2.5 0
4.464285714287978 -2.5 0
4.285714285716505 -2.5 0
4.107142857145032 -2.5 0
3.928571428573559 -2.5 0
3.750000000002087 -2.5 0
3.571428571430616 -2.5 0
3.392857142859144 -2.5 0
3.214285714287673 -2.5 0
3.035714285716203 -2.5 0
2.85714285714473 -2.5 0
2.678571428573257 -2.5 0
2.500000000001787 -2.5 0
2.321428571430316 -2.5 0
2.142857142858844 -2.5 0
1.964285714287374 -2.5 0
1.785714285715903 -2.5 0
1.607142857144432 -2.5 0
1.428571428572962 -2.5 0
1.250000000001489 -2.5 0
1.071428571430017 -2.5 0
0.8928571428585474 -2.5 0
0.714285714287076 -2.5 0
0.5357142857156045 -2.5 0
0.3571428571441349 -2.5 0
0.1785714285726634 -2.5 0
1.191935439237568e-12 -2.5 0
-0.1785714285702795 -2.5 0
-0.3571428571417492 -2.5 0
-0.5357142857132207 -2.5 0
-0.7142857142846957 -2.5 0
-0.8928571428561654 -2.5 0
-1.071428571427635 -2.5 0
-1.249999999999108 -2.5 0
-1.428571428570578 -2.5 0
-1.607142857142048 -2.5 0
-1.785714285713521 -2.5 0
-1.964285714284991 -2.5 0
-2.14285714285646 -2.5 0
-2.321428571427933 -2.5 0
-2.499999999999403 -2.5 0
-2.678571428570876 -2.5 0
-2.857142857142346 -2.5 0
-3.035714285713816 -2.5 0
-3.214285714285289 -2.5 0
-3.392857142856759 -2.5 0
-3.571428571428228 -2.5 0
-3.749999999999702 -2.5 0
-3.928571428571171 -2.5 0
-4.107142857142641 -2.5 0
-4.285714285714118 -2.5 0
-4.464285714285587 -2.5 0
-4.642857142857061 -2.5 0
-4.82142857142853 -2.5 0
1 13 0 13
287
288
289
290
291
292
293
294
295
296
297
298
299
15 -0.178571428571276 0
15 -0.3571428571424811 0
15 -0.5357142857133889 0
15 -0.7142857142842968 0
15 -0.8928571428552039 0
15 -1.071428571426402 0
15 -1.249999999998103 0
15 -1.428571428569804 0
15 -1.607142857141503 0
15 -1.785714285713203 0
15 -1.964285714284902 0
15 -2.142857142856601 0
15 -2.321428571428301 0
1 14 0 15
300
301
302
303
304
305
306
307
308
309
310
311
312
313
314
0.04900857027458871 0.4975923633252833 0
0.09754516125823032 0.4903926401518541 0
0.1451423390080473 0.4784701677505851 0
0.1913417167027804 0.4619397660401548 0
0.2356983690211539 0.4409606318491119 0
0.2777851172227451 0.4157348056748987 0
0.3171966428725696 0.3865052260324193 0
0.3535533914210651 0.3535533897654825 0
0.3865052273179607 0.3171966413061329 0
0.415734806626289 0.2777851157988888 0
0.4409606325237043 0.2356983677590802 0
0.4619397664874778 0.191341715622847 0
0.4784701679982608 0.1451423381915702 0
0.4903926402610116 0.09754516070945851 0
0.497592363350598 0.04900857001756381 0
1 15 0 15
315
316
317
318
319
320
321
322
323
324
325
326
327
328
329
0.04900857027458871 -0.4975923633252833 0
0.09754516125823032 -0.4903926401518541 0
0.1451423390080473 -0.4784701677505851 0
0.1913417167027804 -0.4619397660401548 0
0.2356983690211539 -0.4409606318491119 0
0.2777851172227451 -0.4157348056748987 0
0.3171966428725696 -0.3865052260324193 0
0.3535533914210651 -0.3535533897654825 0
0.3865052273179607 -0.3171966413061329 0
0.415734806626289 -0.2777851157988888 0
0.4409606325237043 -0.2356983677590802 0
0.4619397664874778 -0.191341715622847 0
0.4784701679982608 -0.1451423381915702 0
0.4903926402610116 -0.09754516070945851 0
0.497592363350598 -0.04900857001756381 0
1 16 0 15
330
331
332
333
334
335
336
337
338
339
340
341
342
343
344
-0.04900857027458871 -0.4975923633252833 0
-0.09754516125823032 -0.4903926401518541 0
-0.1451423390080473 -0.4784701677505851 0
-0.1913417167027804 -0.4619397660401548 0
-0.2356983690211539 -0.4409606318491119 0
-0.2777851172227451 -0.4157348056748987 0
-0.3171966428725696 -0.3865052260324193 0
-0.3535533914210651 -0.3535533897654825 0
-0.3865052273179607 -0.3171966413061329 0
-0.415734806626289 -0.2777851157988888 0
-0.4409606325237043 -0.2356983677590802 0
-0.4619397664874778 -0.191341715622847 0
-0.4784701679982608 -0.1451423381915702 0
-0.4903926402610116 -0.09754516070945851 0
-0.497592363350598 -0.04900857001756381 0
1 17 0 44
345
346
347
348
349
350
351
352
353
354
355
356
357
358
359
360
361
362
363
364
365
366
367
368
369
370
371
372
373
374
375
376
377
378
379
380
381
382
383
384
385
386
387
388
-4.825140454564233 0 0
-4.655188132576606 0 0
-4.490005337674789 0 0
-4.329458215351934 0 0
-4.17341666314077 0 0
-4.021754242513768 0 0
-3.87434805660334 0 0
-3.731078631264975 0 0
-3.591829953140405 0 0
-3.456489094232255 0 0
-3.324946462387375 0 0
-3.197095382540291 0 0
-3.072832335206045 0 0
-2.952056572343566 0 0
-2.834670251188914 0 0
-2.720578263889456 0 0
-2.609688130099392 0 0
-2.501909990224013 0 0
-2.39715652967036 0 0
-2.295342844469929 0 0
-2.196386456174304 0 0
-2.100207168153665 0 0
-2.006727046901215 0 0
-1.915870348774958 0 0
-1.82756343122789 0 0
-1.741734754783946 0 0
-1.658314759788758 0 0
-1.577235844818595 0 0
-1.498432338908442 0 0
-1.421840348782469 0 0
-1.347397838546081 0 0
-1.275044458985864 0 0
-1.204721606145364 0 0
-1.136372295021993 0 0
-1.069941120763404 0 0
-1.005374246817579 0 0
-0.9426193974471397 0 0
-0.8816256824800464 0 0
-0.8223436834915274 0 0
-0.7647253644518859 0 0
-0.7087240410483462 0 0
-0.6542943414294067 0 0
-0.601392156475546 0 0
-0.5499745813442276 0 0
1 18 0 142
389
390
391
392
393
394
395
396
397
398
399
400
401
402
403
404
405
406
407
408
409
410
411
412
413
414
415
416
417
418
419
420
421
422
423
424
425
426
427
428
429
430
431
432
433
434
435
436
437
438
439
440
441
442
443
444
445
446
447
448
449
450
451
452
453
454
455
456
457
458
459
460
461
462
463
464
465
466
467
468
469
470
471
472
473
474
475
476
477
478
479
480
481
482
483
484
485
486
487
488
489
490
491
492
493
494
495
496
497
498
499
500
501
502
503
504
505
506
507
508
509
510
511
512
513
514
515
516
517
518
519
520
521
522
523
524
525
526
527
528
529
530
0.5501801562944025 0 0
0.6008118008031458 0 0
0.6518990389376461 0 0
0.7034459317974404 0 0
0.7554566511472743 0 0
0.8079353334039825 0 0
0.8608862293467268 0 0
0.9143135564386267 0 0
0.968221611672753 0 0
1.022614738922653 0 0
1.077497272882258 0 0
1.132873620124299 0 0
1.188748249253349 0 0
1.245125614755282 0 0
1.302010268448878 0 0
1.35940674650421 0 0
1.417319685233301 0 0
1.475753702684577 0 0
1.534713491908554 0 0
1.594203803804207 0 0
1.654229388214519 0 0
1.714795080520006 0 0
1.775905726775583 0 0
1.837566237286621 0 0
1.899781556834461 0 0
1.962556679716302 0 0
2.025896634795712 0 0
2.08980652292522 0 0
2.154291452136737 0 0
2.219356608290255 0 0
2.285007201995765 0 0
2.351248520328606 0 0
2.418085862368591 0 0
2.485524594424232 0 0
2.55357012535837 0 0
2.622227907531386 0 0
2.691503478855528 0 0
2.761402370575152 0 0
2.83193019524718 0 0
2.903092628917337 0 0
2.974895363242366 0 0
3.04734416273757 0 0
3.120444837834699 0 0
3.19420327247251 0 0
3.268625367869131 0 0
3.343717095008629 0 0
3.419484486470468 0 0
3.49593365649521 0 0
3.573070647584555 0 0
3.650901717141207 0 0
3.729433121623458 0 0
3.808671107337451 0 0
3.888622078023387 0 0
3.969292387393102 0 0
4.050688589779545 0 0
4.132817221308788 0 0
4.215684781347999 0 0
4.299297991347759 0 0
4.383663504104867 0 0
4.468788154304622 0 0
4.554678732379598 0 0
4.641342139627297 0 0
4.728785309649076 0 0
4.817015282572387 0 0
4.906039168938318 0 0
4.995864022090836 0 0
5.086497156741713 0 0
5.177945757666206 0 0
5.270217190926192 0 0
5.363318915607744 0 0
5.457258314444879 0 0
5.552042960146102 0 0
5.647680469339099 0 0
5.744178501939881 0 0
5.841544808835931 0 0
5.939787206518541 0 0
6.038913565845443 0 0
6.138931839119831 0 0
6.239850064366041 0 0
6.341676345383646 0 0
6.444418831712101 0 0
6.54808574770994 0 0
6.652685469029336 0 0
6.758226379626755 0 0
6.864716894678141 0 0
6.97216561878142 0 0
7.08058112016854 0 0
7.1899721463865 0 0
7.300347417168638 0 0
7.411715859239006 0 0
7.52408638150775 0 0
7.637467978691904 0 0
7.751869738111077 0 0
7.86730090501811 0 0
7.983770667197283 0 0
8.101288440690304 0 0
8.219863595719705 0 0
8.339505645183554 0 0
8.460224252202703 0 0
8.582029032375811 0 0
8.704929825753247 0 0
8.828936436121587 0 0
8.954058829458479 0 0
9.080307064120891 0 0
9.207691251666828 0 0
9.336221606277523 0 0
9.465908478102559 0 0
9.596762235139174 0 0
9.728793372959771 0 0
9.86201253528785 0 0
9.996430362734454 0 0
10.13205766542177 0 0
10.2689053050422 0 0
10.40698428460014 0 0
10.54630567860668 0 0
10.68688065851349 0 0
10.82872050871111 0 0
10.9718365971766 0 0
11.11624042196731 0 0
11.26194356412175 0 0
11.40895772471732 0 0
11.55729467492125 0 0
11.70696636980987 0 0
11.85798474843946 0 0
12.0103620565489 0 0
12.16411028394993 0 0
12.31924201322219 0 0
12.47576949521016 0 0
12.63370550633961 0 0
12.79306252528243 0 0
12.95385332622073 0 0
13.11609102810837 0 0
13.27978843954028 0 0
13.44495884250323 0 0
13.61161535907019 0 0
13.77977145338088 0 0
13.94944055610495 0 0
14.12063634159598 0 0
14.29337249437868 0 0
14.46766289573345 0 0
14.64352152385913 0 0
14.82096251458273 0 0
2 1 0 3343
531
532
533
534
535
536
537
538
539
540
541
542
543
544
545
546
547
548
549
550
551
552
553
554
555
556
557
558
559
560
561
562
563
564
565
566
567
568
569
570
571
572
573
574
575
576
577
578
579
580
581
582
583
584
585
586
587
588
589
590
591
592
593
594
595
596
597
598
599
600
601
602
603
604
605
606
607
608
609
610
611
612
613
614
615
616
617
618
619
620
621
622
623
624
625
626
627
628
629
630
631
632
633
634
635
636
637
638
639
640
641
642
643
644
645
646
647
648
649
650
651
652
653
654
655
656
657
658
659
660
661
662
663
664
665
666
667
668
669
670
671
672
673
674
675
676
677
678
679
680
681
682
683
684
685
686
687
688
689
690
691
692
693
694
695
696
697
698
699
700
701
702
703
704
705
706
707
708
709
710
711
712
713
714
715
716
717
718
719
720
721
722
723
724
725
726
727
728
729
730
731
732
733
734
735
736
737
738
739
740
741
742
743
744
745
746
747
748
749
750
751
752
753
754
755
756
757
758
759
760
761
762
763
764
765
766
767
768
769
770
771
772
773
774
775
776
777
778
779
780
781
782
783
784
785
786
787
788
789
790
791
792
793
794
795
796
797
798
799
800
801
802
803
804
805
806
807
808
809
810
811
812
813
814
815
816
817
818
819
820
821
822
823
824
825
826
827
828
829
830
831
832
833
834
835
836
837
838
839
840
841
842
843
844
845
846
847
848
849
850
851
852
853
854
855
856
857
858
859
860
861
862
863
864
865
866
867
868
869
870
871
872
873
874
875
876
877
878
879
880
881
882
883
884
885
886
887
888
889
890
891
892
893
894
895
896
897
898
899
900
901
902
903
904
905
906
907
908
909
910
911
912
913
914
915
916
917
918
919
920
921
922
923
924
925
926
927
928
929
930
931
932
933
934
935
936
937
938
939
940
941
942
943
944
945
946
947
948
949
950
951
952
953
954
955
956
957
958
959
960
961
962
963
964
965
966
967
968
969
970
971
972
973
974
975
976
977
978
979
980
981
982
983
984
985
986
987
988
989
990
991
992
993
994
995
996
997
998
999
1000
1001
1002
1003
1004
1005
1006
1007
1008
1009
1010
1011
1012
1013
1014
1015
1016
1017
1018
1019
1020
1021
1022
1023
1024
1025
1026
1027
1028
1029
1030
1031
1032
1033
1034
1035
1036
1037
1038
1039
1040
1041
1042
1043
1044
1045
1046
1047
1048
1049
1050
1051
1052
1053
1054
1055
1056
1057
1058
1059
1060
1061
1062
1063
1064
1065
1066
1067
1068
1069
1070
1071
1072
1073
1074
1075
1076
1077
1078
1079
1080
1081
1082
1083
1084
1085
1086
1087
1088
1089
1090
1091
1092
1093
1094
1095
1096
1097
1098
1099
1100
1101
1102
1103
1104
1105
1106
1107
1108
1109
1110
1111
1112
1113
1114
1115
1116
1117
1118
1119
1120
1121
1122
1123
1124
1125
1126
1127
1128
1129
1130
1131
1132
1133
1134
1135
1136
1137
1138
1139
1140
1141
1142
1143
1144
1145
1146
1147
1148
1149
1150
1151
1152
1153
1154
1155
1156
1157
1158
1159
1160
1161
1162
1163
1164
1165
1166
1167
1168
1169
1170
1171
1172
1173
1174
1175
1176
1177
1178
1179
1180
1181
1182
1183
1184
1185
1186
1187
1188
1189
1190
1191
1192
1193
1194
1195
1196
1197
1198
1199
1200
1201
1202
1203
1204
1205
1206
1207
1208
1209
1210
1211
1212
1213
1214
1215
1216
1217
1218
1219
1220
1221
1222
1223
1224
1225
1226
1227
1228
1229
1230
1231
1232
1233
1234
1235
1236
1237
1238
1239
1240
1241
1242
1243
1244
1245
1246
1247
1248
1249
1250
1251
1252
1253
1254
1255
1256
1257
1258
1259
1260
1261
1262
1263
1264
1265
1266
1267
1268
1269
1270
1271
1272
1273
1274
1275
1276
1277
1278
1279
1280
1281
1282
1283
1284
1285
1286
1287
1288
1289
1290
1291
1292
1293
1294
1295
1296
1297
1298
1299
1300
1301
1302
1303
1304
1305
1306
1307
1308
1309
1310
1311
1312
1313
1314
1315
1316
1317
1318
1319
1320
1321
1322
1323
1324
1325
1326
1327
1328
1329
1330
1331
1332
1333
1334
1335
1336
1337
1338
1339
1340
1341
1342
1343
1344
1345
1346
1347
1348
1349
1350
1351
1352
1353
1354
1355
1356
1357
1358
1359
1360
1361
1362
1363
1364
1365
1366
1367
1368
1369
1370
1371
1372
1373
1374
1375
1376
1377
1378
1379
1380
1381
1382
1383
1384
1385
1386
1387
1388
1389
1390
1391
1392
1393
1394
1395
1396
1397
1398
1399
1400
1401
1402
1403
1404
1405
1406
1407
1408
1409
1410
1411
1412
1413
1414
1415
1416
1417
1418
1419
1420
1421
1422
1423
1424
1425
1426
1427
1428
1429
1430
1431
1432
1433
1434
1435
1436
1437
1438
1439
1440
1441
1442
1443
1444
1445
1446
1447
1448
1449
1450
1451
1452
1453
1454
1455
1456
1457
1458
1459
1460
1461
1462
1463
1464
1465
1466
1467
1468
1469
1470
1471
1472
1473
1474
1475
1476
1477
1478
1479
1480
1481
1482
1483
1484
1485
1486
1487
1488
1489
1490
1491
1492
1493
1494
1495
1496
1497
1498
1499
1500
1501
1502
1503
1504
1505
1506
1507
1508
1509
1510
1511
1512
1513
1514
1515
1516
1517
1518
1519
1520
1521
1522
1523
1524
1525
1526
1527
1528
1529
1530
1531
1532
1533
1534
1535
1536
1537
1538
1539
1540
1541
1542
1543
1544
1545
1546
1547
1548
1549
1550
1551
1552
1553
1554
1555
1556
1557
1558
1559
1560
1561
1562
1563
1564
1565
1566
1567
1568
1569
1570
1571
1572
1573
1574
1575
1576
1577
1578
1579
1580
1581
1582
1583
1584
1585
1586
1587
1588
1589
1590
1591
1592
1593
1594
1595
1596
1597
1598
1599
1600
1601
1602
1603
1604
1605
1606
1607
1608
1609
1610
1611
1612
1613
1614
1615
1616
1617
1618
1619
1620
1621
1622
1623
1624
1625
1626
1627
1628
1629
1630
1631
1632
1633
1634
1635
1636
1637
1638
1639
1640
1641
1642
1643
1644
1645
1646
1647
1648
1649
1650
1651
1652
1653
1654
1655
1656
1657
1658
1659
1660
1661
1662
1663
1664
1665
1666
1667
1668
1669
1670
1671
1672
1673
1674
1675
1676
1677
1678
1679
1680
1681
1682
1683
1684
1685
1686
1687
1688
1689
1690
1691
1692
1693
1694
1695
1696
1697
1698
1699
1700
1701
1702
1703
1704
1705
1706
1707
1708
1709
1710
1711
1712
1713
1714
1715
1716
1717
1718
1719
1720
1721
1722
1723
1724
1725
1726
1727
1728
1729
1730
1731
1732
1733
1734
1735
1736
1737
1738
1739
1740
1741
1742
1743
1744
1745
1746
1747
1748
1749
1750
1751
1752
1753
1754
1755
1756
1757
1758
1759
1760
1761
1762
1763
1764
1765
1766
1767
1768
1769
1770
1771
1772
1773
1774
1775
1776
1777
1778
1779
1780
1781
1782
1783
1784
1785
1786
1787
1788
1789
1790
1791
1792
1793
1794
1795
1796
1797
1798
1799
1800
1801
1802
1803
1804
1805
1806
1807
1808
1809
1810
1811
1812
1813
1814
1815
1816
1817
1818
1819
1820
1821
1822
1823
1824
1825
1826
1827
1828
1829
1830
1831
1832
1833
1834
1835
1836
1837
1838
1839
1840
1841
1842
1843
1844
1845
1846
1847
1848
1849
1850
1851
1852
1853
1854
1855
1856
1857
1858
1859
1860
1861
1862
1863
1864
1865
1866
1867
1868
1869
1870
1871
1872
1873
1874
1875
1876
1877
1878
1879
1880
1881
1882
1883
1884
1885
1886
1887
1888
1889
1890
1891
1892
1893
1894
1895
1896
1897
1898
1899
1900
1901
1902
1903
1904
1905
1906
1907
1908
1909
1910
1911
1912
1913
1914
1915
1916
1917
1918
1919
1920
1921
1922
1923
1924
1925
1926
1927
1928
1929
1930
1931
1932
1933
1934
1935
1936
1937
1938
1939
1940
1941
1942
1943
1944
1945
1946
1947
1948
1949
1950
1951
1952
1953
1954
1955
1956
1957
1958
1959
1960
1961
1962
1963
1964
1965
1966
1967
1968
1969
1970
1971
1972
1973
1974
1975
1976
1977
1978
1979
1980
1981
1982
1983
1984
1985
1986
1987
1988
1989
1990
1991
1992
1993
1994
1995
1996
1997
1998
1999
2000
2001
2002
2003
2004
2005
2006
2007
2008
2009
2010
2011
2012
2013
2014
2015
2016
2017
2018
2019
2020
2021
2022
2023
2024
2025
2026
2027
2028
2029
2030
2031
2032
2033
2034
2035
2036
2037
2038
2039
2040
2041
2042
2043
2044
2045
2046
2047
2048
2049
2050
2051
2052
2053
2054
2055
2056
2057
2058
2059
2060
2061
2062
2063
2064
2065
2066
2067
2068
2069
2070
2071
2072
2073
2074
2075
2076
2077
2078
2079
2080
2081
2082
2083
2084
2085
2086
2087
2088
2089
2090
2091
2092
2093
2094
2095
2096
2097
2098
2099
2100
2101
2102
2103
2104
2105
2106
2107
2108
2109
2110
2111
2112
2113
2114
2115
2116
2117
2118
2119
2120
2121
2122
2123
2124
2125
2126
2127
2128
2129
2130
2131
2132
2133
2134
2135
2136
2137
2138
2139
2140
2141
2142
2143
2144
2145
2146
2147
2148
2149
2150
2151
2152
2153
2154
2155
2156
2157
2158
2159
2160
2161
2162
2163
2164
2165
2166
2167
2168
2169
2170
2171
2172
2173
2174
2175
2176
2177
2178
2179
2180
2181
2182
2183
2184
2185
2186
2187
2188
2189
2190
2191
2192
2193
2194
2195
2196
2197
2198
2199
2200
2201
2202
2203
2204
2205
2206
2207
2208
2209
2210
2211
2212
2213
2214
2215
2216
2217
2218
2219
2220
2221
2222
2223
2224
2225
2226
2227
2228
2229
2230
2231
2232
2233
2234
2235
2236
2237
2238
2239
2240
2241
2242
2243
2244
2245
2246
2247
2248
2249
2250
2251
2252
2253
2254
2255
2256
2257
2258
2259
2260
2261
2262
2263
2264
2265
2266
2267
2268
2269
2270
2271
2272
2273
2274
2275
2276
2277
2278
2279
2280
2281
2282
2283
2284
2285
2286
2287
2288
2289
2290
2291
2292
2293
2294
2295
2296
2297
2298
2299
2300
2301
2302
2303
2304
2305
2306
2307
2308
2309
2310
2311
2312
2313
2314
2315
2316
2317
2318
2319
2320
2321
2322
2323
2324
2325
2326
2327
2328
2329
2330
2331
2332
2333
2334
2335
2336
2337
2338
2339
2340
2341
2342
2343
2344
2345
2346
2347
2348
2349
2350
2351
2352
2353
2354
2355
2356
2357
2358
2359
2360
2361
2362
2363
2364
2365
2366
2367
2368
2369
2370
2371
2372
2373
2374
2375
2376
2377
2378
2379
2380
2381
2382
2383
2384
2385
2386
2387
2388
2389
2390
2391
2392
2393
2394
2395
2396
2397
2398
2399
2400
2401
2402
2403
2404
2405
2406
2407
2408
2409
2410
2411
2412
2413
2414
2415
2416
2417
2418
2419
2420
2421
2422
2423
2424
2425
2426
2427
2428
2429
2430
2431
2432
2433
2434
2435
2436
2437
2438
2439
2440
2441
2442
2443
2444
2445
2446
2447
2448
2449
2450
2451
2452
2453
2454
2455
2456
2457
2458
2459
2460
2461
2462
2463
2464
2465
2466
2467
2468
2469
2470
2471
2472
2473
2474
2475
2476
2477
2478
2479
2480
2481
2482
2483
2484
2485
2486
2487
2488
2489
2490
2491
2492
2493
2494
2495
2496
2497
2498
2499
2500
2501
2502
2503
2504
2505
2506
2507
2508
2509
2510
2511
2512
2513
2514
2515
2516
2517
2518
2519
2520
2521
2522
2523
2524
2525
2526
2527
2528
2529
2530
2531
2532
2533
2534
2535
2536
2537
2538
2539
2540
2541
2542
2543
2544
2545
2546
2547
2548
2549
2550
2551
2552
2553
2554
2555
2556
2557
2558
2559
2560
2561
2562
2563
2564
2565
2566
2567
2568
2569
2570
2571
2572
2573
2574
2575
2576
2577
2578
2579
2580
2581
2582
2583
2584
2585
2586
2587
2588
2589
2590
2591
2592
2593
2594
2595
2596
2597
2598
2599
2600
2601
2602
2603
2604
2605
2606
2607
2608
2609
2610
2611
2612
2613
2614
2615
2616
2617
2618
2619
2620
2621
2622
2623
2624
2625
2626
2627
2628
2629
2630
2631
2632
2633
2634
2635
2636
2637
2638
2639
2640
2641
2642
2643
2644
2645
2646
2647
2648
2649
2650
2651
2652
2653
2654
2655
2656
2657
2658
2659
2660
2661
2662
2663
2664
2665
2666
2667
2668
2669
2670
2671
2672
2673
2674
2675
2676
2677
2678
2679
2680
2681
2682
2683
2684
2685
2686
2687
2688
2689
2690
2691
2692
2693
2694
2695
2696
2697
2698
2699
2700
2701
2702
2703
2704
2705
2706
2707
2708
2709
2710
2711
2712
2713
2714
2715
2716
2717
2718
2719
2720
2721
2722
2723
2724
2725
2726
2727
2728
2729
2730
2731
2732
2733
2734
2735
2736
2737
2738
2739
2740
2741
2742
2743
2744
2745
2746
2747
2748
2749
2750
2751
2752
2753
2754
2755
2756
2757
2758
2759
2760
2761
2762
2763
2764
2765
2766
2767
2768
2769
2770
2771
2772
2773
2774
2775
2776
2777
2778
2779
2780
2781
2782
2783
2784
2785
2786
2787
2788
2789
2790
2791
2792
2793
2794
2795
2796
2797
2798
2799
2800
2801
2802
2803
2804
2805
2806
2807
2808
2809
2810
2811
2812
2813
2814
2815
2816
2817
2818
2819
2820
2821
2822
2823
2824
2825
2826
2827
2828
2829
2830
2831
2832
2833
2834
2835
2836
2837
2838
2839
2840
2841
2842
2843
2844
2845
2846
2847
2848
2849
2850
2851
2852
2853
2854
2855
2856
2857
2858
2859
2860
2861
2862
2863
2864
2865
2866
2867
2868
2869
2870
2871
2872
2873
2874
2875
2876
2877
2878
2879
2880
2881
2882
2883
2884
2885
2886
2887
2888
2889
2890
2891
2892
2893
2894
2895
2896
2897
2898
2899
2900
2901
2902
2903
2904
2905
2906
2907
2908
2909
2910
2911
2912
2913
2914
2915
2916
2917
2918
2919
2920
2921
2922
2923
2924
2925
2926
2927
2928
2929
2930
2931
2932
2933
2934
2935
2936
2937
2938
2939
2940
2941
2942
2943
2944
2945
2946
2947
2948
2949
2950
2951
2952
2953
2954
2955
2956
2957
2958
2959
2960
2961
2962
2963
2964
2965
2966
2967
2968
2969
2970
2971
2972
2973
2974
2975
2976
2977
2978
2979
2980
2981
2982
2983
2984
2985
2986
2987
2988
2989
2990
2991
2992
2993
2994
2995
2996
2997
2998
2999
3000
3001
3002
3003
3004
3005
3006
3007
3008
3009
3010
3011
3012
3013
3014
3015
3016
3017
3018
3019
3020
3021
3022
3023
3024
3025
3026
3027
3028
3029
3030
3031
3032
3033
3034
3035
3036
3037
3038
3039
3040
3041
3042
3043
3044
3045
3046
3047
3048
3049
3050
3051
3052
3053
3054
3055
3056
3057
3058
3059
3060
3061
3062
3063
3064
3065
3066
3067
3068
3069
3070
3071
3072
3073
3074
3075
3076
3077
3078
3079
3080
3081
3082
3083
3084
3085
3086
3087
3088
3089
3090
3091
3092
3093
3094
3095
3096
3097
3098
3099
3100
3101
3102
3103
3104
3105
3106
3107
3108
3109
3110
3111
3112
3113
3114
3115
3116
3117
3118
3119
3120
3121
3122
3123
3124
3125
3126
3127
3128
3129
3130
3131
3132
3133
3134
3135
3136
3137
3138
3139
3140
3141
3142
3143
3144
3145
3146
3147
3148
3149
3150
3151
3152
3153
3154
3155
3156
3157
3158
3159
3160
3161
3162
3163
3164
3165
3166
3167
3168
3169
3170
3171
3172
3173
3174
3175
3176
3177
3178
3179
3180
3181
3182
3183
3184
3185
3186
3187
3188
3189
3190
3191
3192
3193
3194
3195
3196
3197
3198
3199
3200
3201
3202
3203
3204
3205
3206
3207
3208
3209
3210
3211
3212
3213
3214
3215
3216
3217
3218
3219
3220
3221
3222
3223
3224
3225
3226
3227
3228
3229
3230
3231
3232
3233
3234
3235
3236
3237
3238
3239
3240
3241
3242
3243
3244
3245
3246
3247
3248
3249
3250
3251
3252
3253
3254
3255
3256
3257
3258
3259
3260
3261
3262
3263
3264
3265
3266
3267
3268
3269
3270
3271
3272
3273
3274
3275
3276
3277
3278
3279
3280
3281
3282
3283
3284
3285
3286
3287
3288
3289
3290
3291
3292
3293
3294
3295
3296
3297
3298
3299
3300
3301
3302
3303
3304
3305
3306
3307
3308
3309
3310
3311
3312
3313
3314
3315
3316
3317
3318
3319
3320
3321
3322
3323
3324
3325
3326
3327
3328
3329
3330
3331
3332
3333
3334
3335
3336
3337
3338
3339
3340
3341
3342
3343
3344
3345
3346
3347
3348
3349
3350
3351
3352
3353
3354
3355
3356
3357
3358
3359
3360
3361
3362
3363
3364
3365
3366
3367
3368
3369
3370
3371
3372
3373
3374
3375
3376
3377
3378
3379
3380
3381
3382
3383
3384
3385
3386
3387
3388
3389
3390
3391
3392
3393
3394
3395
3396
3397
3398
3399
3400
3401
3402
3403
3404
3405
3406
3407
3408
3409
3410
3411
3412
3413
3414
3415
3416
3417
3418
3419
3420
3421
3422
3423
3424
3425
3426
3427
3428
3429
3430
3431
3432
3433
3434
3435
3436
3437
3438
3439
3440
3441
3442
3443
3444
3445
3446
3447
3448
3449
3450
3451
3452
3453
3454
3455
3456
3457
3458
3459
3460
3461
3462
3463
3464
3465
3466
3467
3468
3469
3470
3471
3472
3473
3474
3475
3476
3477
3478
3479
3480
3481
3482
3483
3484
3485
3486
3487
3488
3489
3490
3491
3492
3493
3494
3495
3496
3497
3498
3499
3500
3501
3502
3503
3504
3505
3506
3507
3508
3509
3510
3511
3512
3513
3514
3515
3516
3517
3518
3519
3520
3521
3522
3523
3524
3525
3526
3527
3528
3529
3530
3531
3532
3533
3534
3535
3536
3537
3538
3539
3540
3541
3542
3543
3544
3545
3546
3547
3548
3549
3550
3551
3552
3553
3554
3555
3556
3557
3558
3559
3560
3561
3562
3563
3564
3565
3566
3567
3568
3569
3570
3571
3572
3573
3574
3575
3576
3577
3578
3579
3580
3581
3582
3583
3584
3585
3586
3587
3588
3589
3590
3591
3592
3593
3594
3595
3596
3597
3598
3599
3600
3601
3602
3603
3604
3605
3606
3607
3608
3609
3610
3611
3612
3613
3614
3615
3616
3617
3618
3619
3620
3621
3622
3623
3624
3625
3626
3627
3628
3629
3630
3631
3632
3633
3634
3635
3636
3637
3638
3639
3640
3641
3642
3643
3644
3645
3646
3647
3648
3649
3650
3651
3652
3653
3654
3655
3656
3657
3658
3659
3660
3661
3662
3663
3664
3665
3666
3667
3668
3669
3670
3671
3672
3673
3674
3675
3676
3677
3678
3679
3680
3681
3682
3683
3684
3685
3686
3687
3688
3689
3690
3691
3692
3693
3694
3695
3696
3697
3698
3699
3700
3701
3702
3703
3704
3705
3706
3707
3708
3709
3710
3711
3712
3713
3714
3715
3716
3717
3718
3719
3720
3721
3722
3723
3724
3725
3726
3727
3728
3729
3730
3731
3732
3733
3734
3735
3736
3737
3738
3739
3740
3741
3742
3743
3744
3745
3746
3747
3748
3749
3750
3751
3752
3753
3754
3755
3756
3757
3758
3759
3760
3761
3762
3763
3764
3765
3766
3767
3768
3769
3770
3771
3772
3773
3774
3775
3776
3777
3778
3779
3780
3781
3782
3783
3784
3785
3786
3787
3788
3789
3790
3791
3792
3793
3794
3795
3796
3797
3798
3799
3800
3801
3802
3803
3804
3805
3806
3807
3808
3809
3810
3811
3812
3813
3814
3815
3816
3817
3818
3819
3820
3821
3822
3823
3824
3825
3826
3827
3828
3829
3830
3831
3832
3833
3834
3835
3836
3837
3838
3839
3840
3841
3842
3843
3844
3845
3846
3847
3848
3849
3850
3851
3852
3853
3854
3855
3856
3857
3858
3859
3860
3861
3862
3863
3864
3865
3866
3867
3868
3869
3870
3871
3872
3873
1.224826910556315 0.04362279409405292 0
-1.170546950583679 0.0583616621375873 0
-1.540459726867137 0.06848430128685426 0
1.505792570174237 0.05466931197124462 0
1.805978388929261 0.05653631407522355 0
2.122048987530978 0.0555965867657951 0
2.460745079106767 0.06410995497117071 0
2.793079800860541 0.06281676479576261 0
3.162708246708172 0.06729095334050354 0
3.535793052038649 0.0645188243753122 0
3.932870435523116 0.07670786468190455 0
4.346864975074757 0.07302507791169463 0
0.9327046054679131 0.0412671029086553 0
4.776981102206942 0.08673745574328313 0
-1.947988237330781 0.07580425484476797 0
5.229661607697213 0.07663455435909748 0
-0.9076710705245122 0.04966275198383805 0
5.697852931410815 0.0882308007493204 0
-2.341380125336491 0.08120689517848013 0
-2.779089571190106 0.1024529079005996 0
-3.24797204924376 0.1078456823201124 0
6.184247152383588 0.07505890959476696 0
6.719416019422508 0.08843039073360637 0
7.137149415774427 0.09243391814634556 0
7.576591406431632 0.09107959191672227 0
8.03300059750118 0.09481884277960911 0
8.505288511059598 0.1114494204009283 0
9.017182946789681 0.1088466748063225 0
9.525736085526699 0.1098372734956311 0
1.161148177149246 2.3510620330153 0
1.868226411478878 2.33626481543139 0
2.581415887643899 2.354440501380094 0
-1.158472997455294 2.345106088838824 0
3.301816431315871 2.344295184350888 0
10.06383889419835 0.1041071952541896 0
4.017857142859295 2.345352606467026 0
10.62083018671454 0.1134618984158494 0
4.936835637332357 2.337228148739773 0
-2.061714014203432 2.351793215409745 0
11.19976088790154 0.1138165978638029 0
5.803499592660923 2.351719014179971 0
11.78708686222244 0.1234110816228282 0
6.513077204922748 2.316415402938381 0
-3.796880043667958 0.1184011891408317 0
7.227778589292461 2.322250021809287 0
-2.94642857142808 2.345352606467029 0
12.40185223790061 0.1303436959158698 0
0.4460032151830243 2.352423558901187 0
-0.4491602011713089 2.358559572380468 0
7.939451148926182 2.349894126811773 0
8.66071428571272 2.345352606467026 0
13.02995383286232 0.1428643024946112 0
9.71897695831024 2.315611304727828 0
13.69662117309122 0.1623915800991081 0
10.79607411442462 2.357164418461928 0
-3.643445437645922 2.347605623513005 0
12.05052121125534 2.340891201380384 0
13.30357142857102 2.345352606467027 0
14.84535260646683 1.339285714283954 0
-4.859052954767375 1.153288836408093 0
0.7234494907086648 0.04007503205695849 0
9.205368617068439 2.355572743091358 0
11.33928571428481 2.345352606467027 0
10.28795201417241 2.344914006651046 0
12.59071189521373 2.319667820101841 0
13.84817442586288 2.352108675545537 0
-0.7390651992045069 0.04474477317080364 0
14.84560254225724 0.8031497836356279 0
-4.249078419028284 0.1269125861753043 0
-4.195418393493123 2.345236471998242 0
0.5101284855184928 0.1812201278260146 0
-0.5111155263292717 0.1780673593609717 0
14.1959282339948 0.15168650537811 0
-4.838938193460444 1.673280491861619 0
14.83958486527975 1.897892200819266 0
-4.85866968070116 0.6175641295868373 0
14.37578451324802 2.362980755789146 0
-1.037657683790492 0.05513192342274925 0
-3.517289470879948 0.1106702575862673 0
-3.007732206700425 0.09921340218127442 0
-2.564196729860419 0.09444085132584676 0
-2.140005723140536 0.0813014680217749 0
-1.308967848419976 0.0662727708942755 0
-1.707047474020724 0.07076598867501431 0
0.1087879687935632 2.334358540394091 0
0.7954223582021229 2.349589082642184 0
1.521006771631684 2.347105752711099 0
-0.7980180024911789 2.346105598428189 0
-1.509972779912371 2.34679362813022 0
2.24175396141126 2.343163635155471 0
2.939806438765537 2.366696799902871 0
4.373229032921147 2.347777888920201 0
3.661561171750964 2.326492125533404 0
5.262288814496186 2.337873409115722 0
-2.407433871379563 2.345795671921883 0
6.160714285716963 2.345352606467026 0
0.8406177370710194 0.04258172713623269 0
6.86945659825197 2.348902643948059 0
7.589728302122209 2.351459607178513 0
13.36202415204726 0.1083261100895511 0
1.059468742516096 0.04195126673777162 0
12.713384015811 0.1373919122431602 0
8.302112749981095 2.34605957493057 0
12.0872361702494 0.1325562452495917 0
11.48475709861649 0.1261729911857525 0
10.89479471859424 0.120109676841519 0
10.35422813247245 0.1208344290329795 0
-3.303571428571025 2.345352606467029 0
11.70009554896875 2.347618662407855 0
9.800180620542465 0.1108235494821179 0
9.272002600958503 0.103555055586324 0
8.766975983244212 0.1006701207187565 0
8.281852480167727 0.1087732304961612 0
7.799348459375207 0.09957773234586156 0
12.94972035843089 2.342650842064185 0
7.35603163820382 0.09601784422987603 0
6.915420950373801 0.1028025907001657 0
6.403607725624745 0.09806108263573479 0
5.89066600767723 0.08470105368324224 0
5.4147457656782 0.08413481687484055 0
4.950728193234687 0.0831127375460993 0
1.32481181223157 0.05197078688264588 0
4.511733443342115 0.07405176605995605 0
4.091353934942404 0.07708644617322546 0
3.688876170616432 0.06623476739812559 0
3.30693899814466 0.06379887875666623 0
2.942599210748316 0.05880273609869578 0
2.587834495345252 0.06349652124800004 0
2.252192131983563 0.05506729425329959 0
1.627318122676849 0.04935461151792532 0
1.931169118275382 0.05412244918717998 0
14.55577743998451 0.1461390661761895 0
0.6251846059512083 0.04489435547552333 0
-4.552084958815994 2.345934603659812 0
-0.6364415075794002 0.04008542957076308 0
-4.56739313658464 0.1329329544939349 0
14.85320047489488 0.4562337520927156 0
-4.850934810000593 2.041363217243401 0
14.84255199059991 2.215684315052173 0
0.5401550061736385 0.08060380197955715 0
-0.5339768586238401 0.07378406595242659 0
-4.862300951898229 0.2679622972363028 0
0.5255122999328222 0.1326906559643974 0
0.5616558459450001 0.1676905118862072 0
0.5457347315020223 0.2178750431767729 0
0.5971702051321535 0.203281345368108 0
0.5798108429053439 0.2557942297240302 0
0.6329986467605381 0.2405455469959623 0
0.6155841875496743 0.2944967208378168 0
0.6712773476378674 0.278567680809454 0
0.6570877885098636 0.3314252801630215 0
0.7113831266102091 0.3188178574860159 0
0.6944172687487384 0.3750211251730895 0
0.753506932861419 0.3608728624884582 0
0.7349238562546618 0.4196534320670126 0
0.797267225534408 0.4049195081270177 0
0.7793660118502181 0.4647087697898181 0
0.8436137313416439 0.4514322353828089 0
0.8176540958282092 0.5219138948186488 0
0.8914577225153302 0.5015337268168349 0
0.8743815307573799 0.567589178905579 0
0.941991669802663 0.5538389891610257 0
0.9249493098529332 0.62164788740907 0
0.9985187769705874 0.603541889454136 0
0.8627198111240088 0.6313156024907185 0
0.9778915627745307 0.6782471707537845 0
1.05600711623415 0.6559742598966358 0
1.033389836632392 0.7375365310605637 0
1.11684131464947 0.7152702785174746 0
1.091918153064555 0.7998273117166395 0
1.180090309439161 0.7755986279520792 0
1.152570863167066 0.8632440825821331 0
1.240747702982681 0.842186379751737 0
1.068173954054621 0.8797741570392956 0
1.210831909801287 0.9301592831333642 0
1.308800710148879 0.9079577597678576 0
0.3225418692718846 0.4348988489257754 0
1.275964844928819 1.002328365194908 0
1.377180064221076 0.9790441921500995 0
1.402692285559849 0.8833272865883711 0
1.472764954213369 0.9534709256138432 0
1.498109985357261 0.8575618715918782 0
1.569556606193344 0.9264669604924546 0
1.543406714649413 1.025273210582892 0
1.641639124375043 0.9978963699099649 0
1.66614163616591 0.8988362592088992 0
1.739623557029073 0.9697589254081206 0
1.763481951309996 0.8715310329666766 0
1.837959361432708 0.9415815563422858 0
1.813579097615177 1.042455734783113 0
1.913939237900396 1.01237354796038 0
1.937350680733325 0.9099779260387715 0
2.014032037589919 0.981318577679701 0
2.037156367482087 0.8792979824067916 0
2.115768629799735 0.9489183865048063 0
2.09151742803242 1.053975478644411 0
2.193650573106802 1.02116293657447 0
2.215385337164808 0.9163185686173427 0
2.295130690849148 0.987744317429844 0
2.316282955965435 0.8839684424764437 0
2.39686759341466 0.9544132783108974 0
2.376331939810637 1.059671523204333 0
2.479199596174963 1.025330047983618 0
2.502383409406427 0.9172062271243205 0
2.584866876006114 0.9876707554973545 0
2.562800912323103 1.098409542001907 0
2.668544970802626 1.060254654093484 0
2.687307623198085 0.9499582499659315 0
2.773177626383074 1.021513393955002 0
2.791786276102485 0.9116309271532952 0
2.878305144989573 0.9816784170284711 0
2.85960491576702 1.094236425498572 0
2.965970541043039 1.053489937646377 0
2.983330936364485 0.9411201936599212 0
3.071642269258653 1.012184700286474 0
3.087510991758811 0.9011153092442432 0
3.1764948160194 0.9708256342239917 0
3.161248758247547 1.083364372954656 0
3.267834932980869 1.041295076408099 0
3.280386781936697 0.9269671752361663 0
3.373662449417457 0.9963854716244014 0
3.359785846561866 1.112908154474946 0
3.46865132254215 1.067951210656237 0
3.479597974042131 0.9499038453005204 0
3.576227509362552 1.020188408889295 0
3.563465986135921 1.139339582534876 0
3.673472559114186 1.091468086305182 0
3.685578889776379 0.9723007780407565 0
3.782797274704308 1.042623385048162 0
1.136112233524609 0.6312720167137091 0
0.7121167831224513 0.4780163230997875 0
3.794687137595448 0.9249355031423343 0
3.891870131912393 0.9940418605116427 0
3.879623794906417 1.110998128964837 0
3.989915284456611 1.061976272189736 0
3.999632966076655 0.9431033148933203 0
4.099869766066147 1.011685918576791 0
4.093108864903087 1.129128659879479 0
4.201924960500241 1.081653161399486 0
4.210645298125055 0.957885519282892 0
4.312042195602089 1.026752686267369 0
4.303651537404098 1.153097738145736 0
4.415680819908182 1.099539466030854 0
4.42319135857603 0.9657292735760015 0
4.527608351517942 1.038775046235944 0
4.521661023157703 1.164110551404559 0
4.634773029531941 1.106669002561956 0
4.650294596218589 0.9791227331324386 0
4.753289713920145 1.045364766213108 0
4.740941778600345 1.168118655768002 0
4.856695802129015 1.112557303883078 0
4.86766148611262 0.9842932541848639 0
4.967431826595777 1.053666527790027 0
4.963669484946371 1.178152791236668 0
5.076580324139275 1.116198856629023 0
5.080489745992105 0.9904452809133024 0
5.192406873451016 1.054910845199944 0
5.183636575110867 1.179205246432976 0
5.30426439741632 1.118902848292899 0
5.306720528172 0.9900379851107564 0
5.418917420813173 1.054924761052258 0
5.420075603981559 1.184913081258846 0
5.532819978963389 1.119974771286504 0
5.531855228606869 0.9889641253800663 0
5.645147910908525 1.052664118664688 0
5.648256853158355 1.185366405914989 0
5.762683450125479 1.116629866226904 0
5.766230324111465 1.251498655881706 0
5.882132035591763 1.180682826063514 0
5.877865718488309 1.030963168503068 0
5.994241828598107 1.112980001795752 0
6.002024586474798 1.244944931496703 0
6.115917186108381 1.170790152635095 0
6.108728137592786 1.030806201503787 0
6.232876491158835 1.099255984289184 0
6.231150139490605 1.234363528582227 0
6.354058290883818 1.161356903451286 0
6.351577207988968 1.024454916729291 0
6.471878825872812 1.085687210371695 0
6.478598328105186 1.223253458243844 0
6.594684273969676 1.147283954051442 0
6.586558886014598 1.00986372773351 0
6.710656952872467 1.068767002045695 0
6.719204112489581 1.208205134444766 0
6.836462692254964 1.12860892365192 0
6.846192260670187 1.270828273788689 0
6.962824120588566 1.190678644442871 0
6.955719004706411 1.042821383235079 0
7.082709208563693 1.103987124962729 0
7.092026374897197 1.249824626376639 0
7.208181579111164 1.168797982584387 0
0.9597619841381542 0.4959927138321923 0
7.206825136910017 1.018787714555219 0
7.331045179837441 1.083259766727071 0
7.338309340921482 1.229337787843539 0
7.457235646126265 1.145251503021267 0
7.468992476727682 1.290330259276944 0
7.586062754907211 1.205691945385207 0
7.57338188337557 1.06197550990778 0
7.70439799827577 1.119754344247708 0
7.718358914287022 1.264533788382203 0
7.837722358020299 1.177783104255145 0
7.853043858078466 1.324976989839989 0
7.971573575658185 1.237264748633552 0
7.956750443276805 1.090489618126799 0
8.090547151841378 1.148883993430246 0
8.106848650440181 1.295743253730942 0
8.225450933920447 1.206980124538996 0
8.208117823169946 1.060783135196909 0
8.343035177042314 1.1179351304259 0
8.361991608322958 1.265084444260686 0
8.480329669665128 1.174627677452102 0
8.500379356729152 1.323247660948046 0
8.619397909965972 1.231178216821874 0
8.598933344950993 1.083530457721271 0
8.73778670408524 1.13940591908906 0
8.758832103365075 1.288506289218257 0
8.878000388070006 1.195432926200694 0
8.899866343242788 1.34604689421825 0
9.019693641003503 1.251447833219735 0
8.998297247330852 1.100684685242678 0
9.139314917929916 1.156703683138828 0
9.161638485017727 1.307504617950308 0
9.281403475621104 1.212199373006958 0
9.258409458082246 1.061864252854219 0
9.401170099824176 1.116025582784021 0
9.424478564305653 1.267529165346928 0
9.543755862356232 1.170739254880208 0
9.568479609900594 1.323609242437715 0
9.690016799394815 1.225410967067428 0
9.714387572750354 1.380353251548655 0
9.835787792001163 1.281224171714247 0
9.811345318840111 1.12696928162567 0
9.957066103689424 1.181930019339241 0
9.982455755819077 1.336548543266779 0
10.10399583929837 1.236631563439079 0
10.07777663370827 1.082153557696283 0
10.22548996624134 1.135798961111779 0
10.2516655930344 1.291134514661808 0
10.37395719478751 1.189572773717295 0
10.40099046186706 1.346585962790167 0
10.52285024679154 1.244141743714093 0
10.49561306392666 1.087708850857529 0
10.64530617929317 1.140651445787427 0
10.67280994826652 1.298400470447843 0
10.79603260292983 1.194018194341305 0
10.82410563657576 1.353143294071104 0
10.94706206543747 1.248614390745034 0
10.91752252466975 1.090131815420611 0
11.0700614569717 1.143482063788538 0
11.0993453548275 1.302768796235707 0
11.22313080384729 1.196766927835061 0
11.25303861973878 1.357300769898194 0
11.37658628347138 1.250688299060075 0
0.400943173340103 0.3652667070291274 0
11.34649986647506 1.090593596204581 0
11.50050616795897 1.143525824011007 0
11.5310724967582 1.304551861887318 0
11.65559346093588 1.196529759513878 0
11.68681763641214 1.358736779219853 0
11.81118204389008 1.250179848303002 0
11.77975921984131 1.088297076184689 0
11.93585658987877 1.141272850633333 0
11.96772331954143 1.303625760764776 0
12.09382279296425 1.191480766116162 0
12.12571619050436 1.356862346573458 0
12.25213560961175 1.244013905944398 0
12.28442389792745 1.411087996327094 0
12.41046317517738 1.299978437188678 0
12.38060946801248 1.129659017717479 0
12.53869777392704 1.185921463752058 0
12.57056424453563 1.353819974775213 0
12.69780347179615 1.241137522504171 0
12.73127369741866 1.408195572388133 0
12.85804027714749 1.295415020868992 0
9.376605540444773 0.9666715464976412 0
12.82433293227222 1.12864975342727 0
12.98532297664112 1.182186512508473 0
13.01991735143796 1.349079677341341 0
13.14747435222212 1.2353776031819 0
13.18285735360934 1.402955360584021 0
13.31095083571266 1.288969842070059 0
13.34633005386392 1.457276031967188 0
13.47514725074866 1.342284455051768 0
13.4422200057434 1.17308591889501 0
13.60543095470533 1.226287985195155 0
13.63965677192918 1.396130614140533 0
13.76904389583844 1.280212173753902 0
13.80486060960416 1.450383130288587 0
13.73414270276933 1.110243797208751 0
13.89810404787644 1.164135448365342 0
9.591752525583964 1.479249484559333 0
0.8096022846496276 0.3416290763063195 0
11.9030866302674 0.9802259068829915 0
12.950107410221 1.016112124380745 0
13.8617009432915 0.9945769834141297 0
12.15862149551998 1.521610986581481 0
14.0262845427285 1.04809229856579 0
13.2171088976284 1.571669994089185 0
1.430310075994795 0.7898748595439941 0
0.7247973500401961 0.2636364804706783 0
3.699358501510075 0.8563520798256674 0
1.691962699939366 0.8025111397609157 0
2.239463802172573 0.8142257191834585 0
2.708693375937385 0.8424216525506023 0
3.001787303998204 0.8321096380130957 0
1.958915839940701 0.8136837598746314 0
9.236847618187191 0.9131863968023768 0
9.35214172283106 0.8201498727636878 0
9.216329957209288 0.7671763369605515 0
11.74775256099976 0.9280008026748245 0
11.87020913751663 0.8210555183394425 0
11.71709777840506 0.7693018166127717 0
3.804765337900216 0.8107413505253099 0
3.714904207085829 0.7448764569646342 0
3.813891889828986 0.7001097584544863 0
3.72820427055982 0.6371782944802358 0
3.823285408557674 0.5937787005312894 0
3.739123617965938 0.5337784559000976 0
3.646058254809555 0.5746841123458621 0
3.832223215722971 0.4921408283594403 0
3.91539934360349 0.5503969573634798 0
3.658675080873512 0.4740882316616428 0
3.567272953326771 0.5132547375216823 0
3.923677488893066 0.4506374142060984 0
4.006047578101616 0.5073198349593862 0
12.78947073675102 0.9627993491211889 0
3.102125618759557 0.7930865512114039 0
3.020810355473112 0.7271711833855812 0
3.116300781800234 0.689262888018993 0
3.038251737821782 0.6259661956587319 0
3.13215939007006 0.5889082958942176 0
3.053289766036735 0.5274515219974882 0
2.963600400248815 0.5629913774174958 0
3.143524916197268 0.4927908139450671 0
2.977910139900264 0.4691424937863061 0
2.889095276587563 0.5048100256305258 0
2.335708697277648 0.7832061132109416 0
2.261769281010543 0.7166017458787159 0
2.353069478393902 0.6856033471561627 0
2.282888924324228 0.6221670536336141 0
2.370405030271936 0.5922846417252468 0
2.30160144473904 0.531603531866816 0
2.387744157312069 0.502861710237946 0
2.215844904202781 0.5594740096053618 0
2.234517655960195 0.4723780760997099 0
2.151977266856266 0.4981647578422136 0
2.169551883316911 0.415241023429293 0
2.090145927196555 0.4398003240291386 0
2.249416807131644 0.3888125678929795 0
2.456255607818357 0.5620667098193594 0
2.472262355241564 0.4736151910675359 0
3.661215520328785 1.213566268728298 0
13.69831432847224 0.940697553210008 0
13.82537816285261 0.8254390967017969 0
2.948553725015663 1.168587904917843 0
12.91514334241956 0.8510091328182776 0
12.75665567479813 0.7979755897195133 0
2.171233274212076 1.128732878480088 0
2.90657163634105 0.4105679008002358 0
1.348819347023205 1.076195742935615 0
1.244539383963697 1.100532216987378 0
1.321810024867537 1.177988199759505 0
1.217616775966263 1.20345349038428 0
1.295339873073064 1.284920124459897 0
1.181112201877429 1.311724288025627 0
1.262453743451079 1.395387007349015 0
1.146729660350738 1.421110965299083 0
1.065444226050858 1.337194109163306 0
1.030464815682631 1.44803455733217 0
0.9366691490109216 1.344849984927643 0
0.9127124585037799 1.473062756210003 0
0.8196958455137013 1.383134939954766 0
0.7963831816468461 1.500943849410517 0
0.711471812163053 1.4123456287281 0
0.679800512131487 1.527684641239892 0
0.5982754656692033 1.437776012859903 0
0.1840054625323894 0.5108959543330067 0
0.6308248034248338 1.327616475192037 0
0.5276080249593837 1.354963283861619 0
0.5596259840752549 1.249770789268453 0
0.456768877049144 1.27384933850486 0
0.4219598565672083 1.374022230715038 0
0.3459395460467035 1.277730466564057 0
0.315845707592196 1.392662519094231 0
0.2408090768693743 1.310315336366888 0
0.02537597422353344 0.5408652418740624 0
0.2099435868995047 1.416382887666132 0
0.1367112275074105 1.333243698010141 0
0.4909708238190609 1.175005758840096 0
0.1065077317351421 1.434181706342859 0
-0.3214925042435244 0.4317388215103118 0
0.03298904575550123 1.354308824032659 0
-0.1825577756625308 0.5102148015932303 0
0.06730761223168127 1.252543941656114 0
-0.0392856228540345 1.274889757973138 0
-0.07250309149468186 1.374046524435504 0
-0.1462896443038302 1.294429703634742 0
-0.1789567903498554 1.393531013334233 0
-0.2513718315876224 1.311037496294868 0
-0.2893414613882172 1.41409388950127 0
-0.3596013144161043 1.326169813620442 0
-0.3212594876167015 1.225857207494792 0
-0.4276508529614366 1.239481914420367 0
-0.4703404637577051 1.343682831191756 0
-0.5387914434342315 1.253805315078696 0
-0.5841625399946875 1.360413898368947 0
-0.6538668574908107 1.268248246932256 0
-0.6099671116258194 1.162624520536536 0
-0.4335376206881253 0.3245359241298363 0
-0.7235564731457044 1.175405078216691 0
-0.7656158860628627 1.274434548848003 0
-0.8361291789899228 1.182354930094361 0
-0.7910624892850318 1.083105231775588 0
-0.9011903114014669 1.094795267868394 0
-0.9511945082311304 1.193526423757957 0
-1.015580757204282 1.102739752109802 0
-1.06666409371426 1.208285388521845 0
-1.133711293967766 1.111619536790381 0
-1.185388415267226 1.216314142292304 0
-1.252322551285568 1.120353819372705 0
-1.305322960730098 1.226972502293607 0
-1.371262988891665 1.12929312617933 0
-0.853398385323128 0.9948878775569214 0
-1.427595087773958 1.235285611429721 0
-1.495299920677484 1.137183054895344 0
-1.548356156650067 1.247399605639002 0
-1.622196599324989 1.146279716615877 0
-1.67493437519856 1.254528869668448 0
-1.750555766287926 1.154901280412104 0
-1.198043756868316 1.01532472811736 0
-1.807218669142037 1.267777225617536 0
-1.881614780784618 1.163787406169392 0
-1.938388393388897 1.283172756770849 0
-2.012993995866666 1.17320993111463 0
-2.072483153532574 1.289432055768922 0
-2.148439753340775 1.18339548973246 0
-1.562358140737261 1.016479095681622 0
-2.208345899299885 1.300817287118789 0
-2.283883017133468 1.191938929101556 0
-2.346024817173579 1.31195321844321 0
-2.424421384440503 1.202889923838634 0
-1.953137015871222 1.055618463794511 0
-2.485776126730039 1.326630290572412 0
-2.567048270245873 1.211566209030636 0
-2.628896541463406 1.336284442319593 0
-2.710343315094695 1.221633779456447 0
-2.3574799636335 1.076750369955171 0
-2.773629499332458 1.34910998412789 0
-2.855392185122321 1.231554353661098 0
-0.007298227999771444 1.165814065707371 0
-2.920552631417379 1.360092830492766 0
-3.00403611897585 1.2434792709574 0
-3.069901053007195 1.374533599732118 0
-3.153262514236241 1.252494468165342 0
-2.789604062491084 1.101906110669824 0
-1.116962380661608 1.309338232156439 0
-3.22010733001969 1.38982967437164 0
-3.299611544929789 1.268214413601567 0
-3.37285094121818 1.399646252800447 0
-3.451872220015428 1.252914526084122 0
-3.52893174566512 1.408652578628429 0
-3.619584838126632 1.284587164494454 0
0.2775675313880329 1.497151914170958 0
-3.215693809842548 1.138864677876847 0
-1.459379999822894 1.340996693781244 0
-3.68887195328219 1.423794245082032 0
-3.773164393191967 1.299409023759593 0
-3.708621958885488 1.154040238769095 0
-1.860810902539947 1.37779443672346 0
-0.212538941421603 1.500741659653624 0
1.37820392454045 1.367356173970835 0
-3.846533586792609 1.431452982169684 0
-0.07912591558331095 0.5328843757220614 0
-3.87966196988673 1.180276773985084 0
1.340719606698164 1.481798409599485 0
1.465142110049212 1.452581551145181 0
-2.261446121860764 1.426184150485277 0
-3.800967329087511 1.025163303177152 0
-3.953447226518607 1.032906542447212 0
-2.676354815111754 1.453490883138518 0
1.006376004746196 1.561725280857977 0
0.5878899493744169 1.151006449983767 0
0.522284797557964 1.080227782753439 0
0.6170143881584935 1.056391206284638 0
0.5515793904668876 0.9886497449762448 0
0.4611997655644747 1.010233523380703 0
0.4895507550541176 0.9238476340318267 0
0.4041474789313002 0.9428032829031772 0
0.4304991916552793 0.862137241540571 0
0.3498230859962881 0.8799522721760109 0
1.425551310130603 1.574415357029082 0
1.557368966742855 1.541471682543143 0
0.3741011867141713 0.8047665972966105 0
0.2975713817230775 0.821432859407739 0
0.4512139051800375 0.7856581754424031 0
-3.130077061262708 1.503393246518328 0
-3.887225986934141 0.8920238718705394 0
-3.730178466407704 0.8804539139217226 0
-4.044932036791167 0.9024862412978385 0
-3.608165335377852 1.542240832045676 0
-4.11590502140024 1.045711621588153 0
1.520477689054193 1.669866624508201 0
1.649491526224909 1.636374352248117 0
1.384499072436694 1.700931068347226 0
0.272126291312289 0.8951372228242291 0
0.2213301288175594 0.8367560418188075 0
0.3957284120189998 0.731854999504218 0
0.4680376904529747 0.714421542403323 0
0.5776474465359211 0.9019424241315697 0
-0.7499846109453414 0.9834980568107272 0
-0.8078140438863037 0.9001761689048955 0
-0.7103771839968509 0.8893819378476034 0
-0.7650457008582503 0.8114724860115674 0
-0.6727813857531815 0.8028474309480239 0
-0.7266950628697449 0.729052479961003 0
-0.8162772658185478 0.7356899365261096 0
-0.7782439034029944 0.6563492770973662 0
-0.8659487123517984 0.6622756661927183 0
-0.8271992851581 0.5856112286812493 0
-0.9134929914158125 0.5909871746900917 0
-0.876214972486893 0.5155505381244258 0
-0.9603961916678797 0.5210159869287547 0
-0.6902753473426131 0.6522171701263739 0
-0.9226097186657573 0.4477739956083935 0
-1.005130593844192 0.4528277903901257 0
-1.043981722636409 0.5265575366842591 0
-1.091163699881243 0.459808175088647 0
-1.129431942434575 0.5332173034532203 0
-1.17827336531678 0.4648335633944313 0
-1.21780050335646 0.5410633274931514 0
-1.267337148972001 0.4658631732378888 0
-0.8434158495098958 0.4413465460591075 0
-1.308217968361541 0.5475824600729615 0
-1.359581030099066 0.4706676510553001 0
-1.401150060400702 0.5546042876328665 0
-1.454119740424836 0.4756495967200001 0
-1.496559306562846 0.5618797312142204 0
-1.550666361798518 0.4809162810591728 0
-1.594382833164023 0.5693618567682706 0
-1.650138954930579 0.4856785161444908 0
-1.694774972571701 0.5769090197598271 0
-1.751952219603669 0.4910789944941361 0
-1.797697292017466 0.5846827653527674 0
-1.855562748521209 0.4964607920685618 0
-1.90309363815935 0.5926330784347089 0
-1.962389300604645 0.5022289745145383 0
-2.01118519516671 0.6008019588167084 0
-2.073001923714346 0.5084363161454439 0
-2.122116152535271 0.6091982695079283 0
-2.185447645852631 0.5145983482327579 0
-0.6183881403104857 0.8764270317229894 0
-0.5844661203617709 0.7917932693295235 0
-0.5303043233727909 0.862323921215878 0
-0.498254010476573 0.7819234119954948 0
-0.445908310658766 0.8498889125077868 0
-0.4127659756244549 0.7731586337523383 0
-0.3643567927742611 0.838307989981611 0
-0.4573386622406881 0.698996124754579 0
-2.235629885054277 0.6177394370290652 0
-2.300177157950708 0.5209041756696797 0
-2.351812820883311 0.6264048397148848 0
-2.41787705984036 0.5273165238439782 0
-2.470232026766886 0.6353484348068487 0
-2.537700191726472 0.5410639031663118 0
-0.8882315115314836 0.3755598066475858 0
-0.8130151569460983 0.3696167631171287 0
-3.976109408992283 0.7606921115470776 0
-0.3316481743534122 0.7662526302832746 0
-0.2855215632638749 0.8275334951176191 0
-4.134139635799476 0.7714514485171527 0
13.67523330147209 1.566716053391493 0
13.84239780233863 1.617243576831576 0
13.97131620925888 1.504029032551114 0
14.00914886972471 1.671188197343877 0
12.60365117820887 1.521043555526495 0
11.56145385010289 1.466874801004443 0
11.12890336342547 1.462524234904566 0
10.70048931796226 1.457557450815476 0
10.27900434188318 1.447555357226872 0
9.739485285966312 1.536514921070369 0
9.61498971355501 1.637428535687601 0
9.76686757090982 1.696095559560142 0
11.03983108242404 0.9861179671311235 0
10.89034569086047 0.9330534936511572 0
11.00962683639691 0.8312854523029267 0
10.86280227857572 0.7790426827279988 0
8.779533500385279 1.440208894528983 0
8.921986579634105 1.498407615696648 0
8.799417270426011 1.595418782137614 0
8.94651804285318 1.654932338482432 0
10.19820307559787 0.9823222679410735 0
10.05305428131484 0.9294963610950099 0
10.17057264334896 0.8318032070152073 0
10.02919392499892 0.7791495729090743 0
8.381384545779872 1.413200952435906 0
8.716469081102398 0.9924994049480955 0
8.578213773532376 0.9383891660602736 0
8.694671185913062 0.8485319017571029 0
8.560953776481345 0.7949908807149575 0
8.674130497907854 0.7077520073672808 0
8.550389789656677 0.6611746067318023 0
7.7335704037213 1.412516173651083 0
7.869611677400473 1.473459879879798 0
7.747816549202653 1.563938548061734 0
7.889152517536364 1.626397605204314 0
7.349250324712324 1.374723798864596 0
7.687569159869943 0.9778696599755907 0
7.557940206542021 0.9205541285578384 0
7.670454517232459 0.83955237388935 0
7.546822073282756 0.7829911383814876 0
7.656898999920278 0.7045778574281809 0
7.534885579671229 0.6504126896683613 0
7.779269257050705 0.7586129686494436 0
-1.05532063545782 0.3812705739664879 0
7.765306253617284 0.6259073807970628 0
7.886289725354072 0.6789951286174438 0
6.72765831560867 1.350320672831855 0
6.857077229454602 1.414139814688199 0
6.73434475810294 1.496813546313585 0
6.870626194345072 1.562309879924422 0
6.744652283711281 1.64690822113196 0
6.881892984896631 1.714692118392252 0
6.699762973490628 0.9322798558641694 0
6.578343896142153 0.874733033596476 0
6.687856409666088 0.8012053847180258 0
6.571633599251961 0.7447033281984239 0
6.678826474421554 0.6730850589540945 0
6.565132418702395 0.6180005616383104 0
6.46001328806171 0.6858134278563978 0
6.453411061365479 0.5633936579460498 0
6.350908100986145 0.6293914914862455 0
6.793483111448019 0.7282038286967163 0
6.783667554544756 0.6024516486475233 0
6.897254939365522 0.6564114172630424 0
-0.257477891207954 0.7567442062395516 0
-0.210026617803081 0.816636927034547 0
5.648895844890703 1.322530508786408 0
5.769969033005028 1.38945160572466 0
5.648773643336678 1.462856241834541 0
5.776191425327161 1.533007508288946 0
5.647601705586589 1.609372722336778 0
5.778862545180218 1.681316749574531 0
5.649795385374437 1.759166410359511 0
5.516662953840389 1.685159080431033 0
5.642072017237847 0.9230799123913309 0
5.530118057765407 0.861168550189805 0
5.63778659379058 0.7968053386078473 0
5.529863592069078 0.7369636484263389 0
5.63412375731124 0.6747177038319265 0
5.529628616792394 0.6150217870767287 0
5.426812908437993 0.6759507577302788 0
5.428756648093128 0.5582561799973613 0
5.329058440646894 0.6162889939772366 0
5.632497823419438 0.5556608653690083 0
5.73462933393108 0.6126005486190766 0
1.686514823873998 1.502648705559838 0
1.777205232589292 1.60140366500065 0
9.329380592962897 0.6758339071637622 0
2.648371092656488 1.172744925923651 0
2.986043416918077 0.3830483334630953 0
-0.3294987485312323 1.523153530626008 0
-0.2489158053191511 1.615301373354807 0
-0.3743482496294678 1.638777760488255 0
-0.2936348391205682 1.736443525327461 0
-0.4231372682567616 1.758833248579845 0
-0.1626857958665587 1.710922255854837 0
1.88955866286756 1.116023994950938 0
3.546700146298831 1.263271980723362 0
3.647395090932517 1.339064932191772 0
3.526196296730357 1.391353282653419 0
3.633377287154691 1.470762866736269 0
3.507144350778805 1.524547024260704 0
3.618986596996876 1.607292555513189 0
3.74391099889405 1.547020835605091 0
3.4904709657445 1.662312733218282 0
3.378065301899649 1.576735700200711 0
3.732099070276536 1.690943448682817 0
3.861395820146171 1.628976387015103 0
3.359693700007426 1.717113978831968 0
3.248248854750703 1.634174012827339 0
-2.591828825225305 0.6442315819983847 0
-2.660785423542308 0.5516234601123435 0
-2.717135827040022 0.653407028106613 0
-2.787473659029149 0.5526432415287372 0
-2.844725671454479 0.6640994148556006 0
-2.916467017016798 0.555363756071386 0
2.538737740935536 1.212444765739797 0
2.627635427400205 1.290815727133509 0
2.512286530766421 1.331711158034355 0
2.607566709252025 1.413109856617391 0
2.486020602287651 1.455747073813073 0
2.584881919240849 1.540916333152716 0
2.458501967794401 1.585232541567217 0
2.561756577621564 1.674140897338947 0
2.429806780689766 1.720352277198655 0
13.66256842369685 0.7721329761452158 0
5.329798893845404 0.4984998573145845 0
5.232255849842843 0.5584794980543228 0
6.608114732176491 1.579440602960359 0
14.13855352746581 1.55791225635064 0
0.606195801005874 0.3449471532926964 0
2.362654402281984 1.496002931797706 0
1.744003471987383 1.733127623031876 0
3.218285513975487 0.647108379202192 0
-1.411648575925306 0.3981814449687114 0
-1.219148527987535 0.3875508324061799 0
3.227563584624627 1.773059547843583 0
-0.8998272960189724 0.7420977537800271 0
5.907561426046518 1.603149842115447 0
-0.2106238069503674 1.838083541048923 0
-0.07504904342887017 1.811856756961586 0
0.9512096842336959 0.7479890011477742 0
2.107055251295372 0.3599663075431987 0
2.029086445426898 0.3840922108208047 0
2.011188287316507 0.4637722226569186 0
1.950852840599885 0.4078218747595317 0
1.93228147187831 0.4875759179699853 0
1.873539713332007 0.4306966686608584 0
1.894178769414048 0.3523645147642704 0
1.815931352943457 0.3752720395166707 0
1.796572061283551 0.4528115478928836 0
1.739564491412552 0.3971353100347288 0
1.721722074346144 0.4721120737741084 0
1.663077467396133 0.4183801426647925 0
1.650676665023675 0.4921146291345502 0
1.587278955750977 0.438637475005385 0
1.606191244786529 0.3642358447171248 0
1.530452359183094 0.3847094033574943 0
1.510147658580671 0.4593213170875681 0
1.455400785782269 0.4049928119843826 0
1.435380075209704 0.4793530752122684 0
1.381514462337541 0.4245519309877003 0
1.401115921362251 0.3522823635710313 0
1.33000123163568 0.370866620029766 0
9.188937437180055 0.6238406525843284 0
10.14460007393644 0.6827978838862284 0
2.704203656132947 1.494431823094409 0
0.7639334438017129 1.61903502132675 0
0.6364325725482854 1.644968715510843 0
0.728751762940001 1.741751661387057 0
0.5970119192165264 1.769239445008202 0
-1.347826128405221 0.633179393318563 0
-1.1669267100879 0.6074182012778054 0
5.731534132517906 0.4966253631568687 0
5.831841610612543 0.5514870407830048 0
-2.975195142847867 0.6732427116186394 0
-3.049417023240674 0.5609423691210593 0
1.875629103654674 1.695832760829585 0
1.908653222680402 1.561605657688364 0
-0.2386370772342762 0.8899011192451082 0
-0.1606999262358337 0.8780637770460212 0
-0.1335172179266363 0.805290679780031 0
-0.08427994210645573 0.8654411080511795 0
-0.05755023923031356 0.7939849703412901 0
5.911188161892866 1.754392367103291 0
0.2470875184767629 0.7655916217521795 0
3.57959541524983 0.4164317185760057 0
10.00041079822211 0.6328989503897344 0
6.344416700698682 0.5090761288887394 0
1.758842445145545 0.3207587865209541 0
2.82011178099992 0.4454300571169354 0
7.762285455133473 1.718741971746041 0
5.631190843991482 0.4411947250302352 0
0.1949462822537623 0.9104144255316584 0
0.246220251137307 0.9705744576713112 0
6.617594189285552 1.732397293181271 0
3.842437161926057 0.3930428795542609 0
0.4171195368165465 0.6634702092435529 0
0.4858124060189996 0.6468084555376559 0
0.5338761801842051 0.6957309640420173 0
10.98067281784051 0.6785051163359033 0
10.28538286538285 0.7345694321000128 0
-0.8540383252833875 0.3095847588056337 0
-0.7837859390154117 0.3048144508684263 0
-0.7439612598077955 0.3614085790518106 0
-0.7097462933385011 0.2918576215254865 0
-0.6747753894909394 0.352403087706294 0
-0.2999110613534596 0.6987147844830264 0
4.008579394725152 0.4072174157871624 0
4.093627409153009 0.463538193867938 0
6.887473897863742 0.5322271804829312 0
6.999800979413994 0.5854896024262047 0
11.12699705055035 0.7294898129809875 0
14.17511671750767 1.730025566397869 0
13.71075965087876 1.737899367393308 0
-3.108791820442204 0.6827252075174457 0
-3.184647230990931 0.5688361607227875 0
5.231796612317286 0.4462704152241788 0
5.137179576713433 0.5028036190561662 0
1.549656804919457 0.3116296226616127 0
4.088899958020008 0.5637621792042896 0
4.180120858615368 0.5217038969433611 0
4.176542038312584 0.414178596013348 0
4.27445103906186 0.457355075340316 0
4.265017614808799 0.5755373660678305 0
4.357756566543524 0.5300358543580701 0
4.381582514386129 0.432462371214092 0
4.45497714153714 0.4904816460370615 0
6.038182612924805 1.680693293705656 0
10.83505041912057 0.6267029852972797 0
-1.810542306905687 0.4000607417794828 0
3.84785153401721 1.777732772333604 0
3.981472521816408 1.71822699389463 0
9.464336626060113 0.7281931352440498 0
1.348849963753129 0.3010922270599657 0
1.279769639335597 0.3182379771435639 0
1.259837161722865 0.3871221830532526 0
1.210696781292578 0.3352117623695639 0
-1.604262171313495 0.3881265527422236 0
2.047167955526844 0.3061975030018597 0
7.867932443657718 0.544436122483231 0
7.991366552141647 0.5997182975213043 0
7.905711840278985 1.782709966071371 0
6.548912338960592 0.4943519773137744 0
3.490743342544012 0.4544473519475182 0
-1.738987590038352 0.6676621913131582 0
4.443285219202546 0.5887032653306096 0
4.536326020687236 0.5396684426041861 0
4.545014257870264 0.4432245783365005 0
4.628629478896901 0.4916855288852061 0
0.9924778770215814 1.239684504673413 0
8.819632755621775 1.753661455995415 0
-0.1892930710145916 0.9544861621578093 0
2.836826140508274 0.3562697007708727 0
-3.245293367882102 0.692765370631842 0
-3.322758363207109 0.5764768130512772 0
1.483328395174162 1.800461320123827 0
1.345562362490948 1.834136792819441 0
3.474000788853737 1.805072623806872 0
3.501057557945418 0.3616901305673449 0
5.13679673655786 0.3920640352891928 0
5.044443002395182 0.4480560368171248 0
5.043939070737181 0.5543680617794984 0
1.615802594304515 1.098578868507563 0
11.83869711602886 0.6635479101425195 0
11.9905998977111 0.7146586432138299 0
1.776869360827852 0.5307605901088822 0
8.655476457804838 0.5698602817437037 0
2.755192487838771 0.3866904337087678 0
2.727837494195335 0.4754300194936041 0
9.639020139749498 1.799282120116615 0
4.622838150439382 0.6066618789990738 0
-2.167398968608159 0.7216285136617306 0
2.121961717261118 0.2822702655332172 0
1.190781143511907 0.40313016600619 0
1.143031898321362 0.3515491648276175 0
1.162172002040786 0.2854775326461533 0
1.096756758281356 0.3012319091349425 0
8.521213609418467 0.5166243292168662 0
7.742152016676711 0.4817302719801934 0
2.537536708366514 1.812941951178094 0
2.668057869295724 1.769209677545506 0
-1.53796852356556 0.6510941470460996 0
4.631178200101548 0.3901161974149852 0
8.968994026824324 1.814773083069387 0
5.518411428858337 1.837367277713128 0
5.385798234569354 1.75639417665303 0
9.792597648911723 1.85881963227413 0
6.244250818002016 0.5738944504896343 0
6.239218175987934 0.4553059846513295 0
9.442118281176576 0.5858305942352033 0
11.6878322356853 0.6117216751680555 0
14.30620209239213 1.612685406033888 0
3.552042795253968 0.6272700309402492 0
-4.064045231697279 0.6299539616506062 0
-3.908897917111446 0.6194372436136093 0
-4.222361057256672 0.6398675076152235 0
-4.293613902088361 0.7836836668676632 0
12.88084187441375 0.6877169927952491 0
13.03939983547943 0.7394280010920153 0
12.72303561696155 0.6359474355814322 0
7.426520417933169 0.726537787959932 0
7.416901800765178 0.586320949896761 0
2.401305361977275 1.86034014772398 0
3.991096360557201 1.565251223208935 0
4.114305859752355 1.653006616109254 0
4.101472150865192 1.804688414439311 0
4.235862184380013 1.742131148727129 0
4.248285643925824 1.589028496744248 0
4.369311560342515 1.679567643651465 0
4.355566930702993 1.821649457773594 0
4.492599387092515 1.761631289148289 0
4.504604941557288 1.612524096774813 0
4.627825866620499 1.696484192205741 0
4.618852197927128 1.842904185026575 0
4.754135920852815 1.779391550349742 0
4.762067391217326 1.629226320586574 0
-0.3951155502439541 0.9107319999519705 0
8.433600331292483 0.7498848547736701 0
1.84266431206575 1.831928897379409 0
0.4388685443537017 0.5965401535846819 0
0.3717768659547018 0.6153522368419702 0
0.5040140784715077 0.5815257986805751 0
5.829483299062077 0.4373122060467883 0
1.360620767872595 0.4987012222436129 0
-2.022301950962388 0.411904165070001 0
-0.8235470759604048 0.2476050413217682 0
-0.8920613595715807 0.2512175661782001 0
6.042569075148859 1.82528446738311 0
6.990120157414088 0.4627130287747803 0
0.6493254298792902 0.1864873894868261 0
12.5998202777518 0.7450387589619571 0
0.1746920163462163 0.7806788736157244 0
1.491381131387501 0.5354406680201765 0
10.25986237285795 0.5875513749602878 0
4.887318782161877 1.710715473984477 0
-0.2348946072903919 0.6883408924809435 0
13.78937978113682 0.6577828380032931 0
13.95282743790721 0.7104219446255826 0
3.416207690681548 0.3977456729723408 0
0.6902335160193718 1.870051689509334 0
0.8243162951156109 1.837973857305446 0
0.5558207917340395 1.899297300221513 0
1.299211473074924 0.2508200199278784 0
1.365597772986145 0.233599242856744 0
3.114752312225459 1.689118318149354 0
3.100270193812402 1.830857110986339 0
1.114937617958343 0.2373587835741962 0
1.052175243246043 0.2528002897605323 0
5.849770324774973 0.6780722635333882 0
0.1984471818777004 0.7134308774298586 0
14.34251128272311 1.785797781322065 0
14.26705404968028 1.441615131108996 0
9.09700550996385 1.714282577021746 0
3.261826397047739 1.488509718536493 0
-0.7027005977144146 0.4122841580361776 0
-0.6360232522690813 0.4047738879740233 0
-2.244715223620408 0.4173853484398001 0
2.768926813812527 0.3026917637473021 0
2.690103198226806 0.3314181385872104 0
12.76565015816729 1.575684648963081 0
12.63733577729791 1.689357471723774 0
12.80040112353831 1.744138990061627 0
3.584147770740936 0.327098294585533 0
5.391894727687811 1.597619603942619 0
13.62653881837416 0.6052551907035191 0
0.6834814060482058 1.126566480714756 0
0.7110690088283703 1.032331540809928 0
11.71889521520161 1.521997312273951 0
11.59258944567478 1.63159261461284 0
11.7513316952625 1.686847662418634 0
11.6184738181576 1.792075962428408 0
11.7757413499582 1.875329017669508 0
11.46310150257433 1.741412416987377 0
0.1323231742679012 0.7277328748249686 0
-0.6104247228791162 0.3464001907579031 0
-0.571474642740189 0.3961479308590932 0
-0.5961033945040952 0.4565159697231914 0
-0.5319135244999711 0.4469572150996616 0
-0.556118009068129 0.5078228689931137 0
-0.4933274870552996 0.4965511710449507 0
5.322879193986756 0.3755342911706879 0
3.426156375017059 0.3078920694946615 0
3.343894985956687 0.3426683743632335 0
4.877410930209598 1.867497095243667 0
6.886192173138058 0.4158679803796267 0
8.674897332682324 1.691402876378652 0
7.618957072603099 1.653674042260761 0
7.634160316306912 1.811445569721582 0
7.498887232197147 1.749627694724655 0
1.991993079505337 0.5451933347858031 0
9.921343925384882 1.75425353505738 0
9.947708873859771 1.918524677228749 0
10.07437392188245 1.813444063943486 0
2.006883429933539 1.657225578138341 0
12.56137653420405 0.5873992715453638 0
-3.031227949357279 0.7882573084922757 0
4.713564110789648 0.4397095922029141 0
-0.1238323460404281 1.944596277230369 0
0.01149215349877124 1.922883443220325 0
11.09788475951026 0.577952506410894 0
-1.94975555419701 0.6884521626408604 0
0.4600306817597593 0.5341894902756228 0
0.5210351518126602 0.5196979799861825 0
0.5667065592393628 0.5650863160018481 0
8.033939897393745 1.688601909775462 0
8.052372435978912 1.847130799488794 0
8.177865341112783 1.752419380472452 0
2.871307828227229 0.6024446034592367 0
14.0447694356508 1.862923243752181 0
8.691799072571065 1.852032417549949 0
7.009623389528432 1.627631165153029 0
7.021857362273161 1.782876588166263 0
9.116420248869494 1.876756200056025 0
-0.498921582716458 1.658953263809138 0
-0.5543914960080224 1.782133917367056 0
-0.6346555718441853 1.677253835193607 0
-0.6901836758046014 1.804005132360832 0
-0.777693572903202 1.696519998730216 0
-0.8288077920837963 1.827345959457356 0
-0.917659712236447 1.71695320177356 0
-0.9696493923631669 1.850634607190509 0
-1.060011573566134 1.73819151295918 0
-1.112919864433144 1.874275774658739 0
-1.201847528915819 1.759314979398604 0
-1.258254409906791 1.897551502252416 0
-1.351948662874355 1.782027422060604 0
-1.40662381716858 1.921003821179872 0
-1.503537664624181 1.801316925634677 0
-1.558015670820887 1.939463927685416 0
-1.654967541712836 1.825215376563784 0
-1.71006791552311 1.965279659905364 0
-1.808334956812825 1.848687461962445 0
-0.467405302762059 1.889091116499554 0
7.97741455666842 0.4697764554323062 0
8.096565813549184 0.522152626276228 0
6.892622580932178 1.871028455203759 0
-3.994864406152649 0.4911672676643364 0
8.990135101553314 1.978097926471725 0
-2.485247942981577 0.4236517997568744 0
0.4640409263874253 1.795131810242739 0
0.4198530048245673 1.926867277794744 0
9.575314402737753 0.6367249148004199 0
2.647176538957557 1.909210156301799 0
7.508264534225649 1.910435566071513 0
8.783197229979702 0.6215590568347864 0
8.763984031372789 0.4849413072343886 0
5.230462454141183 0.6725602386914904 0
-2.529339644325823 0.7546510911413041 0
10.39896086251002 0.6382499532960493 0
-3.842931930492652 0.4817148996747077 0
13.91646994689889 0.5422688136732814 0
14.08046244381534 0.5946376566522886 0
-2.862666311399019 0.4377694532802148 0
6.249685666914843 0.6952556318310021 0
2.844018662797263 0.2750329219317384 0
-3.125589196670875 0.4447007114287157 0
9.55247185910288 0.4963298641084447 0
4.707170948553816 0.3367207845445459 0
0.1656335422863436 0.9868918134517674 0
2.703520730258895 0.2505704698928971 0
2.630384230423511 0.2793559968912234 0
-4.383664036377178 0.6500875908884935 0
-4.455914125088277 0.7961431666194607 0
11.24333583657703 0.6281798168584011 0
6.48050292540933 1.663268817356453 0
6.488361527990624 1.818472347206008 0
4.531547386533937 0.3395908461452605 0
5.043635173060867 0.3414226218212502 0
12.6708811675596 1.858556062168076 0
12.50863195016589 1.802675841460732 0
0.2206710294449717 1.050129000885231 0
4.894749432057214 1.562822230420428 0
11.95891430412455 0.5580275297742179 0
12.10988995715399 0.6082238478246411 0
-0.2718174287039871 0.6338980110879211 0
5.650763344094408 1.911627520769542 0
6.336083055316505 0.3921923638046321 0
7.009102460163096 0.706753519767241 0
2.06410164213574 0.2310982376582867 0
8.007970680444981 0.7316833423431388 0
0.06344411469344639 1.789485340818457 0
5.38557981275067 1.915595366366056 0
3.211381557876701 1.920078002914935 0
8.201176653669224 1.909270365695043 0
9.599260013470609 0.7785316721537013 0
1.032608490423846 0.3155363342372296 0
0.9887214279389416 0.2677819979592839 0
1.008417339985356 0.2068494493760025 0
0.9472234146820663 0.221250984517709 0
13.49948708592588 0.7204500720391285 0
-0.007943913439590684 0.8566863795163436 0
-0.0316165292606226 0.9343568186308607 0
9.420145119344658 0.4453687411108635 0
10.37301626234983 0.4928130767226238 0
7.035457301243381 1.941405745277998 0
-0.7390664080997675 1.937855627769704 0
0.9686764593303663 0.3297096519262547 0
2.03851666422477 1.526094805752225 0
14.47438950604097 1.66749394433062 0
5.929216743528291 0.4977091821102436 0
5.925893516828722 0.3794948676603707 0
12.1425204055761 0.765041477223657 0
13.00483440957567 0.576676649842395 0
0.4688621081063287 0.2828080081338895 0
12.83518217930335 1.913877787673323 0
0.1504680605436597 0.6653857917732379 0
0.09124507076502204 0.6818112221074722 0
0.2198343893117412 0.6470928814785034 0
11.48878765198764 1.902322396227957 0
11.33515176904673 1.851103407995522 0
13.46377898707716 0.5539661825606624 0
-3.384825758271941 0.7030651858284919 0
-3.462526991011708 0.5854447231136918 0
-3.399899045339811 0.4591817623465685 0
1.447543046619687 1.937372888457479 0
1.305565168515125 1.973140100483755 0
1.205313151089415 1.865724713549432 0
7.101191305786966 0.51534679360332 0
7.091601148917907 0.3939269234198061 0
3.40559602131683 0.4865962156678701 0
1.939732301522459 1.431602674210061 0
7.652429447739188 1.972961934392035 0
5.828236148666637 0.3258217481616733 0
10.24110939290847 0.4493933428489643 0
-1.606317888194057 1.680173510118506 0
-1.021266645538636 1.993908112692961 0
-0.8633214015006524 1.587910652883457 0
0.7773925022029559 1.102070348518111 0
0.8025437101965679 1.008663699072321 0
-1.296134315714082 1.643785813132984 0
8.080236804382942 0.3919193663310422 0
8.198458779244152 0.4427773293365589 0
1.162168086156384 2.006975137239158 0
-1.863833703042991 1.995566091292574 0
-1.960718351528887 1.873549043101307 0
5.019108648106312 1.642767268014834 0
5.0263150171939 1.496767042532595 0
3.075343625176477 1.977708585651397 0
1.122496833730283 0.4195436917140961 0
9.469858886675137 1.577156020187371 0
2.135982995569755 0.2074095151317428 0
2.071505918621684 1.394007087628131 0
-2.762258726123978 0.7628524168363803 0
-0.3386943071264022 0.6420615333435993 0
-0.3109910897837864 0.5820864729541047 0
6.237056391127618 0.3468176042535968 0
9.663391691683373 1.963432554170708 0
0.78488195232653 1.966612968215492 0
11.21434989420685 0.4776887411688629 0
2.541244058200571 0.5314098740616279 0
2.525170725281685 0.6205894261074181 0
0.4812862321287082 0.4755491526997349 0
-4.311585187105425 0.5058220705676993 0
-4.473925407750974 0.5156469233864351 0
6.142338629460342 0.6389598064206297 0
9.685317345640996 0.5463451224332354 0
8.898392240561778 0.5341983919402818 0
8.872614748666706 0.4017300211313524 0
8.934115327775691 0.6669950508728155 0
10.09781207649682 1.971429788138727 0
10.23020090671765 1.871675526278854 0
-0.1052346045612375 0.7368907100027771 0
11.06922959242346 0.4282975065468716 0
3.355022467346494 0.2550304145134646 0
3.274147566390439 0.2892998700876545 0
9.511130321686508 1.906032863644155 0
9.535039560580454 2.064186595697219 0
7.957503320879392 0.3369655876975744 0
-1.905740721625715 1.729271682978079 0
-2.057511692238753 1.751929446836737 0
-2.11469700251481 1.896704004717799 0
-2.211118677743792 1.773258717159894 0
-2.270239623615527 1.916399351791567 0
-2.367002491428157 1.793973481762376 0
-2.427363764299886 1.935257295530771 0
-2.52509964419703 1.814380504545566 0
-2.585985506435577 1.957859050607912 0
-2.684625902875363 1.835611067441323 0
-2.745711443375258 1.983530201631521 0
-2.845372444761177 1.857722227614362 0
1.622381324075904 0.2913141132622046 0
1.568711601244095 0.2414048046244209 0
1.636864605878833 0.2213825706947546 0
10.51176054249087 0.5428693399177036 0
10.53851626850724 0.6886052009425875 0
9.662502432228473 0.4072093937192022 0
1.510760695289737 1.315717738189814 0
-0.8611814159047637 0.1912710401876996 0
-0.9290268970994129 0.1940943609651844 0
-0.7953844247663119 0.1875646588576606 0
-0.5618825059328347 0.9456935248096697 0
2.165832440202519 0.7458038015906274 0
5.130411207892433 0.2810876213732258 0
7.201474991805981 0.4459790245827846 0
4.953722880504795 0.3950879070882499 0
4.953084402305727 0.2909993799357528 0
-0.3748471790950323 0.5880758162697266 0
2.405044264761368 0.4170795657839821 0
0.7376898840750653 0.9411165383676324 0
0.8265710537248945 0.9181360166111473 0
0.7615705991696365 0.8546704695792537 0
0.8930422989689754 0.9839602637908558 0
1.18147589073745 0.2210560548622524 0
1.134738263317872 0.1755588044894022 0
1.171006512137515 0.4721490516362211 0
4.772051605590669 1.483507151364086 0
-0.3861911375902299 1.140272741913901 0
-2.907326943806342 2.007036910819435 0
-3.008210706531749 1.879577834730491 0
-3.069893460132055 2.032832147707112 0
-3.172204580594779 1.902032339263264 0
11.35921390569315 0.5277393122754996 0
11.391025275196 0.6779603296537449 0
-0.5131290525056742 0.5660588653765793 0
7.314115090225831 0.6541532770462728 0
8.319058413412257 1.815289755735166 0
8.349627099521538 1.978291779218417 0
2.811289163632841 0.8046542942962884 0
2.730784758685886 0.7351057976079703 0
1.992166974215176 0.2529588529163984 0
2.609071291158919 0.5898651023258403 0
12.5412447618194 1.973201675466482 0
12.37784715704743 1.916989614919437 0
7.19198743277421 0.3258571220723386 0
7.300951573587893 0.3771808895708438 0
0.5378651498108813 0.4599007694264423 0
1.133771222923351 1.115844780360491 0
6.146618681963741 0.7603431074302317 0
7.522667248588403 0.5013861571760683 0
1.520917459575923 0.7650729713420977 0
1.271541905378776 0.7498336878444486 0
1.785410871382461 0.7761933957215469 0
1.714255791952715 0.7087075514066716 0
2.193746830903667 0.257038164051126 0
-3.541501730219541 0.467581801005992 0
1.316276016399508 0.185024813519177 0
1.375811558698424 0.1561697659436548 0
-0.4689798613695699 0.4380241381143209 0
-0.2121460465151372 0.6228136993483281 0
9.007278377683111 0.4461251298648772 0
-1.746320301760682 2.122380253827427 0
3.434287189288575 0.2205123632065474 0
7.149820520927392 1.693794253933757 0
9.79434039815429 0.4569071477623107 0
3.61543891451114 0.7899077035920317 0
0.498821343376114 0.4186305979778427 0
3.905650641109269 0.7625815546228929 0
9.910730638411895 0.8754126798514893 0
5.256121337699435 1.827072185845163 0
5.25142004063288 1.994495644058472 0
9.101128950540188 0.8576038302014031 0
-3.605268939536899 0.5953213904866331 0
-0.9606757234869835 0.2546397996926174 0
-0.9991036203692919 0.1961285429995248 0
2.008445455174995 0.1814821804503651 0
1.93951465569682 0.2026862123047318 0
-3.305855692555131 0.8205323481456765 0
2.302345925974293 1.773441750391463 0
2.264477310092874 1.915960859469817 0
2.372083510754163 2.004036598038715 0
2.484497177397353 0.3902245722333271 0
2.423748168251721 0.3398974120335404 0
10.74305861636494 0.8794711975589904 0
-0.9038440086412628 0.9100036987627118 0
-1.324950353939076 2.045503160481529 0
12.68898087891943 0.4752091495307227 0
10.48593960013879 0.3983458535365182 0
10.62397986875808 0.4480674313957411 0
-2.462816533095467 1.669712821455707 0
9.967163062355986 2.07095473555985 0
11.46923550224003 0.9842647191718777 0
5.38865066600819 2.076091938428947 0
8.064901623755185 2.003792855504667 0
-2.642719785100689 2.11979590514907 0
2.977275333294541 1.738164165128992 0
2.999486158106055 1.609021679472764 0
-0.2805752571575338 1.116679965196318 0
0.5128995167022643 2.02257312073455 0
0.3696201689125456 2.064568907145533 0
5.749426319473865 0.8558141010931813 0
1.429227448312896 0.2138820956202101 0
2.621626196906093 0.7570098805806385 0
-0.5478646580118818 0.3376725688393418 0
-0.5828238567928097 0.2918618776235681 0
12.41323449968514 2.081152808856056 0
12.24798403883799 2.030967913969477 0
12.21867521544842 1.858279199507467 0
14.51008824538949 1.841158005174323 0
14.37884016308452 1.959469483230571 0
14.54661566932038 2.014965479657629 0
13.54531729157266 1.682825571114476 0
13.57614958236798 1.855579491348831 0
13.4136896575649 1.799652927303988 0
13.44974310332598 1.968771674359659 0
13.28564288438437 1.910730561766569 0
13.61158050345583 2.027350449016609 0
8.746150631276784 0.3516358090975642 0
14.11696993008364 0.763356773935312 0
14.24567563118666 0.6469281063033825 0
14.28222482377571 0.8169354503897149 0
14.40657023987103 0.7012559718557414 0
14.44106471554349 0.872608857898779 0
14.37403820778277 0.5298026536822333 0
6.475545558866662 1.510959130732944 0
6.352553893638508 1.592711384816251 0
12.07840527366576 0.4526367430931943 0
12.22908472412497 0.502565469075144 0
8.213260533953065 0.5704302150336654 0
14.31818183963894 0.9883928923433247 0
14.47566632904133 1.044587444870432 0
0.9653906863353539 0.1626555570459991 0
0.9065128119045793 0.1757454956301278 0
0.8878890258816147 0.2325119844382006 0
0.8482744773420687 0.1887753410782181 0
10.85319559389185 1.513419368144406 0
10.72879525354488 1.619387922922636 0
10.88344255800746 1.67583634819584 0
10.75807352754176 1.779747793848354 0
10.91299360182865 1.838709386598724 0
10.79199339535367 1.944067998574034 0
10.94125922983583 2.005615567177226 0
10.60956828141916 1.71811579362756 0
0.1027136920495647 0.6225151390514793 0
-0.6228045971104075 0.5171773231005545 0
2.428340142002428 0.7489431197493976 0
12.96277745212269 1.79910569439375 0
6.050433374212014 1.531633167457367 0
12.52238539950813 0.4323726045676626 0
1.586023821480652 0.1739700445019204 0
-0.02938903777104895 2.052345734814502 0
-0.1760699846148828 2.081091676313183 0
5.526878060594135 1.390282289200113 0
3.425600302831841 1.310815292502679 0
2.430150866320029 1.248961015999327 0
1.100787823848663 0.4895622304536043 0
1.802727184189274 0.6823462650203964 0
11.92743670740526 0.4031002766524423 0
-4.364358031629117 0.9248396732669069 0
-4.527911038263128 0.9439290635466002 0
-4.418005490807274 1.062194316439606 0
1.45370373030453 0.7014478482919113 0
1.543184251780444 0.6750240636785702 0
3.76531017702318 1.281123156639489 0
2.130907112283762 0.583444306750484 0
1.197311303618608 0.1592551557348405 0
-0.8314335301366025 0.1364103446090043 0
11.90865507098536 1.742733460558809 0
6.629224517150199 1.888096412812604 0
6.497033165648684 1.977027523112684 0
6.632074750979141 2.041570004244343 0
6.36359313487773 1.903321660382621 0
6.362374380695465 2.065730984354423 0
2.642067591450189 0.1998305055612552 0
2.572858610019807 0.2251709793593652 0
12.10010295063362 1.965618984754653 0
-3.44644951261228 0.8328438027096345 0
-0.033714380831532 0.7261514820626102 0
-0.07817821597068976 0.6732486156946003 0
0.4218881335641244 0.4797574162024932 0
2.228929987429313 2.055667252782154 0
2.124476683262461 1.95272062154744 0
11.03474687790848 1.731024688352635 0
-2.18608977466645 2.045466965174104 0
5.914219599493238 1.909390389178013 0
6.051456973943262 1.974457028686264 0
0.3287720986476612 1.821261977697717 0
-0.4342583471831464 0.4864438209978948 0
11.33034160475195 0.377841740152868 0
11.47451279710033 0.4275430804401508 0
2.081784387061201 2.102643969300579 0
13.00014953869414 1.968968598356999 0
0.7532230058868037 1.197564828385945 0
3.713071813422535 1.836905660474529 0
3.83350170179908 1.928218775729122 0
3.693995078990561 1.989840625996256 0
3.816418357395317 2.079600018820996 0
3.957934530115417 2.01869290253028 0
2.841349152431254 1.207876565271128 0
2.931522617033798 1.28618212428329 0
3.041396370626048 1.243699864740113 0
1.707690058762654 1.868752435393721 0
1.809727765830911 1.97546713269565 0
0.1357369851807423 1.067215995497589 0
10.04359285693618 1.649404346803518 0
0.1962003002264899 1.137287999113264 0
0.2766143900492134 1.116951953631601 0
2.069548121737515 1.158540501076752 0
1.787346057746098 1.14671417766096 0
1.515135851025565 1.125407579661072 0
2.206846302983417 0.1839295930102672 0
2.263537327890747 0.231469287995144 0
7.320011259077511 0.7992276948222752 0
-1.997234257870004 1.614249813924604 0
10.24792746545847 2.053078395904542 0
14.53789551008077 0.6088737409353471 0
1.026192635639146 0.148990479370997 0
12.44113121668185 0.6944836215664119 0
-3.927714409881896 0.3585306921569947 0
-4.079513818418247 0.3632569132681585 0
5.923915562989148 0.2705227604591324 0
6.041871468707628 0.3257741888346178 0
6.020353745545813 0.21477277460862 0
1.652989325240708 0.1537291478270738 0
1.702768548263033 0.2010085435419681 0
6.888609709274678 2.050483560379462 0
11.36441119827588 2.018952886842243 0
8.837196051302993 0.8989284060904645 0
14.04344311693441 0.4264176545491823 0
9.138977732126239 2.039827214336358 0
9.007826635087234 2.148218398113905 0
8.859410504562984 2.080513700056633 0
-4.401619916379024 0.3697922308258175 0
8.186103237591489 0.3172591919568705 0
8.301239585180932 0.3662049617670912 0
-2.9416136590966 1.7307739041261 0
-3.235468599119184 2.053577822581863 0
-3.337598141667204 1.92414718367705 0
-3.401850481244233 2.076620454312161 0
-3.504775237353826 1.946773186605667 0
-3.272378832306144 1.774865076224423 0
8.154173820572391 1.593555790267715 0
13.59057041623658 0.4400172322427358 0
13.16785551010722 0.6238380642069116 0
13.20409592395865 0.7889816754471169 0
13.13075311859413 0.4612813224076525 0
12.97179091880484 0.4184077016232698 0
1.86437795664787 1.224525124462288 0
1.755961135267996 1.259458422124382 0
-0.5230430500380072 0.2836007369616957 0
6.328165508684844 0.279769564469186 0
6.429725734027355 0.3283258561218447 0
9.234821893109217 1.779800644759625 0
1.440630926403279 0.1519626889202792 0
10.38550433081868 1.934957506722867 0
10.42054885744982 2.09952029731492 0
3.262233077315338 0.3762514935777501 0
3.193034060065088 0.3225315311897519 0
3.204877228119568 0.2373261335662357 0
3.125890852428139 0.2694503842333053 0
-1.03114619859529 0.2590242597849889 0
-1.070461375811173 0.1987128336862039 0
-1.104505620005551 0.2627768129644799 0
-1.145147723975375 0.2008972261884829 0
8.323539973501072 0.9733049787228978 0
8.191688032830575 0.9171172560331613 0
7.12899618837911 1.53930996593859 0
1.719110000301319 0.1347797446733334 0
1.767991203765313 0.1803690277915022 0
11.5340143280081 2.046701836378372 0
2.714795802494754 0.1719199298743367 0
7.517869773387345 2.066068180224848 0
7.388961628365577 2.001073161341332 0
1.669312659574632 2.010179815833748 0
12.47635335584447 0.8534399692508631 0
-3.775834091446939 0.3565431358721452 0
1.150078975135115 0.1151658148772882 0
3.192861225866308 2.073294165580544 0
3.327523725336536 2.010268908837424 0
-0.2683263210468505 0.9633449197110665 0
7.079918588384425 0.2687852975170521 0
3.024279589909858 1.365279622363034 0
0.1167552092262074 0.9229888832583782 0
7.050884932935441 2.102459118554872 0
0.04632093284659828 0.6342436712514873 0
1.395771308521771 2.058148593042217 0
0.830042319622961 0.2442077180023516 0
0.7920252688647003 0.19978513556137 0
0.8089727658745389 0.1469338793544659 0
0.7554906883561034 0.1573133600865631 0
5.916897909605071 2.059322095275904 0
0.1051192515229686 0.7912688046781567 0
1.012688798165751 0.3777673519293824 0
11.31390382925927 0.9330940303090054 0
6.250562337605771 0.8212207028039542 0
1.912021139850219 0.5696038673477077 0
1.97418637921121 0.6288881080472587 0
13.87633676870857 0.3849437775803307 0
9.213060260165452 1.614756300039994 0
-0.3484290044308404 0.5293115939522142 0
-0.2819532203102181 0.5232178441648224 0
7.267918791822321 1.603825231362469 0
14.0631342538696 1.218103397226361 0
3.135818226676768 1.320162754418915 0
12.31711695354625 1.577454778632561 0
0.1216966527346691 2.04052047990366 0
11.28105462009646 1.518731008668645 0
-4.560476747783357 0.380795157658127 0
-4.621564867272745 0.8065516478049669 0
10.42878594172482 1.50273099051384 0
6.042228489462451 0.7114628259071349 0
6.043652133659838 0.8278771812704139 0
1.064167654676986 1.899110775141301 0
1.020398948096294 2.042092752297343 0
2.913124216047978 1.404303440887319 0
-3.482979153273571 0.3425705386633542 0
-3.338710687675687 0.3381923356927979 0
0.361861774220041 1.678964009496304 0
8.520660568393183 1.473751234600498 0
2.890469005887568 1.637038875036124 0
12.19729935086427 0.3559072245791124 0
7.483174679963414 1.436696534800384 0
14.35462201116757 1.160202993408771 0
14.5204808215431 1.212245641935717 0
14.65805060137902 1.070445135408192 0
1.108032363138937 1.765440523913294 0
-1.179983592951559 0.2660276313635588 0
-1.221793733351412 0.2032662034859279 0
-1.25550681455445 0.2685313378439513 0
-1.300182821035676 0.2059310025588586 0
10.31316782492684 1.602951589480038 0
2.275857762996445 0.1623523989907644 0
2.331166872014507 0.207460200387749 0
2.345074120022574 0.1266153772271756 0
2.403056513874819 0.1827027962456982 0
8.978479930967294 0.3212181252372453 0
9.101684935054733 0.3685150699780922 0
0.9145147250414901 0.8942046314094095 0
-0.4081813384830519 0.4299208026900676 0
2.787344418218942 1.857198173861675 0
2.762616892073812 2.006666815638368 0
2.609151651998435 2.077438888460895 0
2.746029338082662 2.164240437826448 0
-0.5134525622387572 1.451067477814716 0
-0.6301857875783405 1.469577583375461 0
-1.33502752162234 0.2726526649024717 0
-1.381270685833614 0.2087142674615365 0
2.621340686418126 0.3543427672656865 0
3.134686013938119 0.1896943617074464 0
3.059875366446244 0.2178668828674371 0
3.056788730537445 0.1335316897249515 0
2.993320495179205 0.1695631749884455 0
2.986700105350551 0.2425684330426796 0
5.147117938225494 1.575919332540849 0
5.15427245161505 1.434157054887868 0
12.86602794195566 2.076909687323228 0
8.40249401941025 1.561684513647455 0
12.3146017375859 2.196948965010089 0
-0.9659542419412025 0.1390351787766421 0
6.345310558127758 1.443875995939289 0
2.320505016769091 0.2800724653885672 0
2.146916847168423 1.239331839044702 0
6.160464893844663 1.748973038726925 0
13.41991921613676 0.3974911724672013 0
13.48603577936035 2.13232340567434 0
2.135300485716638 1.606748297691647 0
5.833514666020393 0.2241231130914402 0
5.742176306246859 0.2619427125681613 0
-0.7685893240892163 0.1336154267776625 0
-0.7332960087831593 0.1816905901059787 0
-0.7080319765146799 0.1300594962001304 0
-0.6744555292375454 0.1748218269662324 0
-3.570154364560866 2.095608330457527 0
-3.672896438494765 1.968079168142838 0
-3.735101279461555 2.118951026161727 0
-3.842926775647921 1.992163507129448 0
-3.777556976475285 1.834348751430647 0
-3.946856041858525 1.856194388972959 0
-4.020333560701116 2.02461925723865 0
-4.11767482691953 1.879933747537061 0
-4.050393259242965 1.720448583841155 0
-4.219812690155925 1.742081711759284 0
-4.286489864435216 1.897322134047097 0
-4.153225715445692 1.584394396111169 0
-4.322475194243995 1.605756639262316 0
-4.255843913013496 1.449276688680519 0
-4.425192554817089 1.469580980970513 0
-4.493826035797346 1.616477920080446 0
-4.596486094219518 1.48747990505564 0
-4.51801169101513 1.342842147925523 0
3.204983167566453 0.1449369521502223 0
14.6319197161121 1.72448060195931 0
14.59838345418373 1.549418813089102 0
-4.008678649756279 0.2400544974506583 0
-0.6499526845427073 0.1259183139033513 0
-0.6183703984205322 0.1690153985898291 0
-0.641704873159713 0.2171275101797042 0
5.117164553834508 1.911936382396298 0
5.114186854209295 2.076780752878943 0
1.589221578672915 1.203708197001911 0
-4.095905404781586 1.432160977237636 0
-4.190408098860077 1.301885871998154 0
11.20955076559127 1.960274816721482 0
1.77015071277351 2.119834908122677 0
-0.5562210327751694 0.2436877432156247 0
2.902738200276965 2.112717795143678 0
14.54053136680629 0.4306810533394259 0
-3.36799744045184 0.9452502998419205 0
-3.511667009619995 0.9691337981522727 0
3.112479363733524 0.3544139528502869 0
9.769948065820765 0.3235897173248065 0
9.902424596169835 0.368876245977932 0
7.294976681208226 0.2642805183905835 0
7.400362263392472 0.3103935193405359 0
0.240669336698962 1.718007306289126 0
7.211551266696846 0.714612631640693 0
3.357150551112808 0.1761567248274735 0
-4.587112279561744 1.095892470717984 0
-3.133142402938232 2.197757863405369 0
-1.842554474411601 1.594730401340597 0
0.8438055975064197 1.171791725263444 0
1.413733879983941 0.09932619874974515 0
8.89112743479984 2.22946098553412 0
-3.225364387430509 0.9179766399309726 0
-0.08149556480092768 2.195176308687253 0
-0.226703572277264 2.221752775162679 0
-0.3172168071142368 2.091546150956626 0
7.666159478702857 2.125676183679345 0
7.797896640609675 2.03283846129608 0
3.426783506437799 0.1346098487514656 0
3.518931532195692 0.1931909698815221 0
11.23731451637877 2.11615890374294 0
-1.107480577162242 0.1431506449581311 0
14.34046670576736 0.3714833533124792 0
-1.893290176822785 2.127397399670175 0
2.254241696060462 1.204248109507756 0
2.225562079356491 1.311977038053404 0
0.7718387779559195 0.1054475337155329 0
0.719687101872051 0.1197619280805035 0
-4.692109032376131 1.351313618307648 0
9.650564821009141 0.2696197554154198 0
2.346247121560821 2.168426055394018 0
13.02707069673056 2.166966573873287 0
0.3741884458757582 1.025602899284 0
-1.41922128990553 0.2803161752486819 0
-1.464561553580427 0.2125823804071249 0
-1.423591907897372 0.1386923335052043 0
-1.503678901021593 0.2878096157661383 0
-1.550346613644351 0.2160463130726338 0
14.00246201131964 0.2578090477191803 0
0.9437306834768885 0.3882743414542215 0
0.905571415921622 0.3412828044599969 0
7.370011832578381 2.170243852219421 0
6.213799741457633 0.2407051177001027 0
4.869630048803421 0.341452057829025 0
4.868162363530533 0.2404836301412624 0
4.872511387800829 0.4424581699307897 0
10.53404366838272 1.990945216084147 0
10.57615608501874 2.161292415571248 0
-0.7985878027868909 0.0839874578450724 0
9.380520705629543 2.007250557139207 0
9.424146392812268 2.188422690443315 0
7.267399074701039 1.766999665200602 0
2.931690274468016 0.1973742834821064 0
9.817950806615187 0.5964819289010601 0
0.5748172085740937 0.1220282550704923 0
0.9251099209921614 0.1239414046328176 0
2.094645635167829 1.739756202623945 0
0.5242496146496882 0.2685461403708 0
5.041684233827628 1.362311150265438 0
-4.626274379931023 0.5202721157499608 0
-0.5928300007520725 0.1276169853383906 0
6.136876894091144 0.4020006632462954 0
13.64448476699671 2.1891508261494 0
13.78944253396373 2.077765082144944 0
10.82868843593178 2.10651762509025 0
10.97644849611873 2.175829597064038 0
-0.1436753010260288 0.6813068821818699 0
-0.111054491236343 0.6292573461679832 0
-0.06175839644656074 0.6155334743983717 0
-1.819766754336017 2.273608748860751 0
-1.139360329309403 0.3343056699933678 0
1.525526388987863 0.1897147375526789 0
6.062650800085072 2.156959304271412 0
8.551801189477974 1.78665392537219 0
8.579217740135643 1.946337683085465 0
2.631381512101189 0.4904186190466404 0
1.536741496040386 0.1218569150368692 0
9.691487014108921 2.125607723722279 0
10.596271344624 0.3098419837402041 0
10.72281577530121 0.357771064566895 0
10.45398770529509 0.2511992861494766 0
2.497139228080878 0.3136870804541746 0
1.62018417625985 2.188294351512439 0
0.5528072160938278 0.4062300179974299 0
0.5967448733623284 0.4469882382008253 0
0.5133638646902274 0.3607589982026266 0
2.651610417972272 0.1226677972425421 0
14.77494233335882 1.606714638650391 0
0.6751795146927911 0.8752441137423446 0
0.6985408709400353 0.7939787134269205 0
0.7819437176287091 0.7707361506053965 0
0.7216028485899125 0.7139383356032898 0
0.6455305946323149 0.7337953396768119 0
0.6699260474289408 0.6585005466644247 0
0.7417167811703612 0.6340906445748186 0
0.6827163177849479 0.5896822092168972 0
-0.3613750624880618 1.049048450634916 0
-0.4568031915245458 1.064215635863589 0
-3.431443016493562 1.086850809088996 0
2.83137275317017 0.6946742654689531 0
2.752569843814799 0.6371059007321568 0
4.951740604432649 0.1875784984519309 0
4.866012079848455 0.1447774186904377 0
5.039239965698725 0.1363044668534956 0
4.782222998066191 0.1883292079537033 0
4.695821250306306 0.1431731531146748 0
6.418939276200033 0.2155235452933247 0
6.520592783571699 0.2642360629417581 0
6.50853674142561 0.1565332452547285 0
6.608353147631673 0.2073859584030301 0
6.620558483376294 0.3127223716703253 0
6.710049306644676 0.2559802970422663 0
6.721712594947816 0.362109090952955 0
1.954689841085789 0.1225904175376983 0
1.887889120001621 0.1541986674562749 0
1.871646172503135 0.2226109039056511 0
2.030502007815899 0.1123742533347519 0
2.148353953779339 0.1254802601068457 0
1.365238756964614 0.7246313874013248 0
1.390163796254795 0.6390567963995638 0
1.3062073451096 0.6576136924271281 0
-0.1818445334388406 0.7363665028293789 0
-0.2198348034124037 1.033384888463382 0
-0.134597118378372 1.023346947244304 0
-0.1768786126676805 1.116329361449716 0
-0.08709207275687054 1.108914176839046 0
-0.04324882826405417 1.026177296840057 0
14.41856439644199 2.119711519641206 0
14.24634194001628 2.077913088129326 0
14.58438698174223 2.188770971987991 0
14.72508077547799 2.067210140678726 0
3.671645659791741 2.145350493876811 0
3.558851226543228 2.047135578043386 0
3.527329367002871 2.208812356431195 0
1.121929610121895 2.142465563280096 0
0.9817202320479388 2.180200059114426 0
-1.266845114884704 0.1346791123352744 0
0.980929245137927 0.9603820557917062 0
0.9609931027560206 1.051090569518744 0
1.060585927056734 1.023727828853243 0
5.933354851200578 0.7710905475892048 0
5.936266866118839 0.8970896468505194 0
1.091784477338149 0.1305243264830195 0
1.152259676153215 0.5468819294692796 0
1.220560268608157 0.5269298378400209 0
-1.590703438899443 0.2930373869728956 0
-1.637620145600808 0.2198756802638246 0
-1.68016091461532 0.2984058528647928 0
-1.728235721766079 0.2232733854166038 0
6.211539429278998 1.527124460456135 0
6.023171322139931 0.5841250986277483 0
0.7496477250949163 0.5628862114136587 0
-0.4042628017846784 0.6459324184920774 0
-0.5346560668980403 0.1252212219013333 0
1.955047856186345 1.305701055131018 0
12.35785158385704 0.3940269517913687 0
-0.5000871967817778 0.2307311932741355 0
0.7035496721814811 0.1699035853141298 0
0.6630477962857574 0.1243717375337829 0
4.701066979601174 0.2362403042967727 0
4.618066895874466 0.1890578694819376 0
11.56817207912938 0.7157547437102983 0
2.062956116063105 0.7807649699435231 0
12.65480965790656 0.2919762077308788 0
1.030473638418322 1.132988903272931 0
-4.024105990072987 1.273493837843653 0
0.363338640567046 0.4012033162882714 0
0.4107440160625053 0.4186517248007567 0
0.43327248163834 0.3270688472997458 0
0.278825307887756 0.464643738766976 0
0.3255252213694471 0.4871829204006773 0
0.2811011704664489 0.5175726122308884 0
0.3323795263238596 0.5358245372852753 0
0.2858919441655661 0.5736218962396742 0
0.2311733267020726 0.5512426551291272 0
12.57539457654431 2.134118502956281 0
-0.2448098065383407 0.5765248837448179 0
3.123408736830577 1.448818908293198 0
-0.4420433689327854 0.590826043022955 0
0.1311365469403468 0.5247997108340725 0
0.1701811427583481 0.5610120415150486 0
-1.588428019812456 0.1436385174416769 0
0.6462647818932561 0.9641926483637456 0
0.6023418455016458 0.8073725635708554 0
8.310226278128924 0.8315649601098551 0
8.170403661056923 0.7642179937455922 0
0.07823542064151551 0.5337798056522748 0
-0.02649293343060909 0.5380811471848688 0
-0.004429832876219894 0.5916355102331451 0
7.410087481524672 0.4386941057271432 0
7.509682682890674 0.3653014178150382 0
7.508120949007168 0.2527309652622984 0
7.608796491357472 0.2921276776941006 0
7.62479320145614 0.42541709620794 0
7.722486788396761 0.3474195323125837 0
7.729219986368368 0.2115925445355798 0
7.828375800670565 0.2751528403072802 0
-0.4508512744418212 0.3775760821186658 0
1.102453871072224 0.07797727581404529 0
-0.2803637270678992 0.4642279203622812 0
-0.2388510510295646 0.4923282422597989 0
0.1006185679996693 1.154489734232627 0
0.5115259094589099 0.841022452326921 0
-3.432407664124042 0.2245736581498468 0
13.5517415283723 0.2879244889786431 0
1.838104402914962 1.337927950192516 0
-0.9990503918831323 0.317696451184792 0
6.81386684337092 0.2954985540569317 0
6.800537896790217 0.1801126988292564 0
6.906240368533744 0.2236279941578537 0
7.010021834293342 0.1694078797160254 0
-4.759654184215901 1.499957889924132 0
-0.4668545491951959 0.2797108023647439 0
1.250922753749141 0.2024937671054811 0
1.258006845738644 0.138164901555863 0
1.317381990757013 0.115912818742742 0
1.06762067282418 0.568540949267395 0
-3.616253074588055 0.3496677328882306 0
-0.1314095171919029 0.524222400573779 0
-0.1782098253746595 0.5633792946050007 0
2.918778928347095 0.7644017021150388 0
0.3209732542585064 0.7500555888597933 0
0.2698016196084688 0.6988263002867878 0
0.3447092963584217 0.682743155795815 0
-3.477212252835312 2.236791215484985 0
-0.63946154297083 0.7204269596396555 0
-0.6126450592542622 0.6414229877080204 0
-0.5506395550093109 0.6991261929663216 0
-0.5057572586281182 0.6409462504754756 0
10.44350643646518 2.257109078069685 0
1.723821051750455 1.371208943981404 0
1.811509920010694 1.462231279943923 0
8.289761971254922 0.240724780451869 0
8.400779124970429 0.29297442017817 0
8.176041744239081 0.1957658802828071 0
-0.4878890460068265 0.3296141609372781 0
-0.5098288345117099 0.3876653493280602 0
5.039727246209698 0.2324519219957006 0
5.119816131707434 0.1769433122069839 0
5.211488709183808 0.2239725589993781 0
5.22352459230693 0.3293169852194402 0
5.306297993818109 0.2651211124801466 0
5.406529101674726 0.3123264221421712 0
5.439174715366755 0.4270949588492539 0
5.518031724732265 0.335145034297188 0
5.484119696578837 0.2406658074358274 0
5.585695235223992 0.2662443274586884 0
5.549286231342423 0.1713630318799743 0
0.196949716933945 1.823123486653532 0
5.535853027688145 0.5015973287387453 0
4.608383806868613 0.08735650333345826 0
6.108211454846465 0.2547147974293117 0
-0.6837528225595619 1.068538749846379 0
-0.5655781274388368 1.051526717815104 0
-0.6827284429084303 0.0792143593630831 0
0.6950816803860147 0.07930072989342796 0
1.620325447487557 0.7355430533306551 0
1.635556354638744 0.6489297524540403 0
1.733004527563903 0.6105150212588435 0
12.32104534017011 0.8010938271334316 0
1.213882835062822 0.6747181720106391 0
-1.711521376825132 0.394543008345375 0
9.086862756837171 0.2265582233562302 0
9.214833802565268 0.2913180929165325 0
9.230606537414799 0.4122896518783661 0
0.04368688352257551 1.078418871617971 0
7.179582906016767 2.010093092987886 0
0.1680629002976227 1.233937116645565 0
-0.01676349476793199 0.6587220128675035 0
1.880549536459434 0.7487077091515533 0
1.230708090038412 0.2688828523424822 0
7.184801214167637 0.85532328736542 0
7.324386964217226 0.9354425232366075 0
7.068446268094662 0.9587637862426814 0
6.933999508110855 0.908464386795196 0
-0.7408284527769828 0.5828067745812949 0
-0.7853875310698089 0.5029064422758958 0
-0.6986208942237078 0.518701615603528 0
-0.6415887702536051 0.2981352553119951 0
-1.754005921932393 1.707165846787346 0
-1.696543148337776 1.569678186480745 0
-1.577414105779734 1.558742679513453 0
-1.639363848682003 1.460592836841761 0
-1.455471283027146 1.636270737343082 0
-1.354634808360782 1.532873421127388 0
-1.2269486314295 1.516582231034366 0
-1.329436540056015 1.412666104601539 0
8.408869421482045 0.4258247663301039 0
8.523543615315791 0.3430065326100159 0
8.399247056212316 0.5314175678483234 0
-1.769983338792796 0.308578646049011 0
-1.822756341085195 0.2259282538708893 0
-1.867834893109563 0.3140702882393159 0
-1.920722703898458 0.2325714960929494 0
-1.765269257761229 0.1468066966125962 0
-1.915468012727307 0.4071946427582036 0
1.679571138306713 0.3434611167091082 0
7.209444596993842 0.5746591075284874 0
0.02656288902202154 0.7832695783704477 0
0.2336908922187668 0.4912092263915442 0
0.8651370487001255 0.1342866082495169 0
0.8887793624849128 0.07995891189227157 0
3.279485038236409 0.2056871535356552 0
1.336555239504932 0.8163018934829555 0
3.069091220450793 0.4297496210715887 0
0.389649403604446 0.5503580779422794 0
2.897059112510781 0.8714834822493912 0
1.966834498040012 1.940014866247624 0
0.5042113766973271 1.666911993463582 0
0.4357960684407967 1.56584723341777 0
-0.5629394939412593 0.1689364508977975 0
-0.7216093487095895 1.563256737981166 0
-0.8203667009281675 1.46919098938493 0
-0.9452243865305452 1.487345742454636 0
-0.9060646631644904 1.378011350851587 0
7.192566600769712 0.1984471075901327 0
8.636703546403082 0.4284460385228914 0
8.441886156851119 0.8858783740869045 0
1.59450230578656 0.8309987092878167 0
2.721231695054748 0.09946001299412821 0
2.784796915692983 0.1421404382762086 0
2.842493820930684 0.1139893767673757 0
13.29304282568868 0.5081613007088054 0
13.24502682039468 0.3410595616003319 0
8.307446854753067 0.6982179539877436 0
1.473960453137929 0.3318874238166811 0
1.490863109692538 0.2516688162269788 0
3.751622209375723 0.4339272163241575 0
3.759981616552232 0.3372513767987109 0
3.84846278548468 0.2992267096516188 0
3.772887453934176 0.2451095248073135 0
3.855137616307238 0.2084428888667458 0
3.930628303668604 0.2595369947224164 0
3.782524642985491 0.1566978538428619 0
3.702812453301136 0.1927400189928363 0
3.934261020847912 0.1695718925275479 0
4.009563037433331 0.219644217056505 0
4.012623331568868 0.1307882735579481 0
4.088916573500462 0.1791578149239902 0
4.171327471089652 0.1284538979463293 0
4.169738817680859 0.217797325572551 0
4.245168229940926 0.1677998482435714 0
4.249733872405942 0.2591925590392615 0
4.325638859509692 0.2111909656508987 0
4.330570811754565 0.2970583452219435 0
4.408880595962609 0.2466316907476962 0
4.088576248794441 0.2657660946575325 0
4.400114429537121 0.1537220504963833 0
4.482871671495126 0.1966545400224675 0
4.170733568554752 0.3113667496447037 0
3.667232383626653 0.378137504729677 0
4.418801792526526 0.3388891430832465 0
3.667791763342386 0.2783600074149283 0
3.614180285749882 0.1989129768267686 0
-0.8972326538639536 0.1427548135089444 0
-0.7538652962844483 0.2440224060028213 0
2.581594874515842 0.1477616925146403 0
2.516605198584616 0.1737187388849198 0
0.2664473273809206 2.348827777056866 0
0.178506244239555 2.200308942526489 0
1.598526460013176 1.411831767290169 0
7.826052341178113 2.202710092515455 0
13.33397321018236 0.6718936389992252 0
13.37332129124973 0.8373484957418991 0
13.2476629126724 0.9548623088349812 0
0.624345374443491 2.350314387713614 0
0.6941340209182304 2.215795592018574 0
0.5334024388342417 2.230518162694685 0
2.914566701749742 0.3300788813211529 0
4.91107993718901 1.42232655001212 0
4.810426637972454 1.350635623063291 0
4.659514659939899 1.382939999500765 0
7.849310821158261 0.4092468017021947 0
7.955799744882539 0.2045026699882842 0
8.074004530932562 0.270208548039198 0
1.245736915168058 1.73205774960751 0
1.144333927678378 1.624792810182458 0
0.9657877046589312 1.804965086773512 0
7.641117216655008 0.5649052422096343 0
3.946807767826308 2.195133668747706 0
4.103014963856713 2.111952741318755 0
-0.6212848523719571 2.347497547949556 0
-0.7077008773208392 2.203944225694174 0
-0.8778604230828747 2.204940067044066 0
-0.9787318065159357 2.348054951289232 0
-1.053185038117528 2.168073453199463 0
-0.540123746507307 2.211404536367792 0
-0.6423308092031212 2.066838661626899 0
0.984481328547639 0.111563366382923 0
0.4898641870765768 0.2316885046502349 0
1.340941481078228 2.35796937113706 0
-0.4974969774291833 1.151987807604699 0
1.158704302290924 1.020044768040302 0
0.8446952638847153 0.8341562525299564 0
0.8658095382677834 0.7586708312306164 0
13.49014051856611 2.319396347429326 0
6.985034747049156 0.3469981132816884 0
-1.243010878320081 2.184626814666946 0
-1.334160792584516 2.344727702233873 0
-1.410222916080179 2.193988095006156 0
-1.589669805398293 2.194672145037592 0
-1.970641268893218 0.3197200580484948 0
-2.075688242483843 0.3196164018208294 0
-2.020105822709554 0.2308945147698871 0
-2.123882543116826 0.2301423740217321 0
-2.182497760924496 0.3186378206020432 0
-2.227761107067344 0.2230711184109622 0
-2.28635905072894 0.3104585257263586 0
-2.333871822680507 0.2152584280356751 0
-2.393815936960118 0.304631992637146 0
-2.440166401878261 0.2085083620332075 0
-2.510818823406892 0.2983237018952619 0
-2.607798527628152 0.3751404468537654 0
-2.618014027415762 0.2709786109672231 0
-2.701951757579175 0.336278085902039 0
-2.71926223464839 0.2109850071290642 0
-2.810998636185379 0.3108322193131173 0
-2.362365639441216 0.4186596094168419 0
1.972733546036831 0.3292674511257767 0
10.6173927458774 0.9851998320455507 0
10.46827049396864 0.9325328521220639 0
5.273191395831734 0.1634564139959621 0
5.381516709285449 0.1871606540672209 0
1.686905681667601 2.350033389854023 0
1.267579983202587 0.08116612582637717 0
12.46826634564946 0.2718788392441368 0
5.41859495609981 0.9261606131578045 0
5.309841296648679 0.8613335771918492 0
5.194507771430876 0.9264560168729875 0
5.084173558447136 0.8643293746876856 0
5.205379236113526 0.7991351382759598 0
5.096553247754727 0.7247860866527797 0
4.982302817572898 0.7997130000221857 0
4.976041916147748 0.6867617850924832 0
4.880421532684396 0.7420633829296819 0
4.875203234276448 0.6345665683461079 0
4.785521164924485 0.6857403818109532 0
4.781068563455277 0.7985827081626066 0
4.676420343871794 0.7234009601636705 0
4.790671072311549 0.5838570273051463 0
4.680586627386014 0.8563941695287022 0
4.570509953127634 0.7956027361110176 0
2.319779717967409 0.4458847471295775 0
2.079495525513507 0.160036713810511 0
-0.9989576039330418 1.607486171509789 0
-1.085697032631698 1.507643550504234 0
8.392741109029721 0.174653403825114 0
3.304051207515544 2.170350836864754 0
3.162294767782972 2.222947862659494 0
9.880530890434347 0.2299390423586446 0
10.00798318392423 0.2912597252171172 0
10.03371047249848 0.4175732340502827 0
0.4003004422173678 1.183183485409114 0
2.168776573505347 1.487846717644199 0
12.35223076589982 0.9630032806347926 0
6.825232158606422 0.9878094090034928 0
-3.820645055988459 0.7498074716425653 0
-3.669944352371037 0.7315462845830212 0
2.067348208704573 2.349453651597151 0
0.3716139741116935 0.4528129355483327 0
0.03117892467081214 0.7115193235648068 0
1.072137525366761 0.1910665060891478 0
12.50757592510306 1.018795304486702 0
12.22347051354132 1.075450588308587 0
2.415162631829509 2.345846495747295 0
-1.318689749880211 0.3985680055092576 0
-1.183931748829208 0.1277261801267885 0
6.467852276612104 0.94991192871861 0
2.140514644170348 0.8459828036092489 0
2.08227865260805 0.6759360645110697 0
2.753829439006322 2.33499972291805 0
-1.344246245289269 0.1362612118358972 0
3.189228792828298 0.8595635139060582 0
3.292101529115134 0.8149359846683268 0
3.384694599878132 0.8820629642876027 0
3.394053557576775 0.7696047781854253 0
3.503352303252647 0.8199080248211995 0
3.483689118926869 0.7049833160041477 0
3.399884408590205 0.6627970553960858 0
3.305477177888829 0.7066675822211842 0
3.314900089353742 0.6064269521857369 0
3.229112711400536 0.5521579129865418 0
3.593259015409154 0.9014268067449116 0
-1.503825687259966 0.4038620530666044 0
-1.036215329756939 0.1444850615024981 0
9.302638315544669 0.5277721578068224 0
10.60373874670096 2.343510310739193 0
2.548776100203661 0.4463512291807947 0
6.663483282225286 0.5475676143110003 0
6.768034094112073 0.4655402923339192 0
2.605990354067823 0.8769041980939565 0
2.522340914176307 0.808737182899652 0
4.977232104245041 1.99372173327848 0
4.966501214677439 2.159430704158609 0
4.843281378438165 2.042757930967345 0
5.107349867239009 2.241715646460852 0
-1.078470378990205 1.009597401784232 0
-1.143191742210784 0.9154009797227265 0
-1.257671792921315 0.9199738634926413 0
-1.206224786296772 0.8224932925648807 0
-1.315247668988676 0.8260583836026508 0
-1.099339635442274 0.8157726540831706 0
-1.367565619165803 0.920725894636092 0
-1.423701824331561 0.8284356221328453 0
-1.26531728566117 0.7278515912792194 0
-1.478408224885487 0.9243897776830039 0
-1.528661905356238 0.827449444855347 0
-1.156922927196277 0.7341054946567117 0
-1.062984690053178 0.7369628982162084 0
-1.008918359156388 0.8074568318713038 0
-0.9603771377540012 1.002911198482073 0
-1.017604298338996 0.8993181339572024 0
5.723446380413774 0.3693325973932697 0
3.841564878187937 2.346668482358278 0
-4.238252673778616 0.3684641658673563 0
4.640270711257349 1.545542989256602 0
4.521879836373032 1.461323855310401 0
4.530537419685571 1.320742540585722 0
4.39735176675615 1.383452826239416 0
4.383115412914812 1.529138257705709 0
4.263066296257395 1.444503358901727 0
4.283590062276589 1.304649161861106 0
4.140908994339894 1.342314408153112 0
4.125680257668259 1.503847302452442 0
4.007907380114569 1.416092465730019 0
3.997722038864206 1.287243739921627 0
3.886175048476619 1.341094758927404 0
4.407813945173198 1.239439746419027 0
3.87128707164405 1.479683845606292 0
0.4553095380362374 0.3809745806818874 0
9.331483136424103 0.3346429897912944 0
4.196439138797386 2.355914439117797 0
4.26245850464391 2.196340912247614 0
4.453151762741913 2.196792607855051 0
4.381859572768009 2.060346223191655 0
4.53712618368197 2.064182394127908 0
4.627858336258844 2.207683013215351 0
9.533489139968051 0.34453175644642 0
5.423838137263123 0.798481317545463 0
2.524298166209246 0.1023405357391394 0
-3.756250075622932 0.6089056991114379 0
1.338174878109296 0.5730703262571031 0
8.075450224743154 1.002964184737392 0
7.941572582808656 0.9462702303839166 0
7.820652395354054 1.03418140080712 0
1.103482657042967 1.223481679313341 0
8.84728765976665 0.2784079218983838 0
-3.262127880496595 0.452515489447944 0
-3.200139989108865 0.3343574153377629 0
-3.054395906586396 0.3074260617653383 0
-3.159133170779457 0.2116839818545186 0
-2.991235763585997 0.434941045423828 0
-0.03000382799659124 1.684948320849292 0
0.11221845401842 1.645840505320052 0
-0.009354289281935269 1.561743161586555 0
-0.1214537691309244 1.588064201215229 0
2.340353977900138 0.3625730308960318 0
-2.232601405501371 2.349881202466312 0
-2.298449205480934 2.198500858120223 0
10.34595407870211 0.3544120558801063 0
10.21139285567734 0.3258830969791339 0
-4.866646008819207 0.4449177570354294 0
1.832420715863617 0.287973591162445 0
4.977007659460654 0.924873138769758 0
5.983952665897947 2.346397500037446 0
6.253478467541631 2.18027828255258 0
6.331973058071307 2.335080979787198 0
2.435297319181235 0.2599964395958349 0
-1.824008752679985 1.048935460655934 0
-1.894970743937983 0.9432460216137281 0
-2.02137140478026 0.9480301865169465 0
-1.77058540048444 0.9363406093111639 0
-1.836378028612295 0.8427100325766458 0
-1.724879478009372 0.8367402154793768 0
-1.657097924762536 0.9274601233562192 0
-2.082396491501044 1.060298604249711 0
-2.149173351845552 0.9521749731449631 0
-2.08156796782139 0.8237234312001489 0
-2.216743162236759 0.8359052548281276 0
-2.28617324787928 0.9565749373378201 0
-2.341106577698667 0.8439572146892133 0
-1.694002150626161 1.041313411852811 0
-1.953490343913259 0.8461548978268985 0
10.11806353937262 0.5341434259724305 0
6.69472293098489 2.346337358437947 0
6.79711237152888 2.206586012293498 0
6.135329235488296 0.5142755276706238 0
9.079385602365546 0.7149263163747568 0
7.037233940676014 2.350209157292612 0
0.2667306169511109 1.215741990494358 0
-0.5795322236733004 0.04628965737036772 0
-2.306190609115966 1.657271371906398 0
-2.401306759498274 1.52732007698904 0
-2.151080755753402 1.639759862941215 0
-2.100175402660466 1.502149597398282 0
7.419154752053464 2.343957146200172 0
10.92807007212233 0.5141861831816165 0
10.93823823694068 0.3515101198489903 0
11.03997322231044 0.2801217431383834 0
11.18252027739367 0.3363546357345953 0
12.81330710754579 0.3682922105208393 0
-3.102979711127889 1.756104607105622 0
-1.375672259590877 0.7326857479226596 0
4.733989288310255 1.931894921424322 0
-2.130608791259685 0.4150964000518125 0
10.34588997082687 1.0352481877096 0
8.124412567509987 2.347563724058796 0
8.216563377219453 2.226917904944462 0
8.372414001356027 2.172601300539121 0
8.476788101663368 2.342507930191754 0
8.551820592665486 2.197861064150084 0
8.040616756432135 2.195120083693845 0
6.465662654464129 0.8155561918437673 0
5.756191601745671 0.9855309322950685 0
11.43921237585441 0.2584228574855837 0
11.5939839046144 0.3298015005106504 0
11.2709619250438 0.2361707294596596 0
10.71812505987713 0.7257788461069824 0
0.8231009254171913 1.272854475918945 0
1.56063647608925 0.593529763511897 0
0.5527261206043652 1.549020313868875 0
11.80158444724049 0.5110184437178064 0
11.77840508524851 0.3528730933227796 0
11.86167963233593 0.2566122000875034 0
12.03876858885399 0.2836562469893273 0
-2.782178598201897 1.71563587396799 0
-2.880896201923873 1.599599581618503 0
-2.620650433139773 1.696693910771583 0
9.119386268616418 1.005897137487488 0
8.980872630717357 0.9499435280033781 0
6.316050737443073 0.1769981240165581 0
6.118961738184664 0.1570046980574012 0
6.012500089880133 0.1047714506600628 0
-3.965116960062053 1.548900437871953 0
-3.869317696474204 1.69773744831209 0
-2.647809667200026 1.09321066989423 0
-2.725544320507209 0.9804426050077184 0
-2.583223534652787 0.9731617939279827 0
-2.866646368523574 0.9847367237254323 0
-2.504659566765703 1.085236418394249 0
-2.431663409308883 0.9468876028684117 0
-2.933702068283746 1.110374019090942 0
-3.006824572316413 1.001566973165362 0
-3.073738409258931 1.12616147312553 0
6.032059863464001 0.4505632546916499 0
6.605589513912268 1.430353321103607 0
5.143194841415463 1.722731329424319 0
9.932806622916319 1.028333905537562 0
9.788652161899185 0.9741365927003645 0
9.767793339717585 0.8221202244166359 0
9.667010814755177 1.072759735805664 0
9.520437985995443 1.020115852864278 0
11.19445479508546 1.036308076717979 0
-2.467950068883245 2.187721567695637 0
-2.602942479034976 2.331537270339571 0
-2.73950923463292 2.244220425176724 0
-1.871443947655689 0.1470672286004474 0
4.733190829416111 2.353417056308554 0
5.449766492234938 2.34967655924781 0
5.625977716400155 2.348776633108095 0
5.719026004868053 2.215085076141061 0
5.533383529185449 2.179928593665399 0
8.460238654792706 1.029008871699183 0
-2.652075288810576 0.8523057887001766 0
8.858103683768139 1.046149144929061 0
-2.571047525028 1.562495514286907 0
3.926274983381361 0.3527374944545943 0
-4.816239743459445 0.8053826499217657 0
-4.849609397098071 0.9885868445300798 0
-3.434349503807405 1.795168733674795 0
-3.357458063329647 1.655292503877983 0
-3.604177276136701 1.812320825418241 0
11.62375922657669 1.036154947113396 0
11.59266941461969 0.8768948309768234 0
6.440245643384213 0.4435683421232662 0
9.881284486138984 0.728663225885294 0
6.223014444609197 1.375645543378411 0
-4.408622179998382 0.1277435262352171 0
8.055506377678867 0.860890837715637 0
6.21703354024468 1.992432896871856 0
1.29476282042849 1.602564741546167 0
5.902640825133981 1.458094064319355 0
11.51664867933852 2.346851997727075 0
6.990856839553222 1.477445407078096 0
10.76827639333259 1.037087663134173 0
-1.461412595076064 0.06825362839020513 0
8.010226100841303 1.534181832044883 0
11.87553941192296 2.345691361909142 0
11.79046789509501 2.194752858120117 0
11.96115054631969 2.191752606990837 0
11.86201962928232 2.044707293312097 0
11.70248999490625 2.04894230325275 0
13.71517055332718 0.3384334632886103 0
3.506142255472869 0.2782231883672281 0
9.069374866936801 1.555993878214967 0
12.1905337519545 1.687362681796273 0
0.5722444421213674 0.04097018032678411 0
13.4100194579286 1.004045662217619 0
-4.355434289422571 1.323920682084858 0
-3.657586589955129 0.1143929267744526 0
5.656423649000045 0.193454479170972 0
9.543084300915208 2.344313175026471 0
9.910714285713015 2.345352606467068 0
10.09244318677046 2.352166648232635 0
10.17408193666916 2.213804506344855 0
-3.688434753924132 1.684511219116714 0
3.901828447069885 0.8782249517900825 0
4.003308609935459 0.8258557563842659 0
3.999652401698905 0.7128480330910986 0
4.116453258275665 0.7776571228382441 0
2.777016558341812 0.2214100144180357 0
0.687922267119995 0.2234563471731046 0
9.890294612749141 1.593512404783305 0
-0.9714263426221557 0.04982340803841846 0
12.77830899809921 2.345449416484025 0
7.198608208551176 2.174835532594941 0
14.84888206057919 0.6266392106506216 0
14.6959040597944 0.7043447852678391 0
14.69262249100808 0.8801465655528433 0
14.8444915425018 0.9806459379055406 0
14.82826556622854 1.161261894530833 0
1.913592116417012 2.094912267569413 0
3.853748737137439 0.122443367851844 0
-3.837263874086288 2.355944044813846 0
-4.016907742876757 2.347538656424804 0
-4.104307600464081 2.189662219687117 0
-4.283975443373925 2.190896751741982 0
-3.902219100236969 2.182717295959632 0
-4.374437551166903 2.345343518436367 0
-4.46565333902323 2.191723047759569 0
-4.643109752138166 2.206601998418556 0
-4.555221450950673 2.036429364015272 0
10.5957017914313 0.8323544267333762 0
13.12410660628314 2.339909274380867 0
13.2154973282955 2.193192196144727 0
4.191567462365565 1.214296311913983 0
4.549095469747574 2.350945094383193 0
11.16787675875914 2.359844143931344 0
10.35111718881429 1.766092838914389 0
12.06080594883364 1.031427773601945 0
9.039563024536079 0.5776253336352817 0
0.9266407396345289 0.28230530821827 0
13.25031608477111 1.742208283304928 0
2.181976330054046 0.3344942601358636 0
14.37898204279782 0.1347030279593417 0
14.73079034525259 0.1496036413466715 0
14.64440068934955 0.2797979778623256 0
6.241937380689774 0.9568036300133971 0
0.7801819221568739 0.05245269604336555 0
1.782259163916421 0.115210546065805 0
1.736734858308562 0.06220929597080003 0
4.541044560552399 0.9145865518534739 0
4.442835016693403 0.8408162829571021 0
4.48139006359145 0.7294369436736671 0
4.359366372153854 0.7420156771052776 0
4.313401885489901 0.8816215406781096 0
4.236405779899645 0.7760905038932725 0
12.40299653932044 2.349123801064401 0
10.31380603043922 0.8835534205078626 0
-2.893363411766237 0.09978095141805764 0
-2.949987143464026 0.2052519665907309 0
-1.144932781031712 1.62883404308986 0
-1.103156707892698 0.05646797285255133 0
4.106651532085172 0.8951182442590659 0
3.909241731776877 0.654348427788771 0
13.88102904037202 0.1334325729002678 0
-3.689812258237105 0.4756069046680917 0
11.15802213428767 0.882876891489657 0
2.415905584294062 0.8520575709482385 0
9.645776386553646 0.9216621169755334 0
-2.669000730577979 0.09693866235516353 0
6.363481089304355 1.744831968838518 0
3.180213460324682 0.4090482091584372 0
13.21194225793821 0.1685369509124119 0
-4.845442586479908 1.874844150046086 0
-4.69365997490894 1.789453645885254 0
0.9946442689181505 0.05455544946805703 0
12.87200047621889 0.1309072660236493 0
3.202221762312198 0.7518618819362093 0
-2.452364512971982 0.1070118890046392 0
14.01917124064695 2.346525068796005 0
13.92847998726661 2.19431058019809 0
14.1191296957587 2.176176156467957 0
13.98287755941259 2.040210135826216 0
13.88184029586311 1.929506873853983 0
14.19876720783151 2.351557771316386 0
-4.833714976067589 2.220836858450771 0
-2.236817401799378 0.08053602182365321 0
9.371818343262522 2.347189536840115 0
12.24235985947865 0.1246162051149322 0
1.859627246700693 0.8446405921524942 0
0.4340532684945887 1.095293694316036 0
-2.03938665925554 0.08012837294898695 0
12.84713180103684 0.527041689982318 0
-1.505820457371238 0.142027222889819 0
11.6316422899236 0.1235870695803928 0
-1.239883032565613 0.05977597029118315 0
-1.384576130668538 0.068246657437597 0
11.04291439911195 0.1384657023965694 0
14.43444528470838 1.49541659827 0
11.30821955728424 1.684013499997042 0
10.76010117308093 0.1187454864959628 0
1.417142964197867 0.2827122312379581 0
13.75241104744704 0.4947835525819617 0
7.800163066281932 0.8944952017356824 0
10.21027481408042 0.1121568514438117 0
13.51065644083536 1.511593500941029 0
12.92771206876272 1.629943352620727 0
6.602996932802458 0.09895580763214765 0
11.87606117517932 1.576634542722817 0
1.753149403171697 0.2476656181334336 0
0.8613541873739805 0.3855348894661267 0
0.8589624828143974 0.3006063634156552 0
8.956110035124713 0.8080001087556106 0
9.657541716753139 0.1298140952588562 0
-2.215692131730516 1.069577678927316 0
1.405148443484107 1.252988330160933 0
9.400139219770539 0.1089170185792762 0
9.46511900437161 0.2264573584352207 0
11.43710566149237 0.8292919482243153 0
14.20930471997861 0.4772791407107613 0
14.22137926743677 1.904144166489992 0
13.11321093587176 1.069156635374213 0
1.309963114019844 0.4419573493401916 0
9.145219712687339 0.1042288265228912 0
8.891563446312603 0.09884093719024686 0
3.399548585096785 1.440138744499658 0
3.305101689817825 1.351562764236217 0
8.640847795978111 0.106237535268003 0
8.581863972236842 0.217763780697901 0
-1.31277317767342 1.022332489043194 0
5.126504660731642 0.08553988685086446 0
-4.151770395734815 0.4997553144388967 0
13.93459965340202 1.334183767718169 0
9.305258292016271 1.362613607555918 0
-4.187224128183928 2.037033098901764 0
7.684357053485709 0.09899061227358266 0
5.272663915690042 1.511751463701874 0
5.284677765734639 1.375922149686998 0
7.464654781066664 0.09093409509243973 0
12.66534474211716 1.074677660679749 0
7.246003105618135 0.09235552149537588 0
1.160810934688825 0.04817308586659353 0
4.251852767005389 0.08061943878996536 0
12.70528396694773 2.023719951578154 0
13.98942026728165 0.8789021740841757 0
2.194067075314177 0.6507870259274009 0
4.254387186090699 0.3516089279803672 0
3.088588158370035 0.06426821306070342 0
5.793228610571892 0.07962534632645887 0
12.89276591150216 1.462256142132529 0
2.69626517892357 0.5649706785621609 0
2.796131242670125 0.5518698588020529 0
14.10113890396459 1.388239424123707 0
13.0782700601038 0.9032583129912248 0
6.352762282927512 1.299399896358967 0
5.505988844162985 0.08248015614766888 0
5.601545847566912 0.08925474465798924 0
2.384927454023643 0.05921069246560084 0
13.38056973770606 1.627537718120132 0
7.494604875990493 1.586622253131889 0
2.057851578860468 0.05510079842325474 0
12.44386385904756 1.46618673415774 0
1.44653669395894 0.05037970985259614 0
2.940687000548034 0.6629415545841728 0
10.76208407467589 0.4979435593666789 0
4.426225829204741 0.07328353226467386 0
11.84311029492886 1.412638092981687 0
12.02846443022451 0.8705630242661844 0
3.77618722583675 0.07544330622253506 0
3.611986182362886 0.06700452127090438 0
3.38303570575847 0.06231312826231354 0
3.637833018613528 0.6829685045308126 0
3.236364716940603 0.06789993505271215 0
9.021083211953046 2.339130169892546 0
11.40693608901558 1.411979153973319 0
1.055639562456125 0.4308749368472509 0
3.014691861978419 0.06136049773095646 0
1.917110138954938 0.2746435876965455 0
4.223158940154426 1.892549837907842 0
9.493027029310175 1.742539881893967 0
12.63253678539427 0.9087877720366621 0
10.97634303663745 1.408196442842139 0
11.27239565826781 0.7790072250545718 0
4.628695206000938 1.234789746066044 0
10.13076056538239 1.390352770609461 0
0.6132277296323253 0.1491250486876366 0
0.6181878393363046 0.09732608303999468 0
2.318127861162182 0.05702694085693772 0
2.185869996560077 0.05850215481901356 0
1.993777643424925 0.05736465308048084 0
1.566355732845808 0.05601692096043585 0
1.868673897060539 0.0535609785987865 0
2.398287512184137 1.370996859625448 0
-4.409299582854429 1.76934126407351 0
5.52168766002578 1.531423053686281 0
10.42504382528296 0.7840407374872063 0
10.55072927905362 1.401421857995228 0
10.64983244393362 0.5920812001586332 0
2.675738701581277 0.4134174493719709 0
3.048465368134946 0.2986363933383152 0
9.488309212038658 0.8728368802426008 0
13.27655683315234 1.121992098047111 0
2.586407084921525 0.6648648297784753 0
-0.3804528046573164 0.4841527062240254 0
4.350787241548463 0.6383770935381576 0
12.47696370488981 1.633735662496403 0
3.332289689012845 0.4301624655455387 0
9.708194933428187 0.6860718147670282 0
3.481905187383218 0.5468706247814287 0
-0.7726538057172518 0.4290299686699814 0
9.861692689429077 1.436198608392916 0
0.985774197505044 2.345224953552793 0
13.53629672531821 0.8883572750955606 0
2.336736070293005 1.631093566814906 0
4.173637121414556 0.6204333116164015 0
9.817848448692624 2.020737818155014 0
14.15378754837919 0.9329669520358556 0
0.08600031840799267 0.9951955284487327 0
0.8132119063038752 0.6836264899538267 0
9.925354294219218 0.5056811115105603 0
5.136209388475623 0.6124576710161215 0
8.813236721334002 0.7586277552796767 0
3.451972056887308 1.186918476293195 0
4.955301087276571 0.4964509334360453 0
9.043056789899154 1.402425425121825 0
-4.732199381748057 0.1641134249474807 0
11.50697034716369 0.5762137840813016 0
3.250996254303093 1.153401479719781 0
13.05501508115584 1.516519214577501 0
2.457578324659175 1.134414743575905 0
-0.3639121443638587 0.4015151756400281 0
8.244270985950097 1.352345811442883 0
6.805062200507568 0.8560297695470844 0
0.2948925377038543 0.6338799029889566 0
10.98325389213157 2.333302522638717 0
0.7646269501144942 0.3039249395002167 0
1.474709174100729 0.6166943393164634 0
8.112341962887527 0.6491074298816545 0
-4.274808403348493 1.165732535374864 0
-1.478073920987013 0.7356991199218658 0
7.901460485375781 0.8104845767086748 0
-2.967875368031227 2.163622871884203 0
8.639773177204587 1.38066135527098 0
8.840464562460346 1.914493924599409 0
7.989206340727768 1.384188419125162 0
7.158053709126953 1.851082050049615 0
7.220540610829257 1.311681047153825 0
11.64054813617545 0.4681952628734574 0
2.855236711125622 0.1897627609458355 0
1.607335318605747 0.107325205573938 0
7.105330303730527 0.6414278701348183 0
-4.2040192652769 0.9096124161033458 0
6.908887230568441 0.7810816746040876 0
7.309292119434137 0.508229657864788 0
9.448535939348931 1.420038108914731 0
6.602546219973388 1.286446339670526 0
14.19019827199996 1.103162885490618 0
0.2565724723993606 1.953410135172157 0
1.889908367117686 0.6545651886723403 0
7.77952619440439 1.876057870740645 0
0.1475237658025717 0.8502964719281098 0
0.0722997066487162 0.859671802665933 0
10.82602135749417 0.2603959126012689 0
2.71931487148063 1.36867893097119 0
7.600919854052389 1.35155784512128 0
6.974793493578627 1.332343533347196 0
11.43555917745805 1.575767249207278 0
12.00082804088868 1.466995051834952 0
-4.543387165253709 0.6603296049864034 0
12.34829478884205 1.746082963135478 0
5.738611427678676 0.7317085668180831 0
5.011984539073778 1.789767367304531 0
0.5522668574889679 0.6281336926739614 0
5.533948443248358 1.253961155066079 0
6.75527984050381 1.801970048294687 0
2.889495873878062 1.956893199826394 0
-2.025793704252411 2.052828020618561 0
0.5801414296667509 0.5037242153321704 0
0.6414188501058822 0.4882203759058391 0
0.6635996541069508 0.4256566763534403 0
10.48597523902284 0.1161888985047836 0
-0.2593952716450435 1.965225925411395 0
14.18074419377536 0.320935921733696 0
6.50668157159945 2.13752397631404 0
5.886006374816573 1.317213628656653 0
1.028907703172665 0.4939570494784047 0
2.225663398817153 0.1146375577233542 0
-3.525036256480025 0.7158157790287915 0
14.68721857144872 1.264957809799073 0
10.57955419031955 1.558263557271337 0
5.781829360683449 1.831793588133326 0
11.00538863513334 1.568488664000989 0
3.771181245353302 1.160836313669996 0
0.6157843580621744 0.6100334109224625 0
1.671333309916741 0.09121881315748422 0
13.57253962748643 1.056311139901903 0
3.052284352029246 2.122750990727744 0
7.437493659413521 0.8610712702763035 0
7.448073325134343 1.001462495768455 0
-0.6539879919279461 0.9665209606069963 0
-1.429772356907857 1.028323502461037 0
-2.401826692211523 0.7342646278614665 0
8.721462082916945 0.2207823005475887 0
4.000540235007274 0.6080129287452333 0
12.26226568086166 0.6559842504071983 0
1.197440659726154 0.5914430628196361 0
-0.9496138612824994 0.6651895095202606 0
-0.8448350264065827 0.04408624141338821 0
3.572437384645172 0.1298774596404035 0
13.08912922541892 1.685737661237307 0
12.38706393697895 0.5477067160153661 0
3.05569001522964 1.126028265583923 0
6.355920335151737 0.7558261065661216 0
-2.142769887987195 2.206010826307138 0
1.85486818397691 0.5096062863247769 0
-3.168358750432893 0.8003333359419442 0
14.22631309064543 1.271777122741404 0
2.75383113115227 1.134029834339091 0
0.8630190143951391 1.712586255844196 0
-2.892557962327889 0.7772795569192096 0
-4.366923683125106 2.043649596115171 0
3.968655569086798 1.866124850715267 0
1.986707709425791 0.7208170534679115 0
11.3976803510667 2.186453601845598 0
-0.6973410042375395 1.37371830963685 0
2.440216567904583 0.6529635274640295 0
5.520108471231122 1.990309456202293 0
2.274373270952363 1.094252600062092 0
0.5046085388599126 0.3104951220079457 0
0.5566172794479449 0.312615934531927 0
1.973946072638305 1.787491176618145 0
1.990343400853119 1.085430100758879 0
1.714040517228287 1.071286778551978 0
-0.9972028458421038 0.5936421439951329 0
5.250678821311418 2.157516166116776 0
14.66938817235208 1.891400922463915 0
1.077203723563121 0.3660838981150865 0
-0.3699216802443408 0.7059976047003033 0
1.68736985702362 0.2689425030548442 0
1.445720670856077 1.051401813896713 0
1.41507163715577 0.557052737908198 0
-0.8536495235668992 0.822254036163252 0
-0.9912470938237443 1.294084788752955 0
6.023787395673422 1.383103133580373 0
3.603280454665312 1.74506485566322 0
0.8692917762416368 1.076394881836544 0
12.03341850948841 1.631321971644708 0
-0.112303994497208 1.196308938715013 0
2.683186313923738 1.630832633644138 0
8.726792932300052 2.183534230504085 0
3.341228704902319 1.857974456726313 0
6.53041985727733 0.3755788936468023 0
2.071231865100574 0.5219710054104785 0
-0.6539437511534649 0.5846040829748441 0
8.659556371056496 1.533998329907243 0
2.500130248928975 2.20904878255419 0
-2.285753017782116 0.7299833146307479 0
14.84025948217661 0.2777070991281196 0
-2.058951583229184 0.699223929283959 0
-0.400900710129562 1.433703825440181 0
-0.4771874119419446 0.926480337202037 0
2.509648561273344 1.955366518264727 0
-0.9256311239260981 0.3153539709117351 0
4.87998652204339 0.8567913950204837 0
-1.168931198375876 2.027323136325342 0
1.270672404536893 2.112014953301204 0
12.19953629351531 0.9127374910043524 0
5.401754208506103 1.450838608671905 0
7.914883024500189 0.09692468240314575 0
-0.6986259803538709 0.2272483496725972 0
1.38622836744624 0.04826418583755566 0
14.39359361314044 1.325181410195244 0
-1.843685420234366 0.674089864571678 0
8.716510117531488 2.008137310864572 0
-0.1308854782493919 2.347559310717242 0
-1.637450120591383 0.6582338748997709 0
-0.8789838504418592 1.958840008680506 0
1.613303976574122 1.767774541089799 0
5.320898745541899 0.7372916705687129 0
7.613173905922224 1.500834232837855 0
-0.3157436277601698 0.8990456608078783 0
10.01111832881061 1.491327274488383 0
0.657485882445719 1.219546068343228 0
1.008634274907795 0.8119174958396096 0
0.893030011457598 1.591677988733226 0
1.83156264544656 0.5943303066745089 0
0.8226621272223755 0.09599457847808933 0
4.47838061706622 1.916859305984466 0
-1.439541699918703 0.6448570711760457 0
-1.256675271870325 0.6204926853490869 0
3.651227132630005 0.1324070796291524 0
9.929221449011123 0.1103024851524404 0
-3.126628480587288 2.377692615267885 0
-0.5944946652456076 1.924049303637084 0
13.12413679177408 1.855452887034983 0
0.3547313864170303 2.209997123909139 0
0.9234665553548758 1.937713253583167 0
4.09066697865746 0.3609926693216707 0
14.69962701806945 0.5390594226681518 0
6.356472393264196 0.8874166120542872 0
-0.107289235876655 0.9469786849950383 0
7.923882432109437 1.937303323033324 0
0.6508254381950279 1.992600553259295 0
9.186175256013824 1.456125901599111 0
-2.833553239671573 0.1937375486223174 0
-2.926365109586167 0.3205393065681941 0
11.15761542077297 1.626251115653465 0
3.757909279020851 1.40979173261772 0
-4.727078673802149 2.357108350339117 0
-1.62482813239024 0.07188069620532686 0
-2.004400838111309 1.389176632027586 0
0.3241566970399569 0.9559423720687259 0
2.413648176505133 0.1122957516862234 0
14.54628661022285 2.358243167922863 0
14.71757125903704 2.333480402983395 0
-1.080059078066961 0.5980835602630546 0
9.851010781715429 2.184542191588208 0
0.1762576211325125 1.519920086121847 0
-0.7928050942287578 2.075273014555806 0
13.08975727915456 0.2997132673108387 0
13.16284867915386 2.027553761441648 0
-4.162964886374334 0.2435935856283391 0
12.12389894241618 2.145781730902975 0
14.55765700695884 1.379218741770544 0
4.009048157776725 0.3109824809999802 0
-0.4740163338296275 2.056509718194017 0
8.538799416684771 1.625870173756985 0
1.57622384424619 0.514930261194907 0
3.460714997185081 0.06376569064190848 0
-3.650802746138814 1.018561169273111 0
0.5996539048051193 0.6785676738204871 0
1.208356214908191 0.1009807552085102 0
6.764006965100435 1.957794670917187 0
2.258256048441555 0.3090766293932853 0
-0.3994234994526471 0.3673830026083689 0
0.5179023128264587 0.7651766752443001 0
12.55591353662087 0.1309710451206655 0
4.623842176170505 0.287938095563561 0
3.249150037226778 0.4624904682699471 0
-0.2147798046384294 1.210107112130908 0
8.128074648169454 1.442439019024365 0
1.240797329475585 0.4571965948776435 0
2.509551120628215 0.7093957588167794 0
4.57434307015038 0.6961426769070798 0
12.06581152240261 1.792595106373913 0
7.761157686615951 2.360430469902917 0
5.785613333911957 1.980806878735999 0
7.406839582280464 0.191592482183274 0
-0.5842106855286412 0.5712716036266571 0
-4.68824935340533 0.9524930709133171 0
3.338848349689129 1.228922424265122 0
-4.698101455903976 1.951784147715776 0
-0.1089073384789032 1.476107297441948 0
10.16119985511907 1.548508705304476 0
-0.3407312523982173 1.860937933801441 0
-3.287481811069254 1.518571028623012 0
-3.562350964588332 1.13961832294638 0
-3.12132584383658 0.1018057824532831 0
4.840088686767722 1.227608101121649 0
7.107092191776823 1.39289251604162 0
2.666810153245754 0.05447890421241817 0
0.7398950203060035 0.2108425166337469 0
6.476725410318796 1.36571469034153 0
1.474800766213691 0.1014359612267706 0
9.329777582278163 1.517633000797856 0
-1.669471402979623 2.3405788142806 0
0.04162570674951742 0.9262721309835473 0
11.1867081626584 1.792141432282308 0
4.097198524871212 1.960058873143631 0
3.583433080764346 1.896865888409769 0
0.006388674509493365 1.454126279869385 0
-1.676664877266821 0.1475370574890418 0
5.420977535857079 1.316249630131867 0
3.987281532970283 1.173507714126362 0
5.316768053266968 0.07434949979301268 0
12.22903460901369 2.349860050888881 0
5.760740392558667 0.1648757344231681 0
6.811608773599481 0.07723352355472253 0
-0.9597294318000216 0.3834254429615822 0
11.06218333524331 1.899247740661198 0
3.145328427186888 1.194842812958078 0
0.4917499320968912 1.45410180801064 0
3.48214285714488 2.365479081345659 0
10.19387917441155 1.708902763624924 0
-4.862772608951302 1.33928571428571 0
-0.664307539725301 0.4614261106566729 0
-3.294846889873604 0.2196410012949776 0
4.768814584856004 0.9200915043737004 0
-3.5764063836672 0.2278077776506287 0
0.9331497819053647 1.152042556861321 0
-1.580894222112465 0.7392819845476942 0
5.917568530762454 0.5997848494404826 0
2.734650932010694 1.248445067186858 0
-3.939391420467848 0.1189562252982198 0
1.045239669173659 0.09742388726398415 0
12.30523102255838 0.2509356946911215 0
12.73214100187941 2.18734484412063 0
-4.555108690677127 1.874684097869985 0
-3.378991938456831 0.1104550998918673 0
6.642186775149899 0.426311706704796 0
1.638005946965139 1.30014857227554 0
-0.4051000702364405 0.5377713871896822 0
-4.092547380213547 0.1215861490920869 0
-0.4431697104453555 1.544055409886898 0
2.050119417741787 0.5910865639010188 0
2.353047321508808 1.170152513176862 0
0.881244108815759 2.067916068179001 0
2.169729181106649 2.204457768168826 0
-2.525853888584844 0.8702688125530182 0
0.2094895784581541 0.5962052345249093 0
11.95167648875819 1.915305069616101 0
1.9703296064521 1.191002627738649 0
9.331967256248678 0.224945469441182 0
12.92824700756501 0.266540394091763 0
8.266438250668937 1.503540913963634 0
7.037977833228794 0.8283619692452656 0
6.139259513860333 0.890044330507612 0
0.7773790067000538 0.2516716598702594 0
1.683396305030825 1.179982502687055 0
5.9277008566226 0.1724053901537974 0
0.2466688973620782 1.606540499272413 0
-4.719126310925819 0.3678416804499726 0
6.289222538528626 0.0811754940142945 0
4.259588756427131 0.6779778325380861 0
1.422188345737014 1.150428971709833 0
11.6271161759983 2.201687115641971 0
11.93417340249422 0.1161458601773825 0
-3.040365196003988 1.618705936789757 0
-1.477662056875881 2.058084396009579 0
1.826205412935535 0.1642818899513178 0
-3.861054743951372 0.2375305346536119 0
1.575796539073937 1.903746578948628 0
13.51128292537881 0.1352969233606974 0
0.6236695308462794 0.5454126654170084 0
-2.723972931947618 0.4425343461531027 0
5.294306455203188 1.246740206639211 0
-4.704548847685674 0.6573741122440353 0
5.668147634102306 2.064840719633606 0
-3.714002487879442 0.2340572161633167 0
-1.797462625908484 0.07192429422542618 0
0.9077292780508585 0.4391335962340692 0
5.170804342381999 1.305074601418202 0
-2.813262495698291 2.127194654501961 0
9.155107290717121 2.205355987885384 0
13.32459483504449 2.07001175147332 0
5.266131832547932 1.665248015351309 0
10.46192753472642 1.65919621090694 0
-1.872065718179561 0.05895915553412831 0
14.7212471903988 1.437546218103501 0
2.919683364047762 0.1281335823044215 0
7.24049931145065 1.454957091248313 0
13.67807170526554 2.353808517319327 0
3.319251757032272 0.5168357676985885 0
11.08902698445782 2.064077833651189 0
5.884853903600424 2.211065000756931 0
9.351321984380615 1.682019588819476 0
0.732633712475217 1.302177069420503 0
-0.2848025862884251 2.360426611764847 0
0.3787957243910554 1.476670776494104 0
4.787270220243738 0.2895370848540353 0
-1.176085967364958 1.409907472669335 0
8.941689191830299 0.20200591235537 0
8.288840082956522 1.65741652901529 0
-4.664068454269968 1.631573444713091 0
-0.1126342977424952 0.5747950394196917 0
-3.589013057271642 0.8580591246114253 0
6.94914507961383 2.211517646667611 0
1.290098869977998 0.5123579814236985 0
6.041221321805436 0.9349760824230193 0
0.2985740719655207 1.031773100462588 0
1.41924305294195 2.192792666850934 0
-2.356703183067737 2.057057596812115 0
1.216382832108148 1.50856094126838 0
-4.324734678842849 0.2487490194908676 0
3.87648778429727 1.225640127077539 0
8.424172974719401 1.717886914949697 0
4.091916897192312 0.6663544364171408 0
-0.573665760588781 1.560694051343497 0
3.280729248882691 0.1313728260688809 0
1.644822674134812 0.566335399381963 0
3.452507583054308 1.949438234416594 0
0.250844923768216 2.08895827028748 0
1.992183570092792 2.216724009429818 0
-4.486154398590123 0.2554140964414949 0
-3.199814042779831 1.639624026727539 0
-3.310249032941597 2.182019992450281 0
7.36947324119863 1.517525686971622 0
8.641944769629887 0.3123268922951922 0
0.9022307819754547 0.6877479131593834 0
8.157839878866715 0.08939072609784127 0
11.70163047609552 0.2338567024878355 0
2.823949216160766 1.324401436499494 0
2.89694762090874 1.528776595737417 0
9.36912432231393 1.847890663530744 0
10.6457909614608 1.88568106903943 0
4.863355165360158 0.06292552239596404 0
1.845085724971644 0.1072692126942197 0
4.543847346906105 0.1492551659024396 0
8.478225781930739 2.056312496860155 0
1.015755965651915 1.682714768749914 0
8.305226228347493 0.4881814200490152 0
-1.971311962175632 0.1596735762934341 0
6.118664189759408 1.309086610734469 0
14.88144352627153 2.057585902738333 0
5.612244819118573 0.3499155301245128 0
1.121915853083677 0.9441336270835432 0
13.88490055577449 1.768208082452797 0
4.479224818575257 0.2715337582993069 0
4.796687703346656 2.19391346124479 0
7.930669958816909 2.074352963208674 0
4.011365735841408 0.05691651688261563 0
3.114355229406617 2.364894196319778 0
13.72139670984528 1.914741740229376 0
0.5798609675899488 0.7361286432708944 0
6.646230831089412 2.194083415935828 0
0.160699676805212 0.6104995722165809 0
10.49799199427035 1.825831439215889 0
0.3682112517947141 0.5011871774758115 0
11.33774524865293 0.1092407443492122 0
4.685063724638176 0.06266087094838858 0
-2.650527662305141 0.7334895813565718 0
1.108857448113218 1.512844910988013 0
1.810282581647859 0.2205802061888699 0
0.05675240263168246 0.581191289087346 0
3.012000670594191 1.484967044347457 0
4.232915910903216 2.027068996943988 0
5.467131449409579 0.1531608932811064 0
0.6046785987195087 0.3926396453456233 0
-3.522625757355798 1.668549589949335 0
1.530401224272518 2.040667546524899 0
7.531379082908744 2.216876970996645 0
10.68032465024494 0.2279142842967425 0
3.143935477408055 1.567219977486564 0
-2.073988708131963 0.1609910001380969 0
9.250085557957409 1.941486688571595 0
-2.97989952072997 1.486505812606057 0
7.028799511907165 0.08025806751617914 0
-1.065876635050239 0.3110147535788233 0
0.1156505543855796 0.5712485775221107 0
-4.711763256989895 1.204306320619006 0
-3.446252275669308 1.532158797654147 0
-0.3289124659107945 0.4787108155582462 0
0.6945652350854856 0.5297672086672063 0
-3.093619284930135 0.8997431409334529 0
5.840508884341801 0.8083547521070542 0
14.55655858405577 0.7837897792143999 0
-2.80302907715022 0.8810900589145203 0
2.867511412082261 0.05047993510558256 0
-1.782792142733905 1.475572891625686 0
5.380176685282952 2.218139605757721 0
-0.4975279876456932 0.9946048416332861 0
8.220346870639524 2.062756661811395 0
2.286977156107355 1.412298090073938 0
0.04876689349958717 2.173329401834428 0
14.02989923667748 0.1085856251995116 0
10.71987717087802 2.217775826654979 0
-1.682541438919268 0.7460194663690713 0
-0.2252763357830628 0.533133013273534 0
4.68638140951175 2.066006320422819 0
14.30468812055106 2.223637456556755 0
3.230208980270066 1.270245057771251 0
10.68275828617096 2.051046691835681 0
-1.24544224614982 1.314738218793086 0
5.064406009459907 1.238236809044787 0
10.13040100596888 0.2199425989278263 0
-3.777740047652173 1.554772860766358 0
-0.3820038745313615 2.216699894137737 0
-2.535392045808948 0.1971467618121504 0
-1.785872021738764 0.7544541433573069 0
6.095914255768418 0.06764009555114334 0
4.172607235138847 0.05723195658190403 0
4.790509375863192 0.3897757933324582 0
10.30398748412068 0.2339409311828433 0
-2.943082345252855 0.8900221337797067 0
14.87011562784625 1.733985927060543 0
0.6743967697123607 0.0396719209744071 0
9.272111974804487 2.105485899076259 0
10.01517494471102 2.211355941658026 0
1.898074919338278 0.09877078364428291 0
14.46484534373872 0.2686648485289636 0
9.145118104568907 0.4926946659579612 0
3.399650295574227 0.574451568162073 0
2.087650410700038 0.1017177224882317 0
4.873267255636987 0.5381320409409218 0
3.852019916771629 0.05491890775125671 0
2.508089506400987 0.2468362793219685 0
-2.824612221532844 1.474756081778415 0
2.324711105256213 1.286438937739455 0
3.789724914432214 2.218125330008315 0
4.175600362641862 0.703702641460629 0
-1.136653311590556 0.4055537629698228 0
7.607001504640009 0.1864455591985196 0
-1.922361484034886 1.494471935299646 0
1.488490982841867 1.209650163344712 0
-0.4217522776403336 0.9849226176876155 0
7.385185054004713 1.83640537134752 0
5.089285714288129 2.384808799753906 0
0.809888641713125 0.600237003692875 0
-3.477702966667449 2.385949889093003 0
14.86830842604489 1.483852171349831 0
10.31480334204301 2.19368525685701 0
4.552081806491316 0.2367101710409271 0
-1.72509581566861 1.364367060492834 0
2.666120725735132 0.6581536982645402 0
5.832051878033697 0.9155505201697782 0
0.8874602981618397 0.03276154838743191 0
2.37342702490306 0.2495678504283714 0
6.498944588764063 0.06991309962867007 0
4.201578890789597 0.8621747195712026 0
2.48113182205378 2.080103523794854 0
2.808172410226402 1.448032538497755 0
-2.72595663248969 1.583778640926986 0
9.569567786453995 2.204945862399045 0
9.751753222911971 0.212757231967969 0
-0.4577961908724177 0.5376620313751154 0
-0.5883782376703278 0.2073330414382857 0
-1.482841102845605 1.469211067172345 0
-2.173603333504182 0.1603569687994052 0
5.041180589416284 0.06004764300157801 0
-1.623308343291057 0.8315705607592683 0
0.9863324234852517 0.4354608374946006 0
2.874923430940588 2.246816017359293 0
8.45035053319959 1.883462092536848 0
-0.3412678752594774 0.9727105004537178 0
0.9216981321131081 0.821057188143436 0
13.36396797796749 2.212055261437748 0
8.480843266522475 0.2279695115424258 0
-0.9248202102819312 2.08020693123456 0
-2.496144461557427 2.0515382831591 0
-4.275419242492406 1.021618112554575 0
0.8458853994582813 2.206925401683241 0
-4.119415445892146 1.187989744737201 0
8.8392857142842 2.387108559528977 0
2.807282241167695 1.724740517328792 0
4.716613164383799 0.6259757238125707 0
1.684512234367262 0.03991487338183473 0
11.11582322648113 2.21216242687792 0
2.5209999783594 0.0454217307981581 0
2.563274298080282 0.2983199320427847 0
-1.036880254029507 1.397721856231531 0
3.133123209412351 0.1224156841871553 0
6.14730547370266 1.872269595518934 0
2.283383054996383 0.1031399138103063 0
-0.3717529935498368 1.972662168972607 0
2.262727031813915 1.5414443846609 0
1.240900772490462 2.241654467591083 0
0.07707586541070081 0.7404014821534061 0
4.466384618570799 0.4089297169632322 0
-1.615985276998647 2.058422733135643 0
-4.455121073301513 1.201267285337136 0
1.261060809432338 0.5893555121297043 0
0.3523535929818422 1.102455136510909 0
3.721410208476561 0.1277032036826027 0
-0.53418575398267 0.03577570829538735 0
4.310374918908231 0.1375429402408075 0
0.5345117563716744 0.03622248458361826 0
7.380578044985723 1.676834317123126 0
2.058707073523014 1.270470653475408 0
4.710870919301497 0.5394444703063916 0
2.795006102096992 1.57255495622514 0
-2.6211731536623 0.1740979787178896 0
4.963266775582569 0.5918121990101591 0
12.79267243080367 0.2390576165773696 0
0.3349180555504856 0.5818073302596312 0
6.39351693656612 2.207005925189324 0
0.4752705734322289 0.3368512185452506 0
-2.241548067877443 1.549701372213399 0
2.892537521436652 1.833363272950025 0
13.37203345265604 0.2569997970105488 0
-0.6128289855953811 0.2525350937984545 0
0.4545562437495388 0.4349792758344962 0
-0.8668484288180268 0.09456322132499881 0
-3.150565740854317 1.018734179764398 0
-3.898267827235205 1.322612514180207 0
-0.6193913891741338 0.08393431010127324 0
3.429345468658682 2.107989776278372 0
4.938559165027181 1.296545170790659 0
-1.585454955715209 1.349936102480113 0
4.108953998005945 2.245887975590203 0
-4.6130699951264 0.2602194627982021 0
-2.528535359137018 1.436588473354726 0
-1.214755872946573 0.318250039544292 0
1.852662479707411 2.199254284004501 0
-4.872795368987892 0.1282337906758781 0
2.462740554470681 0.1390310525160985 0
-1.459543259597039 0.3406661364818174 0
-1.930127560348345 2.370100755667464 0
-2.129370283093 1.381551944559771 0
-0.9356359920010227 0.0951315035374215 0
7.299951415405715 0.167234259005901 0
12.87065379941915 2.223864272773071 0
0.5640143874260533 0.3615011765063016 0
-0.7394005491007449 0.0943243026713504 0
5.191671561518635 0.1470431671203866 0
12.16375675760026 0.2288412515013093 0
0.9058406661722957 1.236244649528953 0
-1.003696756218899 0.09570157877624551 0
6.143927830143364 1.631296029464723 0
-2.404617836879935 1.405735241968933 0
-1.279780099929916 0.3348347261144021 0
0.7468450488068662 2.094015361606335 0
-1.353435366906557 1.306131826179839 0
7.098822890063416 0.1755168848833585 0
14.86886758975411 0.1310079900968854 0
-0.8738733166818682 1.282367016860778 0
-1.370651749476723 0.337536525537557 0
0.5861178204313225 0.07716453517847033 0
0.01928951023108177 0.9920841293042337 0
-0.1576342426918698 0.6234845806348008 0
-1.892526700283413 0.7600473334394149 0
-0.6834674163782631 0.03271300226389873 0
4.79189902028395 0.4888961823364369 0
0.9901720403623699 0.8865993957765882 0
12.45930394249382 2.216354744476833 0
-4.426005460670183 1.912603996291267 0
10.10621311764291 0.334537853074289 0
8.397853444017395 0.07606888803200719 0
-4.869276641505555 2.369276641505563 0
14.86927664150542 2.369276641505333 0
-1.111864061686364 0.6703579365396755 0
-0.7935345239717068 0.0343454073685191 0
4.46848614148326 0.1285956702346072 0
3.471652229366982 0.6257584950700132 0
-0.9790451598333103 0.7368723441951358 0
9.285388794439278 2.242991431130025 0
2.911349795792685 0.2602300637200822 0
-2.281039578648407 0.1543759490905678 0
-4.740678523824197 1.07705430867104 0
2.140002604927624 1.323674132549305 0
11.62558059109559 1.930475698394435 0
10.93930918589181 0.2292224223017511 0
4.518047157711191 0.6300744560576544 0
2.21608549216543 1.69029030662922 0
2.977935546234783 0.1115603475013881 0
0.8094839009150671 0.2881865850287411 0
3.210418594708007 1.391805010059883 0
-4.010890726475512 1.146661176337666 0
-1.030128282794069 0.6668513987882445 0
13.78553056257319 2.22225558075822 0
3.502932094500478 0.1171925586581224 0
1.710134417455627 0.5366717493476456 0
0.2502021524377642 0.6029974715329401 0
7.846826080264359 0.1790068811700559 0
2.553341181720872 0.370726402905049 0
2.984690438849037 0.3120191273151455 0
-1.566866255002344 0.9106493661305323 0
-4.563192547701561 1.736306074524457 0
11.55698508222825 0.2168552698028588 0
6.12088545788707 1.435287787176529 0
0.7506699701962561 0.5114584815578239 0
3.407405296289385 2.250429020616315 0
3.34358107700643 0.1122603987251507 0
6.988658492739441 0.2577556054260571 0
2.726452924715341 0.04124909378983871 0
-0.7929885698190589 1.371790058859808 0
-1.07067202735045 0.09814827050051803 0
2.176508417271819 1.822059749191975 0
-0.05688827521583917 0.5705859093916278 0
-0.9329221112887536 0.8303312992247833 0
-3.636921240584944 2.209819711175815 0
2.626125169232352 2.223946229284064 0
-3.058514854273377 0.1850762389690291 0
9.207271655750965 0.1864130053884708 0
-0.5738481083277355 0.08699136763860597 0
6.229191406232889 0.146939413189469 0
-1.204022492971196 0.6749618229475252 0
14.56529448803683 0.9355087537758493 0
7.10975261559738 0.7492958556306876 0
11.14294513872262 0.2234366220836279 0
-2.779033799155759 2.372254088965016 0
1.490918220584152 0.1495297614799059 0
0.5993573111374636 2.114340250611235 0
2.465157818502468 0.200457061312904 0
5.052556229341107 0.6388870562995904 0
7.276798791133892 1.925014599959102 0
-2.602744652656309 0.4704061334695196 0
5.553869518465672 0.4123554561098842 0
1.273386500597509 0.03347466878025479 0
9.428631327401339 0.3211996304613977 0
5.97950063102686 1.008495291618563 0
1.363593521823437 0.0943287512312687 0
-4.901354804745505 1.517857142857139 0
-0.5565542311329348 0.6183743468615032 0
0.7386676523985874 0.08120142083573129 0
4.329804959125036 1.941165393854435 0
1.105559103769381 0.03192614137393578 0
-0.02273203148162082 1.094441050768353 0
3.575316788185667 0.2570174376450234 0
10.44613057456564 2.397512694342605 0
6.687649114687117 0.1712580921923445 0
8.601375893158856 2.071911909391893 0
5.841226386445023 0.1427286868543775 0
14.71705864405401 2.201601105315525 0
-3.289704149682092 1.044662547937838 0
6.254159740014474 1.67288614500167 0
9.565470960335034 0.2135613716364335 0
-1.706307066118654 2.232809990501592 0
-4.716712211152617 2.082265291412833 0
-1.990409402099907 2.228807538130264 0
14.46094080763063 2.252458963442239 0
8.828758410308414 0.1781635916437916 0
-1.995323198909282 0.7629130765053085 0
7.082957373131776 2.224384091183255 0
0.08160259567961531 1.523507438570611 0
-0.5425344567998301 0.2041344821738232 0
7.281918136651207 2.077098198069871 0
5.798667879937678 2.109968893969287 0
10.55590806425478 0.2072693599602752 0
14.71724518625988 0.3998067560766659 0
13.82869943105579 0.2593477917296403 0
6.89865949810771 0.3170073320985679 0
3.007733736533654 2.239470610352143 0
0.148035379193944 1.739538780176914 0
-3.337664948192684 1.158301394917874 0
-0.7246356270717369 1.46073635444727 0
2.376101120908416 0.3018928427188464 0
4.329768130961252 0.3740540497264608 0
-2.442246477683149 0.8283864173382636 0
-2.384015465716947 0.1553370410697672 0
1.475433218796146 0.1913516199600106 0
-0.6643044598374084 0.2571801609239175 0
2.993216296702275 1.893132675546549 0
2.610769481806941 0.419412142773549 0
1.748064091062425 2.235821798266207 0
-3.966910317434362 1.414804543305065 0
-4.581381040390173 1.222775102040757 0
2.057019456968026 1.860188754489969 0
4.610945939299465 1.964369425397218 0
0.3372000709034884 1.568236048566218 0
8.433629207176466 0.6320886072215094 0
1.07331133530878 2.255454479003285 0
-0.7271137123056088 0.4620455204953631 0
14.29789289479414 0.2431667400845182 0
0.1276569854385876 1.910082602347511 0
6.261359462452376 1.820786761296042 0
10.86385747942923 2.233921184971145 0
4.090215716628117 1.227908351616662 0
-0.4530636211901582 0.6430131309400497 0
2.812845416970581 0.6215236571155998 0
11.99876988999875 2.061553994868292 0
-1.539927375045513 0.3406773188965063 0
0.9469785605859251 0.08531212665666844 0
7.523779347679183 0.159556173961283 0
0.9993411172897819 0.5467658392609781 0
0.3258167977587015 1.176560110905849 0
-4.76115724949596 0.5341445254142779 0
6.757492916782029 2.078221741714529 0
10.83251233030407 0.4007929968465892 0
1.050381130409046 0.9504045088920619 0
10.09808308958096 2.102748488166593 0
8.2107197674767 0.666270044234363 0
-1.133568886114579 0.09468612137019747 0
4.731020230070146 1.271357739214947 0
2.979600866904089 2.030594381279756 0
-0.2917097348741883 1.027643918902446 0
9.322294905288325 0.4315106202009177 0
0.6498627223193464 0.3749880181849083 0
3.564289241221458 0.7244623304515697 0
3.050684230851967 0.3607119959802594 0
8.310281994012449 0.5924336799783489 0
-3.754762928616 2.246502146008247 0
14.75365687164707 1.782264662822795 0
4.423839109638829 0.6665405395060853 0
11.25118828893749 2.247765454743815 0
0.4580374033681512 2.130538713353973 0
2.183923792065074 1.390710165005534 0
5.663208116253107 0.2844759610901753 0
-0.01346889561771392 2.306988600739345 0
14.12798428993595 2.011262637554507 0
0.6529340618082893 0.07615537767974311 0
-2.849221893789256 2.250528929398986 0
8.088342333619936 0.1748385919786097 0
-0.188085494256555 0.6693552220859326 0
6.802614444638834 0.3795989479558207 0
7.676000041756002 2.258518992911761 0
10.13690602677863 0.4247649819710815 0
6.149737242520146 0.3172951970857998 0
5.953524311384871 0.6780288534090301 0
-0.3606849208655507 0.4424688934565946 0
9.993291208532375 0.1837005616246105 0
2 19 0 3343
3874
3875
3876
3877
3878
3879
3880
3881
3882
3883
3884
3885
3886
3887
3888
3889
3890
3891
3892
3893
3894
3895
3896
3897
3898
3899
3900
3901
3902
3903
3904
3905
3906
3907
3908
3909
3910
3911
3912
3913
3914
3915
3916
3917
3918
3919
3920
3921
3922
3923
3924
3925
3926
3927
3928
3929
3930
3931
3932
3933
3934
3935
3936
3937
3938
3939
3940
3941
3942
3943
3944
3945
3946
3947
3948
3949
3950
3951
3952
3953
3954
3955
3956
3957
3958
3959
3960
3961
3962
3963
3964
3965
3966
3967
3968
3969
3970
3971
3972
3973
3974
3975
3976
3977
3978
3979
3980
3981
3982
3983
3984
3985
3986
3987
3988
3989
3990
3991
3992
3993
3994
3995
3996
3997
3998
3999
4000
4001
4002
4003
4004
4005
4006
4007
4008
4009
4010
4011
4012
4013
4014
4015
4016
4017
4018
4019
4020
4021
4022
4023
4024
4025
4026
4027
4028
4029
4030
4031
4032
4033
4034
4035
4036
4037
4038
4039
4040
4041
4042
4043
4044
4045
4046
4047
4048
4049
4050
4051
4052
4053
4054
4055
4056
4057
4058
4059
4060
4061
4062
4063
4064
4065
4066
4067
4068
4069
4070
4071
4072
4073
4074
4075
4076
4077
4078
4079
4080
4081
4082
4083
4084
4085
4086
4087
4088
4089
4090
4091
4092
4093
4094
4095
4096
4097
4098
4099
4100
4101
4102
4103
4104
4105
4106
4107
4108
4109
4110
4111
4112
4113
4114
4115
4116
4117
4118
4119
4120
4121
4122
4123
4124
4125
4126
4127
4128
4129
4130
4131
4132
4133
4134
4135
4136
4137
4138
4139
4140
4141
4142
4143
4144
4145
4146
4147
4148
4149
4150
4151
4152
4153
4154
4155
4156
4157
4158
4159
4160
4161
4162
4163
4164
4165
4166
4167
4168
4169
4170
4171
4172
4173
4174
4175
4176
4177
4178
4179
4180
4181
4182
4183
4184
4185
4186
4187
4188
4189
4190
4191
4192
4193
4194
4195
4196
4197
4198
4199
4200
4201
4202
4203
4204
4205
4206
4207
4208
4209
4210
4211
4212
4213
4214
4215
4216
4217
4218
4219
4220
4221
4222
4223
4224
4225
4226
4227
4228
4229
4230
4231
4232
4233
4234
4235
4236
4237
4238
4239
4240
4241
4242
4243
4244
4245
4246
4247
4248
4249
4250
4251
4252
4253
4254
4255
4256
4257
4258
4259
4260
4261
4262
4263
4264
4265
4266
4267
4268
4269
4270
4271
4272
4273
4274
4275
4276
4277
4278
4279
4280
4281
4282
4283
4284
4285
4286
4287
4288
4289
4290
4291
4292
4293
4294
4295
4296
4297
4298
4299
4300
4301
4302
4303
4304
4305
4306
4307
4308
4309
4310
4311
4312
4313
4314
4315
4316
4317
4318
4319
4320
4321
4322
4323
4324
4325
4326
4327
4328
4329
4330
4331
4332
4333
4334
4335
4336
4337
4338
4339
4340
4341
4342
4343
4344
4345
4346
4347
4348
4349
4350
4351
4352
4353
4354
4355
4356
4357
4358
4359
4360
4361
4362
4363
4364
4365
4366
4367
4368
4369
4370
4371
4372
4373
4374
4375
4376
4377
4378
4379
4380
4381
4382
4383
4384
4385
4386
4387
4388
4389
4390
4391
4392
4393
4394
4395
4396
4397
4398
4399
4400
4401
4402
4403
4404
4405
4406
4407
4408
4409
4410
4411
4412
4413
4414
4415
4416
4417
4418
4419
4420
4421
4422
4423
4424
4425
4426
4427
4428
4429
4430
4431
4432
4433
4434
4435
4436
4437
4438
4439
4440
4441
4442
4443
4444
4445
4446
4447
4448
4449
4450
4451
4452
4453
4454
4455
4456
4457
4458
4459
4460
4461
4462
4463
4464
4465
4466
4467
4468
4469
4470
4471
4472
4473
4474
4475
4476
4477
4478
4479
4480
4481
4482
4483
4484
4485
4486
4487
4488
4489
4490
4491
4492
4493
4494
4495
4496
4497
4498
4499
4500
4501
4502
4503
4504
4505
4506
4507
4508
4509
4510
4511
4512
4513
4514
4515
4516
4517
4518
4519
4520
4521
4522
4523
4524
4525
4526
4527
4528
4529
4530
4531
4532
4533
4534
4535
4536
4537
4538
4539
4540
4541
4542
4543
4544
4545
4546
4547
4548
4549
4550
4551
4552
4553
4554
4555
4556
4557
4558
4559
4560
4561
4562
4563
4564
4565
4566
4567
4568
4569
4570
4571
4572
4573
4574
4575
4576
4577
4578
4579
4580
4581
4582
4583
4584
4585
4586
4587
4588
4589
4590
4591
4592
4593
4594
4595
4596
4597
4598
4599
4600
4601
4602
4603
4604
4605
4606
4607
4608
4609
4610
4611
4612
4613
4614
4615
4616
4617
4618
4619
4620
4621
4622
4623
4624
4625
4626
4627
4628
4629
4630
4631
4632
4633
4634
4635
4636
4637
4638
4639
4640
4641
4642
4643
4644
4645
4646
4647
4648
4649
4650
4651
4652
4653
4654
4655
4656
4657
4658
4659
4660
4661
4662
4663
4664
4665
4666
4667
4668
4669
4670
4671
4672
4673
4674
4675
4676
4677
4678
4679
4680
4681
4682
4683
4684
4685
4686
4687
4688
4689
4690
4691
4692
4693
4694
4695
4696
4697
4698
4699
4700
4701
4702
4703
4704
4705
4706
4707
4708
4709
4710
4711
4712
4713
4714
4715
4716
4717
4718
4719
4720
4721
4722
4723
4724
4725
4726
4727
4728
4729
4730
4731
4732
4733
4734
4735
4736
4737
4738
4739
4740
4741
4742
4743
4744
4745
4746
4747
4748
4749
4750
4751
4752
4753
4754
4755
4756
4757
4758
4759
4760
4761
4762
4763
4764
4765
4766
4767
4768
4769
4770
4771
4772
4773
4774
4775
4776
4777
4778
4779
4780
4781
4782
4783
4784
4785
4786
4787
4788
4789
4790
4791
4792
4793
4794
4795
4796
4797
4798
4799
4800
4801
4802
4803
4804
4805
4806
4807
4808
4809
4810
4811
4812
4813
4814
4815
4816
4817
4818
4819
4820
4821
4822
4823
4824
4825
4826
4827
4828
4829
4830
4831
4832
4833
4834
4835
4836
4837
4838
4839
4840
4841
4842
4843
4844
4845
4846
4847
4848
4849
4850
4851
4852
4853
4854
4855
4856
4857
4858
4859
4860
4861
4862
4863
4864
4865
4866
4867
4868
4869
4870
4871
4872
4873
4874
4875
4876
4877
4878
4879
4880
4881
4882
4883
4884
4885
4886
4887
4888
4889
4890
4891
4892
4893
4894
4895
4896
4897
4898
4899
4900
4901
4902
4903
4904
4905
4906
4907
4908
4909
4910
4911
4912
4913
4914
4915
4916
4917
4918
4919
4920
4921
4922
4923
4924
4925
4926
4927
4928
4929
4930
4931
4932
4933
4934
4935
4936
4937
4938
4939
4940
4941
4942
4943
4944
4945
4946
4947
4948
4949
4950
4951
4952
4953
4954
4955
4956
4957
4958
4959
4960
4961
4962
4963
4964
4965
4966
4967
4968
4969
4970
4971
4972
4973
4974
4975
4976
4977
4978
4979
4980
4981
4982
4983
4984
4985
4986
4987
4988
4989
4990
4991
4992
4993
4994
4995
4996
4997
4998
4999
5000
5001
5002
5003
5004
5005
5006
5007
5008
5009
5010
5011
5012
5013
5014
5015
5016
5017
5018
5019
5020
5021
5022
5023
5024
5025
5026
5027
5028
5029
5030
5031
5032
5033
5034
5035
5036
5037
5038
5039
5040
5041
5042
5043
5044
5045
5046
5047
5048
5049
5050
5051
5052
5053
5054
5055
5056
5057
5058
5059
5060
5061
5062
5063
5064
5065
5066
5067
5068
5069
5070
5071
5072
5073
5074
5075
5076
5077
5078
5079
5080
5081
5082
5083
5084
5085
5086
5087
5088
5089
5090
5091
5092
5093
5094
5095
5096
5097
5098
5099
5100
5101
5102
5103
5104
5105
5106
5107
5108
5109
5110
5111
5112
5113
5114
5115
5116
5117
5118
5119
5120
5121
5122
5123
5124
5125
5126
5127
5128
5129
5130
5131
5132
5133
5134
5135
5136
5137
5138
5139
5140
5141
5142
5143
5144
5145
5146
5147
5148
5149
5150
5151
5152
5153
5154
5155
5156
5157
5158
5159
5160
5161
5162
5163
5164
5165
5166
5167
5168
5169
5170
5171
5172
5173
5174
5175
5176
5177
5178
5179
5180
5181
5182
5183
5184
5185
5186
5187
5188
5189
5190
5191
5192
5193
5194
5195
5196
5197
5198
5199
5200
5201
5202
5203
5204
5205
5206
5207
5208
5209
5210
5211
5212
5213
5214
5215
5216
5217
5218
5219
5220
5221
5222
5223
5224
5225
5226
5227
5228
5229
5230
5231
5232
5233
5234
5235
5236
5237
5238
5239
5240
5241
5242
5243
5244
5245
5246
5247
5248
5249
5250
5251
5252
5253
5254
5255
5256
5257
5258
5259
5260
5261
5262
5263
5264
5265
5266
5267
5268
5269
5270
5271
5272
5273
5274
5275
5276
5277
5278
5279
5280
5281
5282
5283
5284
5285
5286
5287
5288
5289
5290
5291
5292
5293
5294
5295
5296
5297
5298
5299
5300
5301
5302
5303
5304
5305
5306
5307
5308
5309
5310
5311
5312
5313
5314
5315
5316
5317
5318
5319
5320
5321
5322
5323
5324
5325
5326
5327
5328
5329
5330
5331
5332
5333
5334
5335
5336
5337
5338
5339
5340
5341
5342
5343
5344
5345
5346
5347
5348
5349
5350
5351
5352
5353
5354
5355
5356
5357
5358
5359
5360
5361
5362
5363
5364
5365
5366
5367
5368
5369
5370
5371
5372
5373
5374
5375
5376
5377
5378
5379
5380
5381
5382
5383
5384
5385
5386
5387
5388
5389
5390
5391
5392
5393
5394
5395
5396
5397
5398
5399
5400
5401
5402
5403
5404
5405
5406
5407
5408
5409
5410
5411
5412
5413
5414
5415
5416
5417
5418
5419
5420
5421
5422
5423
5424
5425
5426
5427
5428
5429
5430
5431
5432
5433
5434
5435
5436
5437
5438
5439
5440
5441
5442
5443
5444
5445
5446
5447
5448
5449
5450
5451
5452
5453
5454
5455
5456
5457
5458
5459
5460
5461
5462
5463
5464
5465
5466
5467
5468
5469
5470
5471
5472
5473
5474
5475
5476
5477
5478
5479
5480
5481
5482
5483
5484
5485
5486
5487
5488
5489
5490
5491
5492
5493
5494
5495
5496
5497
5498
5499
5500
5501
5502
5503
5504
5505
5506
5507
5508
5509
5510
5511
5512
5513
5514
5515
5516
5517
5518
5519
5520
5521
5522
5523
5524
5525
5526
5527
5528
5529
5530
5531
5532
5533
5534
5535
5536
5537
5538
5539
5540
5541
5542
5543
5544
5545
5546
5547
5548
5549
5550
5551
5552
5553
5554
5555
5556
5557
5558
5559
5560
5561
5562
5563
5564
5565
5566
5567
5568
5569
5570
5571
5572
5573
5574
5575
5576
5577
5578
5579
5580
5581
5582
5583
5584
5585
5586
5587
5588
5589
5590
5591
5592
5593
5594
5595
5596
5597
5598
5599
5600
5601
5602
5603
5604
5605
5606
5607
5608
5609
5610
5611
5612
5613
5614
5615
5616
5617
5618
5619
5620
5621
5622
5623
5624
5625
5626
5627
5628
5629
5630
5631
5632
5633
5634
5635
5636
5637
5638
5639
5640
5641
5642
5643
5644
5645
5646
5647
5648
5649
5650
5651
5652
5653
5654
5655
5656
5657
5658
5659
5660
5661
5662
5663
5664
5665
5666
5667
5668
5669
5670
5671
5672
5673
5674
5675
5676
5677
5678
5679
5680
5681
5682
5683
5684
5685
5686
5687
5688
5689
5690
5691
5692
5693
5694
5695
5696
5697
5698
5699
5700
5701
5702
5703
5704
5705
5706
5707
5708
5709
5710
5711
5712
5713
5714
5715
5716
5717
5718
5719
5720
5721
5722
5723
5724
5725
5726
5727
5728
5729
5730
5731
5732
5733
5734
5735
5736
5737
5738
5739
5740
5741
5742
5743
5744
5745
5746
5747
5748
5749
5750
5751
5752
5753
5754
5755
5756
5757
5758
5759
5760
5761
5762
5763
5764
5765
5766
5767
5768
5769
5770
5771
5772
5773
5774
5775
5776
5777
5778
5779
5780
5781
5782
5783
5784
5785
5786
5787
5788
5789
5790
5791
5792
5793
5794
5795
5796
5797
5798
5799
5800
5801
5802
5803
5804
5805
5806
5807
5808
5809
5810
5811
5812
5813
5814
5815
5816
5817
5818
5819
5820
5821
5822
5823
5824
5825
5826
5827
5828
5829
5830
5831
5832
5833
5834
5835
5836
5837
5838
5839
5840
5841
5842
5843
5844
5845
5846
5847
5848
5849
5850
5851
5852
5853
5854
5855
5856
5857
5858
5859
5860
5861
5862
5863
5864
5865
5866
5867
5868
5869
5870
5871
5872
5873
5874
5875
5876
5877
5878
5879
5880
5881
5882
5883
5884
5885
5886
5887
5888
5889
5890
5891
5892
5893
5894
5895
5896
5897
5898
5899
5900
5901
5902
5903
5904
5905
5906
5907
5908
5909
5910
5911
5912
5913
5914
5915
5916
5917
5918
5919
5920
5921
5922
5923
5924
5925
5926
5927
5928
5929
5930
5931
5932
5933
5934
5935
5936
5937
5938
5939
5940
5941
5942
5943
5944
5945
5946
5947
5948
5949
5950
5951
5952
5953
5954
5955
5956
5957
5958
5959
5960
5961
5962
5963
5964
5965
5966
5967
5968
5969
5970
5971
5972
5973
5974
5975
5976
5977
5978
5979
5980
5981
5982
5983
5984
5985
5986
5987
5988
5989
5990
5991
5992
5993
5994
5995
5996
5997
5998
5999
6000
6001
6002
6003
6004
6005
6006
6007
6008
6009
6010
6011
6012
6013
6014
6015
6016
6017
6018
6019
6020
6021
6022
6023
6024
6025
6026
6027
6028
6029
6030
6031
6032
6033
6034
6035
6036
6037
6038
6039
6040
6041
6042
6043
6044
6045
6046
6047
6048
6049
6050
6051
6052
6053
6054
6055
6056
6057
6058
6059
6060
6061
6062
6063
6064
6065
6066
6067
6068
6069
6070
6071
6072
6073
6074
6075
6076
6077
6078
6079
6080
6081
6082
6083
6084
6085
6086
6087
6088
6089
6090
6091
6092
6093
6094
6095
6096
6097
6098
6099
6100
6101
6102
6103
6104
6105
6106
6107
6108
6109
6110
6111
6112
6113
6114
6115
6116
6117
6118
6119
6120
6121
6122
6123
6124
6125
6126
6127
6128
6129
6130
6131
6132
6133
6134
6135
6136
6137
6138
6139
6140
6141
6142
6143
6144
6145
6146
6147
6148
6149
6150
6151
6152
6153
6154
6155
6156
6157
6158
6159
6160
6161
6162
6163
6164
6165
6166
6167
6168
6169
6170
6171
6172
6173
6174
6175
6176
6177
6178
6179
6180
6181
6182
6183
6184
6185
6186
6187
6188
6189
6190
6191
6192
6193
6194
6195
6196
6197
6198
6199
6200
6201
6202
6203
6204
6205
6206
6207
6208
6209
6210
6211
6212
6213
6214
6215
6216
6217
6218
6219
6220
6221
6222
6223
6224
6225
6226
6227
6228
6229
6230
6231
6232
6233
6234
6235
6236
6237
6238
6239
6240
6241
6242
6243
6244
6245
6246
6247
6248
6249
6250
6251
6252
6253
6254
6255
6256
6257
6258
6259
6260
6261
6262
6263
6264
6265
6266
6267
6268
6269
6270
6271
6272
6273
6274
6275
6276
6277
6278
6279
6280
6281
6282
6283
6284
6285
6286
6287
6288
6289
6290
6291
6292
6293
6294
6295
6296
6297
6298
6299
6300
6301
6302
6303
6304
6305
6306
6307
6308
6309
6310
6311
6312
6313
6314
6315
6316
6317
6318
6319
6320
6321
6322
6323
6324
6325
6326
6327
6328
6329
6330
6331
6332
6333
6334
6335
6336
6337
6338
6339
6340
6341
6342
6343
6344
6345
6346
6347
6348
6349
6350
6351
6352
6353
6354
6355
6356
6357
6358
6359
6360
6361
6362
6363
6364
6365
6366
6367
6368
6369
6370
6371
6372
6373
6374
6375
6376
6377
6378
6379
6380
6381
6382
6383
6384
6385
6386
6387
6388
6389
6390
6391
6392
6393
6394
6395
6396
6397
6398
6399
6400
6401
6402
6403
6404
6405
6406
6407
6408
6409
6410
6411
6412
6413
6414
6415
6416
6417
6418
6419
6420
6421
6422
6423
6424
6425
6426
6427
6428
6429
6430
6431
6432
6433
6434
6435
6436
6437
6438
6439
6440
6441
6442
6443
6444
6445
6446
6447
6448
6449
6450
6451
6452
6453
6454
6455
6456
6457
6458
6459
6460
6461
6462
6463
6464
6465
6466
6467
6468
6469
6470
6471
6472
6473
6474
6475
6476
6477
6478
6479
6480
6481
6482
6483
6484
6485
6486
6487
6488
6489
6490
6491
6492
6493
6494
6495
6496
6497
6498
6499
6500
6501
6502
6503
6504
6505
6506
6507
6508
6509
6510
6511
6512
6513
6514
6515
6516
6517
6518
6519
6520
6521
6522
6523
6524
6525
6526
6527
6528
6529
6530
6531
6532
6533
6534
6535
6536
6537
6538
6539
6540
6541
6542
6543
6544
6545
6546
6547
6548
6549
6550
6551
6552
6553
6554
6555
6556
6557
6558
6559
6560
6561
6562
6563
6564
6565
6566
6567
6568
6569
6570
6571
6572
6573
6574
6575
6576
6577
6578
6579
6580
6581
6582
6583
6584
6585
6586
6587
6588
6589
6590
6591
6592
6593
6594
6595
6596
6597
6598
6599
6600
6601
6602
6603
6604
6605
6606
6607
6608
6609
6610
6611
6612
6613
6614
6615
6616
6617
6618
6619
6620
6621
6622
6623
6624
6625
6626
6627
6628
6629
6630
6631
6632
6633
6634
6635
6636
6637
6638
6639
6640
6641
6642
6643
6644
6645
6646
6647
6648
6649
6650
6651
6652
6653
6654
6655
6656
6657
6658
6659
6660
6661
6662
6663
6664
6665
6666
6667
6668
6669
6670
6671
6672
6673
6674
6675
6676
6677
6678
6679
6680
6681
6682
6683
6684
6685
6686
6687
6688
6689
6690
6691
6692
6693
6694
6695
6696
6697
6698
6699
6700
6701
6702
6703
6704
6705
6706
6707
6708
6709
6710
6711
6712
6713
6714
6715
6716
6717
6718
6719
6720
6721
6722
6723
6724
6725
6726
6727
6728
6729
6730
6731
6732
6733
6734
6735
6736
6737
6738
6739
6740
6741
6742
6743
6744
6745
6746
6747
6748
6749
6750
6751
6752
6753
6754
6755
6756
6757
6758
6759
6760
6761
6762
6763
6764
6765
6766
6767
6768
6769
6770
6771
6772
6773
6774
6775
6776
6777
6778
6779
6780
6781
6782
6783
6784
6785
6786
6787
6788
6789
6790
6791
6792
6793
6794
6795
6796
6797
6798
6799
6800
6801
6802
6803
6804
6805
6806
6807
6808
6809
6810
6811
6812
6813
6814
6815
6816
6817
6818
6819
6820
6821
6822
6823
6824
6825
6826
6827
6828
6829
6830
6831
6832
6833
6834
6835
6836
6837
6838
6839
6840
6841
6842
6843
6844
6845
6846
6847
6848
6849
6850
6851
6852
6853
6854
6855
6856
6857
6858
6859
6860
6861
6862
6863
6864
6865
6866
6867
6868
6869
6870
6871
6872
6873
6874
6875
6876
6877
6878
6879
6880
6881
6882
6883
6884
6885
6886
6887
6888
6889
6890
6891
6892
6893
6894
6895
6896
6897
6898
6899
6900
6901
6902
6903
6904
6905
6906
6907
6908
6909
6910
6911
6912
6913
6914
6915
6916
6917
6918
6919
6920
6921
6922
6923
6924
6925
6926
6927
6928
6929
6930
6931
6932
6933
6934
6935
6936
6937
6938
6939
6940
6941
6942
6943
6944
6945
6946
6947
6948
6949
6950
6951
6952
6953
6954
6955
6956
6957
6958
6959
6960
6961
6962
6963
6964
6965
6966
6967
6968
6969
6970
6971
6972
6973
6974
6975
6976
6977
6978
6979
6980
6981
6982
6983
6984
6985
6986
6987
6988
6989
6990
6991
6992
6993
6994
6995
6996
6997
6998
6999
7000
7001
7002
7003
7004
7005
7006
7007
7008
7009
7010
7011
7012
7013
7014
7015
7016
7017
7018
7019
7020
7021
7022
7023
7024
7025
7026
7027
7028
7029
7030
7031
7032
7033
7034
7035
7036
7037
7038
7039
7040
7041
7042
7043
7044
7045
7046
7047
7048
7049
7050
7051
7052
7053
7054
7055
7056
7057
7058
7059
7060
7061
7062
7063
7064
7065
7066
7067
7068
7069
7070
7071
7072
7073
7074
7075
7076
7077
7078
7079
7080
7081
7082
7083
7084
7085
7086
7087
7088
7089
7090
7091
7092
7093
7094
7095
7096
7097
7098
7099
7100
7101
7102
7103
7104
7105
7106
7107
7108
7109
7110
7111
7112
7113
7114
7115
7116
7117
7118
7119
7120
7121
7122
7123
7124
7125
7126
7127
7128
7129
7130
7131
7132
7133
7134
7135
7136
7137
7138
7139
7140
7141
7142
7143
7144
7145
7146
7147
7148
7149
7150
7151
7152
7153
7154
7155
7156
7157
7158
7159
7160
7161
7162
7163
7164
7165
7166
7167
7168
7169
7170
7171
7172
7173
7174
7175
7176
7177
7178
7179
7180
7181
7182
7183
7184
7185
7186
7187
7188
7189
7190
7191
7192
7193
7194
7195
7196
7197
7198
7199
7200
7201
7202
7203
7204
7205
7206
7207
7208
7209
7210
7211
7212
7213
7214
7215
7216
1.224826910556315 -0.04362279409405292 0
-1.170546950583679 -0.0583616621375873 0
-1.540459726867137 -0.06848430128685426 0
1.505792570174237 -0.05466931197124462 0
1.805978388929261 -0.05653631407522355 0
2.122048987530978 -0.0555965867657951 0
2.460745079106767 -0.06410995497117071 0
2.793079800860541 -0.06281676479576261 0
3.162708246708172 -0.06729095334050354 0
3.535793052038649 -0.0645188243753122 0
3.932870435523116 -0.07670786468190455 0
4.346864975074757 -0.07302507791169463 0
0.9327046054679131 -0.0412671029086553 0
4.776981102206942 -0.08673745574328313 0
-1.947988237330781 -0.07580425484476797 0
5.229661607697213 -0.07663455435909748 0
-0.9076710705245122 -0.04966275198383805 0
5.697852931410815 -0.08823080074931841 0
-2.341380125336491 -0.08120689517848013 0
-2.779089571190106 -0.1024529079005996 0
-3.24797204924376 -0.1078456823201124 0
6.184247152383588 -0.07505890959476696 0
6.719416019422508 -0.08843039073360637 0
7.137149415774427 -0.09243391814634556 0
7.576591406431632 -0.09107959191672227 0
8.03300059750118 -0.09481884277960911 0
8.505288511059598 -0.1114494204009283 0
9.017182946789681 -0.1088466748063225 0
9.525736085526699 -0.1098372734956311 0
1.161148177149246 -2.3510620330153 0
1.868226411478878 -2.33626481543139 0
2.581415887643899 -2.354440501380094 0
-1.158472997455294 -2.345106088838824 0
3.301816431315871 -2.344295184350888 0
10.06383889419835 -0.1041071952541896 0
4.017857142859295 -2.345352606467026 0
10.62083018671454 -0.1134618984158494 0
4.936835637332357 -2.337228148739773 0
-2.061714014203432 -2.351793215409745 0
11.19976088790154 -0.1138165978638029 0
5.803499592660923 -2.351719014179971 0
11.78708686222244 -0.1234110816228282 0
6.513077204922748 -2.316415402938381 0
-3.796880043667958 -0.1184011891408317 0
7.227778589292461 -2.322250021809287 0
-2.94642857142808 -2.345352606467029 0
12.40185223790061 -0.1303436959158698 0
0.4460032151830243 -2.352423558901187 0
-0.4491602011713089 -2.358559572380468 0
7.939451148926182 -2.349894126811773 0
8.66071428571272 -2.345352606467026 0
13.02995383286232 -0.1428643024946112 0
9.71897695831024 -2.315611304727828 0
13.69662117309122 -0.1623915800991081 0
10.79607411442462 -2.357164418461928 0
-3.643445437645922 -2.347605623513005 0
12.05052121125534 -2.340891201380384 0
13.30357142857102 -2.345352606467027 0
14.84535260646683 -1.339285714283954 0
-4.859052954767375 -1.153288836408093 0
0.7234494907086648 -0.04007503205695849 0
9.205368617068439 -2.355572743091358 0
11.33928571428481 -2.345352606467027 0
10.28795201417241 -2.344914006651046 0
12.59071189521373 -2.319667820101841 0
13.84817442586288 -2.352108675545537 0
-0.7390651992045069 -0.04474477317080364 0
14.84560254225724 -0.8031497836356279 0
-4.249078419028284 -0.1269125861753043 0
-4.195418393493123 -2.345236471998242 0
0.5101284855184928 -0.1812201278260146 0
-0.5111155263292717 -0.1780673593609717 0
14.1959282339948 -0.15168650537811 0
-4.838938193460444 -1.673280491861619 0
14.83958486527975 -1.897892200819266 0
-4.85866968070116 -0.6175641295868373 0
14.37578451324802 -2.362980755789146 0
-1.037657683790492 -0.05513192342274925 0
-3.517289470879948 -0.1106702575862673 0
-3.007732206700425 -0.09921340218127442 0
-2.564196729860419 -0.09444085132584676 0
-2.140005723140536 -0.0813014680217749 0
-1.308967848419976 -0.0662727708942755 0
-1.707047474020724 -0.07076598867501431 0
0.1087879687935632 -2.334358540394091 0
0.7954223582021229 -2.349589082642184 0
1.521006771631684 -2.347105752711099 0
-0.7980180024911789 -2.346105598428189 0
-1.509972779912371 -2.34679362813022 0
2.24175396141126 -2.343163635155471 0
2.939806438765537 -2.366696799902871 0
4.373229032921147 -2.347777888920201 0
3.661561171750964 -2.326492125533404 0
5.262288814496186 -2.337873409115722 0
-2.407433871379563 -2.345795671921883 0
6.160714285716963 -2.345352606467026 0
0.8406177370710194 -0.04258172713623269 0
6.86945659825197 -2.348902643948059 0
7.589728302122209 -2.351459607178513 0
13.36202415204726 -0.1083261100895511 0
1.059468742516096 -0.04195126673777162 0
12.713384015811 -0.1373919122431602 0
8.302112749981095 -2.34605957493057 0
12.0872361702494 -0.1325562452495917 0
11.48475709861649 -0.1261729911857525 0
10.89479471859424 -0.120109676841519 0
10.35422813247245 -0.1208344290329795 0
-3.303571428571025 -2.345352606467029 0
11.70009554896875 -2.347618662407855 0
9.800180620542465 -0.1108235494821179 0
9.272002600958503 -0.103555055586324 0
8.766975983244212 -0.1006701207187565 0
8.281852480167727 -0.1087732304961612 0
7.799348459375207 -0.09957773234586156 0
12.94972035843089 -2.342650842064185 0
7.35603163820382 -0.09601784422987603 0
6.915420950373801 -0.1028025907001657 0
6.403607725624745 -0.09806108263573479 0
5.89066600767723 -0.08470105368324224 0
5.4147457656782 -0.08413481687484055 0
4.950728193234687 -0.0831127375460993 0
1.32481181223157 -0.05197078688264588 0
4.511733443342115 -0.07405176605995605 0
4.091353934942404 -0.07708644617322546 0
3.688876170616432 -0.06623476739812559 0
3.30693899814466 -0.06379887875666623 0
2.942599210748316 -0.05880273609869578 0
2.587834495345252 -0.06349652124800004 0
2.252192131983563 -0.05506729425329959 0
1.627318122676849 -0.04935461151792532 0
1.931169118275382 -0.05412244918717998 0
14.55577743998451 -0.1461390661761895 0
0.6251846059512083 -0.04489435547552333 0
-4.552084958815994 -2.345934603659812 0
-0.6364415075794002 -0.04008542957076308 0
-4.56739313658464 -0.1329329544939349 0
14.85320047489488 -0.4562337520927156 0
-4.850934810000593 -2.041363217243401 0
14.84255199059991 -2.215684315052173 0
0.5401550061736385 -0.08060380197955715 0
-0.5339768586238401 -0.07378406595242659 0
-4.862300951898229 -0.2679622972363028 0
0.5255122999328222 -0.1326906559643974 0
0.5616558459450001 -0.1676905118862072 0
0.5457347315020223 -0.2178750431767729 0
0.5971702051321535 -0.203281345368108 0
0.5798108429053439 -0.2557942297240302 0
0.6329986467605381 -0.2405455469959623 0
0.6155841875496743 -0.2944967208378168 0
0.6712773476378674 -0.278567680809454 0
0.6570877885098636 -0.3314252801630215 0
0.7113831266102091 -0.3188178574860159 0
0.6944172687487384 -0.3750211251730895 0
0.753506932861419 -0.3608728624884582 0
0.7349238562546618 -0.4196534320670126 0
0.797267225534408 -0.4049195081270177 0
0.7793660118502181 -0.4647087697898181 0
0.8436137313416439 -0.4514322353828089 0
0.8176540958282092 -0.5219138948186488 0
0.8914577225153302 -0.5015337268168349 0
0.8743815307573799 -0.567589178905579 0
0.941991669802663 -0.5538389891610257 0
0.9249493098529332 -0.62164788740907 0
0.9985187769705874 -0.603541889454136 0
0.8627198111240088 -0.6313156024907185 0
0.9778915627745307 -0.6782471707537845 0
1.05600711623415 -0.6559742598966358 0
1.033389836632392 -0.7375365310605637 0
1.11684131464947 -0.7152702785174746 0
1.091918153064555 -0.7998273117166395 0
1.180090309439161 -0.7755986279520792 0
1.152570863167066 -0.8632440825821331 0
1.240747702982681 -0.842186379751737 0
1.068173954054621 -0.8797741570392956 0
1.210831909801287 -0.9301592831333642 0
1.308800710148879 -0.9079577597678576 0
0.3225418692718846 -0.4348988489257754 0
1.275964844928819 -1.002328365194908 0
1.377180064221076 -0.9790441921500995 0
1.402692285559849 -0.8833272865883711 0
1.472764954213369 -0.9534709256138432 0
1.498109985357261 -0.8575618715918782 0
1.569556606193344 -0.9264669604924546 0
1.543406714649413 -1.025273210582892 0
1.641639124375043 -0.9978963699099649 0
1.66614163616591 -0.8988362592088992 0
1.739623557029073 -0.9697589254081206 0
1.763481951309996 -0.8715310329666766 0
1.837959361432708 -0.9415815563422858 0
1.813579097615177 -1.042455734783113 0
1.913939237900396 -1.01237354796038 0
1.937350680733325 -0.9099779260387715 0
2.014032037589919 -0.981318577679701 0
2.037156367482087 -0.8792979824067916 0
2.115768629799735 -0.9489183865048063 0
2.09151742803242 -1.053975478644411 0
2.193650573106802 -1.02116293657447 0
2.215385337164808 -0.9163185686173427 0
2.295130690849148 -0.987744317429844 0
2.316282955965435 -0.8839684424764437 0
2.39686759341466 -0.9544132783108974 0
2.376331939810637 -1.059671523204333 0
2.479199596174963 -1.025330047983618 0
2.502383409406427 -0.9172062271243205 0
2.584866876006114 -0.9876707554973545 0
2.562800912323103 -1.098409542001907 0
2.668544970802626 -1.060254654093484 0
2.687307623198085 -0.9499582499659315 0
2.773177626383074 -1.021513393955002 0
2.791786276102485 -0.9116309271532952 0
2.878305144989573 -0.9816784170284711 0
2.85960491576702 -1.094236425498572 0
2.965970541043039 -1.053489937646377 0
2.983330936364485 -0.9411201936599212 0
3.071642269258653 -1.012184700286474 0
3.087510991758811 -0.9011153092442432 0
3.1764948160194 -0.9708256342239917 0
3.161248758247547 -1.083364372954656 0
3.267834932980869 -1.041295076408099 0
3.280386781936697 -0.9269671752361663 0
3.373662449417457 -0.9963854716244014 0
3.359785846561866 -1.112908154474946 0
3.46865132254215 -1.067951210656237 0
3.479597974042131 -0.9499038453005204 0
3.576227509362552 -1.020188408889295 0
3.563465986135921 -1.139339582534876 0
3.673472559114186 -1.091468086305182 0
3.685578889776379 -0.9723007780407565 0
3.782797274704308 -1.042623385048162 0
1.136112233524609 -0.6312720167137091 0
0.7121167831224513 -0.4780163230997875 0
3.794687137595448 -0.9249355031423343 0
3.891870131912393 -0.9940418605116427 0
3.879623794906417 -1.110998128964837 0
3.989915284456611 -1.061976272189736 0
3.999632966076655 -0.9431033148933203 0
4.099869766066147 -1.011685918576791 0
4.093108864903087 -1.129128659879479 0
4.201924960500241 -1.081653161399486 0
4.210645298125055 -0.957885519282892 0
4.312042195602089 -1.026752686267369 0
4.303651537404098 -1.153097738145736 0
4.415680819908182 -1.099539466030854 0
4.42319135857603 -0.9657292735760015 0
4.527608351517942 -1.038775046235944 0
4.521661023157703 -1.164110551404559 0
4.634773029531941 -1.106669002561956 0
4.650294596218589 -0.9791227331324386 0
4.753289713920145 -1.045364766213108 0
4.740941778600345 -1.168118655768002 0
4.856695802129015 -1.112557303883078 0
4.86766148611262 -0.9842932541848639 0
4.967431826595777 -1.053666527790027 0
4.963669484946371 -1.178152791236668 0
5.076580324139275 -1.116198856629023 0
5.080489745992105 -0.9904452809133024 0
5.192406873451016 -1.054910845199944 0
5.183636575110867 -1.179205246432976 0
5.30426439741632 -1.118902848292899 0
5.306720528172 -0.9900379851107564 0
5.418917420813173 -1.054924761052258 0
5.420075603981559 -1.184913081258846 0
5.532819978963389 -1.119974771286504 0
5.531855228606869 -0.9889641253800663 0
5.645147910908525 -1.052664118664688 0
5.648256853158355 -1.185366405914989 0
5.762683450125479 -1.116629866226904 0
5.766230324111465 -1.251498655881706 0
5.882132035591763 -1.180682826063514 0
5.877865718488309 -1.030963168503068 0
5.994241828598107 -1.112980001795752 0
6.002024586474798 -1.244944931496703 0
6.115917186108381 -1.170790152635095 0
6.108728137592786 -1.030806201503787 0
6.232876491158835 -1.099255984289184 0
6.231150139490605 -1.234363528582227 0
6.354058290883818 -1.161356903451286 0
6.351577207988968 -1.024454916729291 0
6.471878825872812 -1.085687210371695 0
6.478598328105186 -1.223253458243844 0
6.594684273969676 -1.147283954051442 0
6.586558886014598 -1.00986372773351 0
6.710656952872467 -1.068767002045695 0
6.719204112489581 -1.208205134444766 0
6.836462692254964 -1.12860892365192 0
6.846192260670187 -1.270828273788689 0
6.962824120588566 -1.190678644442871 0
6.955719004706411 -1.042821383235079 0
7.082709208563693 -1.103987124962729 0
7.092026374897197 -1.249824626376639 0
7.208181579111164 -1.168797982584387 0
0.9597619841381542 -0.4959927138321923 0
7.206825136910017 -1.018787714555219 0
7.331045179837441 -1.083259766727071 0
7.338309340921482 -1.229337787843539 0
7.457235646126265 -1.145251503021267 0
7.468992476727682 -1.290330259276944 0
7.586062754907211 -1.205691945385207 0
7.57338188337557 -1.06197550990778 0
7.70439799827577 -1.119754344247708 0
7.718358914287022 -1.264533788382203 0
7.837722358020299 -1.177783104255145 0
7.853043858078466 -1.324976989839989 0
7.971573575658185 -1.237264748633552 0
7.956750443276805 -1.090489618126799 0
8.090547151841378 -1.148883993430246 0
8.106848650440181 -1.295743253730942 0
8.225450933920447 -1.206980124538996 0
8.208117823169946 -1.060783135196909 0
8.343035177042314 -1.1179351304259 0
8.361991608322958 -1.265084444260686 0
8.480329669665128 -1.174627677452102 0
8.500379356729152 -1.323247660948046 0
8.619397909965972 -1.231178216821874 0
8.598933344950993 -1.083530457721271 0
8.73778670408524 -1.13940591908906 0
8.758832103365075 -1.288506289218257 0
8.878000388070006 -1.195432926200694 0
8.899866343242788 -1.34604689421825 0
9.019693641003503 -1.251447833219735 0
8.998297247330852 -1.100684685242678 0
9.139314917929916 -1.156703683138828 0
9.161638485017727 -1.307504617950308 0
9.281403475621104 -1.212199373006958 0
9.258409458082246 -1.061864252854219 0
9.401170099824176 -1.116025582784021 0
9.424478564305653 -1.267529165346928 0
9.543755862356232 -1.170739254880208 0
9.568479609900594 -1.323609242437715 0
9.690016799394815 -1.225410967067428 0
9.714387572750354 -1.380353251548655 0
9.835787792001163 -1.281224171714247 0
9.811345318840111 -1.12696928162567 0
9.957066103689424 -1.181930019339241 0
9.982455755819077 -1.336548543266779 0
10.10399583929837 -1.236631563439079 0
10.07777663370827 -1.082153557696283 0
10.22548996624134 -1.135798961111779 0
10.2516655930344 -1.291134514661808 0
10.37395719478751 -1.189572773717295 0
10.40099046186706 -1.346585962790167 0
10.52285024679154 -1.244141743714093 0
10.49561306392666 -1.087708850857529 0
10.64530617929317 -1.140651445787427 0
10.67280994826652 -1.298400470447843 0
10.79603260292983 -1.194018194341305 0
10.82410563657576 -1.353143294071104 0
10.94706206543747 -1.248614390745034 0
10.91752252466975 -1.090131815420611 0
11.0700614569717 -1.143482063788538 0
11.0993453548275 -1.302768796235707 0
11.22313080384729 -1.196766927835061 0
11.25303861973878 -1.357300769898194 0
11.37658628347138 -1.250688299060075 0
0.400943173340103 -0.3652667070291274 0
11.34649986647506 -1.090593596204581 0
11.50050616795897 -1.143525824011007 0
11.5310724967582 -1.304551861887318 0
11.65559346093588 -1.196529759513878 0
11.68681763641214 -1.358736779219853 0
11.81118204389008 -1.250179848303002 0
11.77975921984131 -1.088297076184689 0
11.93585658987877 -1.141272850633333 0
11.96772331954143 -1.303625760764776 0
12.09382279296425 -1.191480766116162 0
12.12571619050436 -1.356862346573458 0
12.25213560961175 -1.244013905944398 0
12.28442389792745 -1.411087996327094 0
12.41046317517738 -1.299978437188678 0
12.38060946801248 -1.129659017717479 0
12.53869777392704 -1.185921463752058 0
12.57056424453563 -1.353819974775213 0
12.69780347179615 -1.241137522504171 0
12.73127369741866 -1.408195572388133 0
12.85804027714749 -1.295415020868992 0
9.376605540444773 -0.9666715464976412 0
12.82433293227222 -1.12864975342727 0
12.98532297664112 -1.182186512508473 0
13.01991735143796 -1.349079677341341 0
13.14747435222212 -1.2353776031819 0
13.18285735360934 -1.402955360584021 0
13.31095083571266 -1.288969842070059 0
13.34633005386392 -1.457276031967188 0
13.47514725074866 -1.342284455051768 0
13.4422200057434 -1.17308591889501 0
13.60543095470533 -1.226287985195155 0
13.63965677192918 -1.396130614140533 0
13.76904389583844 -1.280212173753902 0
13.80486060960416 -1.450383130288587 0
13.73414270276933 -1.110243797208751 0
13.89810404787644 -1.164135448365342 0
9.591752525583964 -1.479249484559333 0
0.8096022846496276 -0.3416290763063195 0
11.9030866302674 -0.9802259068829915 0
12.950107410221 -1.016112124380745 0
13.8617009432915 -0.9945769834141297 0
12.15862149551998 -1.521610986581481 0
14.0262845427285 -1.04809229856579 0
13.2171088976284 -1.571669994089185 0
1.430310075994795 -0.7898748595439941 0
0.7247973500401961 -0.2636364804706783 0
3.699358501510075 -0.8563520798256674 0
1.691962699939366 -0.8025111397609157 0
2.239463802172573 -0.8142257191834585 0
2.708693375937385 -0.8424216525506023 0
3.001787303998204 -0.8321096380130957 0
1.958915839940701 -0.8136837598746314 0
9.236847618187191 -0.9131863968023768 0
9.35214172283106 -0.8201498727636878 0
9.216329957209288 -0.7671763369605515 0
11.74775256099976 -0.9280008026748245 0
11.87020913751663 -0.8210555183394425 0
11.71709777840506 -0.7693018166127717 0
3.804765337900216 -0.8107413505253099 0
3.714904207085829 -0.7448764569646342 0
3.813891889828986 -0.7001097584544863 0
3.72820427055982 -0.6371782944802358 0
3.823285408557674 -0.5937787005312894 0
3.739123617965938 -0.5337784559000976 0
3.646058254809555 -0.5746841123458621 0
3.832223215722971 -0.4921408283594403 0
3.91539934360349 -0.5503969573634798 0
3.658675080873512 -0.4740882316616428 0
3.567272953326771 -0.5132547375216823 0
3.923677488893066 -0.4506374142060984 0
4.006047578101616 -0.5073198349593862 0
12.78947073675102 -0.9627993491211889 0
3.102125618759557 -0.7930865512114039 0
3.020810355473112 -0.7271711833855812 0
3.116300781800234 -0.689262888018993 0
3.038251737821782 -0.6259661956587319 0
3.13215939007006 -0.5889082958942176 0
3.053289766036735 -0.5274515219974882 0
2.963600400248815 -0.5629913774174958 0
3.143524916197268 -0.4927908139450671 0
2.977910139900264 -0.4691424937863061 0
2.889095276587563 -0.5048100256305258 0
2.335708697277648 -0.7832061132109416 0
2.261769281010543 -0.7166017458787159 0
2.353069478393902 -0.6856033471561627 0
2.282888924324228 -0.6221670536336141 0
2.370405030271936 -0.5922846417252468 0
2.30160144473904 -0.531603531866816 0
2.387744157312069 -0.502861710237946 0
2.215844904202781 -0.5594740096053618 0
2.234517655960195 -0.4723780760997099 0
2.151977266856266 -0.4981647578422136 0
2.169551883316911 -0.415241023429293 0
2.090145927196555 -0.4398003240291386 0
2.249416807131644 -0.3888125678929795 0
2.456255607818357 -0.5620667098193594 0
2.472262355241564 -0.4736151910675359 0
3.661215520328785 -1.213566268728298 0
13.69831432847224 -0.940697553210008 0
13.82537816285261 -0.8254390967017969 0
2.948553725015663 -1.168587904917843 0
12.91514334241956 -0.8510091328182776 0
12.75665567479813 -0.7979755897195133 0
2.171233274212076 -1.128732878480088 0
2.90657163634105 -0.4105679008002358 0
1.348819347023205 -1.076195742935615 0
1.244539383963697 -1.100532216987378 0
1.321810024867537 -1.177988199759505 0
1.217616775966263 -1.20345349038428 0
1.295339873073064 -1.284920124459897 0
1.181112201877429 -1.311724288025627 0
1.262453743451079 -1.395387007349015 0
1.146729660350738 -1.421110965299083 0
1.065444226050858 -1.337194109163306 0
1.030464815682631 -1.44803455733217 0
0.9366691490109216 -1.344849984927643 0
0.9127124585037799 -1.473062756210003 0
0.8196958455137013 -1.383134939954766 0
0.7963831816468461 -1.500943849410517 0
0.711471812163053 -1.4123456287281 0
0.679800512131487 -1.527684641239892 0
0.5982754656692033 -1.437776012859903 0
0.1840054625323894 -0.5108959543330067 0
0.6308248034248338 -1.327616475192037 0
0.5276080249593837 -1.354963283861619 0
0.5596259840752549 -1.249770789268453 0
0.456768877049144 -1.27384933850486 0
0.4219598565672083 -1.374022230715038 0
0.3459395460467035 -1.277730466564057 0
0.315845707592196 -1.392662519094231 0
0.2408090768693743 -1.310315336366888 0
0.02537597422353344 -0.5408652418740624 0
0.2099435868995047 -1.416382887666132 0
0.1367112275074105 -1.333243698010141 0
0.4909708238190609 -1.175005758840096 0
0.1065077317351421 -1.434181706342859 0
-0.3214925042435244 -0.4317388215103118 0
0.03298904575550123 -1.354308824032659 0
-0.1825577756625308 -0.5102148015932303 0
0.06730761223168127 -1.252543941656114 0
-0.0392856228540345 -1.274889757973138 0
-0.07250309149468186 -1.374046524435504 0
-0.1462896443038302 -1.294429703634742 0
-0.1789567903498554 -1.393531013334233 0
-0.2513718315876224 -1.311037496294868 0
-0.2893414613882172 -1.41409388950127 0
-0.3596013144161043 -1.326169813620442 0
-0.3212594876167015 -1.225857207494792 0
-0.4276508529614366 -1.239481914420367 0
-0.4703404637577051 -1.343682831191756 0
-0.5387914434342315 -1.253805315078696 0
-0.5841625399946875 -1.360413898368947 0
-0.6538668574908107 -1.268248246932256 0
-0.6099671116258194 -1.162624520536536 0
-0.4335376206881253 -0.3245359241298363 0
-0.7235564731457044 -1.175405078216691 0
-0.7656158860628627 -1.274434548848003 0
-0.8361291789899228 -1.182354930094361 0
-0.7910624892850318 -1.083105231775588 0
-0.9011903114014669 -1.094795267868394 0
-0.9511945082311304 -1.193526423757957 0
-1.015580757204282 -1.102739752109802 0
-1.06666409371426 -1.208285388521845 0
-1.133711293967766 -1.111619536790381 0
-1.185388415267226 -1.216314142292304 0
-1.252322551285568 -1.120353819372705 0
-1.305322960730098 -1.226972502293607 0
-1.371262988891665 -1.12929312617933 0
-0.853398385323128 -0.9948878775569214 0
-1.427595087773958 -1.235285611429721 0
-1.495299920677484 -1.137183054895344 0
-1.548356156650067 -1.247399605639002 0
-1.622196599324989 -1.146279716615877 0
-1.67493437519856 -1.254528869668448 0
-1.750555766287926 -1.154901280412104 0
-1.198043756868316 -1.01532472811736 0
-1.807218669142037 -1.267777225617536 0
-1.881614780784618 -1.163787406169392 0
-1.938388393388897 -1.283172756770849 0
-2.012993995866666 -1.17320993111463 0
-2.072483153532574 -1.289432055768922 0
-2.148439753340775 -1.18339548973246 0
-1.562358140737261 -1.016479095681622 0
-2.208345899299885 -1.300817287118789 0
-2.283883017133468 -1.191938929101556 0
-2.346024817173579 -1.31195321844321 0
-2.424421384440503 -1.202889923838634 0
-1.953137015871222 -1.055618463794511 0
-2.485776126730039 -1.326630290572412 0
-2.567048270245873 -1.211566209030636 0
-2.628896541463406 -1.336284442319593 0
-2.710343315094695 -1.221633779456447 0
-2.3574799636335 -1.076750369955171 0
-2.773629499332458 -1.34910998412789 0
-2.855392185122321 -1.231554353661098 0
-0.007298227999771444 -1.165814065707371 0
-2.920552631417379 -1.360092830492766 0
-3.00403611897585 -1.2434792709574 0
-3.069901053007195 -1.374533599732118 0
-3.153262514236241 -1.252494468165342 0
-2.789604062491084 -1.101906110669824 0
-1.116962380661608 -1.309338232156439 0
-3.22010733001969 -1.38982967437164 0
-3.299611544929789 -1.268214413601567 0
-3.37285094121818 -1.399646252800447 0
-3.451872220015428 -1.252914526084122 0
-3.52893174566512 -1.408652578628429 0
-3.619584838126632 -1.284587164494454 0
0.2775675313880329 -1.497151914170958 0
-3.215693809842548 -1.138864677876847 0
-1.459379999822894 -1.340996693781244 0
-3.68887195328219 -1.423794245082032 0
-3.773164393191967 -1.299409023759593 0
-3.708621958885488 -1.154040238769095 0
-1.860810902539947 -1.37779443672346 0
-0.212538941421603 -1.500741659653624 0
1.37820392454045 -1.367356173970835 0
-3.846533586792609 -1.431452982169684 0
-0.07912591558331095 -0.5328843757220614 0
-3.87966196988673 -1.180276773985084 0
1.340719606698164 -1.481798409599485 0
1.465142110049212 -1.452581551145181 0
-2.261446121860764 -1.426184150485277 0
-3.800967329087511 -1.025163303177152 0
-3.953447226518607 -1.032906542447212 0
-2.676354815111754 -1.453490883138518 0
1.006376004746196 -1.561725280857977 0
0.5878899493744169 -1.151006449983767 0
0.522284797557964 -1.080227782753439 0
0.6170143881584935 -1.056391206284638 0
0.5515793904668876 -0.9886497449762448 0
0.4611997655644747 -1.010233523380703 0
0.4895507550541176 -0.9238476340318267 0
0.4041474789313002 -0.9428032829031772 0
0.4304991916552793 -0.862137241540571 0
0.3498230859962881 -0.8799522721760109 0
1.425551310130603 -1.574415357029082 0
1.557368966742855 -1.541471682543143 0
0.3741011867141713 -0.8047665972966105 0
0.2975713817230775 -0.821432859407739 0
0.4512139051800375 -0.7856581754424031 0
-3.130077061262708 -1.503393246518328 0
-3.887225986934141 -0.8920238718705394 0
-3.730178466407704 -0.8804539139217226 0
-4.044932036791167 -0.9024862412978385 0
-3.608165335377852 -1.542240832045676 0
-4.11590502140024 -1.045711621588153 0
1.520477689054193 -1.669866624508201 0
1.649491526224909 -1.636374352248117 0
1.384499072436694 -1.700931068347226 0
0.272126291312289 -0.8951372228242291 0
0.2213301288175594 -0.8367560418188075 0
0.3957284120189998 -0.731854999504218 0
0.4680376904529747 -0.714421542403323 0
0.5776474465359211 -0.9019424241315697 0
-0.7499846109453414 -0.9834980568107272 0
-0.8078140438863037 -0.9001761689048955 0
-0.7103771839968509 -0.8893819378476034 0
-0.7650457008582503 -0.8114724860115674 0
-0.6727813857531815 -0.8028474309480239 0
-0.7266950628697449 -0.729052479961003 0
-0.8162772658185478 -0.7356899365261096 0
-0.7782439034029944 -0.6563492770973662 0
-0.8659487123517984 -0.6622756661927183 0
-0.8271992851581 -0.5856112286812493 0
-0.9134929914158125 -0.5909871746900917 0
-0.876214972486893 -0.5155505381244258 0
-0.9603961916678797 -0.5210159869287547 0
-0.6902753473426131 -0.6522171701263739 0
-0.9226097186657573 -0.4477739956083935 0
-1.005130593844192 -0.4528277903901257 0
-1.043981722636409 -0.5265575366842591 0
-1.091163699881243 -0.459808175088647 0
-1.129431942434575 -0.5332173034532203 0
-1.17827336531678 -0.4648335633944313 0
-1.21780050335646 -0.5410633274931514 0
-1.267337148972001 -0.4658631732378888 0
-0.8434158495098958 -0.4413465460591075 0
-1.308217968361541 -0.5475824600729615 0
-1.359581030099066 -0.4706676510553001 0
-1.401150060400702 -0.5546042876328665 0
-1.454119740424836 -0.4756495967200001 0
-1.496559306562846 -0.5618797312142204 0
-1.550666361798518 -0.4809162810591728 0
-1.594382833164023 -0.5693618567682706 0
-1.650138954930579 -0.4856785161444908 0
-1.694774972571701 -0.5769090197598271 0
-1.751952219603669 -0.4910789944941361 0
-1.797697292017466 -0.5846827653527674 0
-1.855562748521209 -0.4964607920685618 0
-1.90309363815935 -0.5926330784347089 0
-1.962389300604645 -0.5022289745145383 0
-2.01118519516671 -0.6008019588167084 0
-2.073001923714346 -0.5084363161454439 0
-2.122116152535271 -0.6091982695079283 0
-2.185447645852631 -0.5145983482327579 0
-0.6183881403104857 -0.8764270317229894 0
-0.5844661203617709 -0.7917932693295235 0
-0.5303043233727909 -0.862323921215878 0
-0.498254010476573 -0.7819234119954948 0
-0.445908310658766 -0.8498889125077868 0
-0.4127659756244549 -0.7731586337523383 0
-0.3643567927742611 -0.838307989981611 0
-0.4573386622406881 -0.698996124754579 0
-2.235629885054277 -0.6177394370290652 0
-2.300177157950708 -0.5209041756696797 0
-2.351812820883311 -0.6264048397148848 0
-2.41787705984036 -0.5273165238439782 0
-2.470232026766886 -0.6353484348068487 0
-2.537700191726472 -0.5410639031663118 0
-0.8882315115314836 -0.3755598066475858 0
-0.8130151569460983 -0.3696167631171287 0
-3.976109408992283 -0.7606921115470776 0
-0.3316481743534122 -0.7662526302832746 0
-0.2855215632638749 -0.8275334951176191 0
-4.134139635799476 -0.7714514485171527 0
13.67523330147209 -1.566716053391493 0
13.84239780233863 -1.617243576831576 0
13.97131620925888 -1.504029032551114 0
14.00914886972471 -1.671188197343877 0
12.60365117820887 -1.521043555526495 0
11.56145385010289 -1.466874801004443 0
11.12890336342547 -1.462524234904566 0
10.70048931796226 -1.457557450815476 0
10.27900434188318 -1.447555357226872 0
9.739485285966312 -1.536514921070369 0
9.61498971355501 -1.637428535687601 0
9.76686757090982 -1.696095559560142 0
11.03983108242404 -0.9861179671311235 0
10.89034569086047 -0.9330534936511572 0
11.00962683639691 -0.8312854523029267 0
10.86280227857572 -0.7790426827279988 0
8.779533500385279 -1.440208894528983 0
8.921986579634105 -1.498407615696648 0
8.799417270426011 -1.595418782137614 0
8.94651804285318 -1.654932338482432 0
10.19820307559787 -0.9823222679410735 0
10.05305428131484 -0.9294963610950099 0
10.17057264334896 -0.8318032070152073 0
10.02919392499892 -0.7791495729090743 0
8.381384545779872 -1.413200952435906 0
8.716469081102398 -0.9924994049480955 0
8.578213773532376 -0.9383891660602736 0
8.694671185913062 -0.8485319017571029 0
8.560953776481345 -0.7949908807149575 0
8.674130497907854 -0.7077520073672808 0
8.550389789656677 -0.6611746067318023 0
7.7335704037213 -1.412516173651083 0
7.869611677400473 -1.473459879879798 0
7.747816549202653 -1.563938548061734 0
7.889152517536364 -1.626397605204314 0
7.349250324712324 -1.374723798864596 0
7.687569159869943 -0.9778696599755907 0
7.557940206542021 -0.9205541285578384 0
7.670454517232459 -0.83955237388935 0
7.546822073282756 -0.7829911383814876 0
7.656898999920278 -0.7045778574281809 0
7.534885579671229 -0.6504126896683613 0
7.779269257050705 -0.7586129686494436 0
-1.05532063545782 -0.3812705739664879 0
7.765306253617284 -0.6259073807970628 0
7.886289725354072 -0.6789951286174438 0
6.72765831560867 -1.350320672831855 0
6.857077229454602 -1.414139814688199 0
6.73434475810294 -1.496813546313585 0
6.870626194345072 -1.562309879924422 0
6.744652283711281 -1.64690822113196 0
6.881892984896631 -1.714692118392252 0
6.699762973490628 -0.9322798558641694 0
6.578343896142153 -0.874733033596476 0
6.687856409666088 -0.8012053847180258 0
6.571633599251961 -0.7447033281984239 0
6.678826474421554 -0.6730850589540945 0
6.565132418702395 -0.6180005616383104 0
6.46001328806171 -0.6858134278563978 0
6.453411061365479 -0.5633936579460498 0
6.350908100986145 -0.6293914914862455 0
6.793483111448019 -0.7282038286967163 0
6.783667554544756 -0.6024516486475233 0
6.897254939365522 -0.6564114172630424 0
-0.257477891207954 -0.7567442062395516 0
-0.210026617803081 -0.816636927034547 0
5.648895844890703 -1.322530508786408 0
5.769969033005028 -1.38945160572466 0
5.648773643336678 -1.462856241834541 0
5.776191425327161 -1.533007508288946 0
5.647601705586589 -1.609372722336778 0
5.778862545180218 -1.681316749574531 0
5.649795385374437 -1.759166410359511 0
5.516662953840389 -1.685159080431033 0
5.642072017237847 -0.9230799123913309 0
5.530118057765407 -0.861168550189805 0
5.63778659379058 -0.7968053386078473 0
5.529863592069078 -0.7369636484263389 0
5.63412375731124 -0.6747177038319265 0
5.529628616792394 -0.6150217870767287 0
5.426812908437993 -0.6759507577302788 0
5.428756648093128 -0.5582561799973613 0
5.329058440646894 -0.6162889939772366 0
5.632497823419438 -0.5556608653690083 0
5.73462933393108 -0.6126005486190766 0
1.686514823873998 -1.502648705559838 0
1.777205232589292 -1.60140366500065 0
9.329380592962897 -0.6758339071637622 0
2.648371092656488 -1.172744925923651 0
2.986043416918077 -0.3830483334630953 0
-0.3294987485312323 -1.523153530626008 0
-0.2489158053191511 -1.615301373354807 0
-0.3743482496294678 -1.638777760488255 0
-0.2936348391205682 -1.736443525327461 0
-0.4231372682567616 -1.758833248579845 0
-0.1626857958665587 -1.710922255854837 0
1.88955866286756 -1.116023994950938 0
3.546700146298831 -1.263271980723362 0
3.647395090932517 -1.339064932191772 0
3.526196296730357 -1.391353282653419 0
3.633377287154691 -1.470762866736269 0
3.507144350778805 -1.524547024260704 0
3.618986596996876 -1.607292555513189 0
3.74391099889405 -1.547020835605091 0
3.4904709657445 -1.662312733218282 0
3.378065301899649 -1.576735700200711 0
3.732099070276536 -1.690943448682817 0
3.861395820146171 -1.628976387015103 0
3.359693700007426 -1.717113978831968 0
3.248248854750703 -1.634174012827339 0
-2.591828825225305 -0.6442315819983847 0
-2.660785423542308 -0.5516234601123435 0
-2.717135827040022 -0.653407028106613 0
-2.787473659029149 -0.5526432415287372 0
-2.844725671454479 -0.6640994148556006 0
-2.916467017016798 -0.555363756071386 0
2.538737740935536 -1.212444765739797 0
2.627635427400205 -1.290815727133509 0
2.512286530766421 -1.331711158034355 0
2.607566709252025 -1.413109856617391 0
2.486020602287651 -1.455747073813073 0
2.584881919240849 -1.540916333152716 0
2.458501967794401 -1.585232541567217 0
2.561756577621564 -1.674140897338947 0
2.429806780689766 -1.720352277198655 0
13.66256842369685 -0.7721329761452158 0
5.329798893845404 -0.4984998573145845 0
5.232255849842843 -0.5584794980543228 0
6.608114732176491 -1.579440602960359 0
14.13855352746581 -1.55791225635064 0
0.606195801005874 -0.3449471532926964 0
2.362654402281984 -1.496002931797706 0
1.744003471987383 -1.733127623031876 0
3.218285513975487 -0.647108379202192 0
-1.411648575925306 -0.3981814449687114 0
-1.219148527987535 -0.3875508324061799 0
3.227563584624627 -1.773059547843583 0
-0.8998272960189724 -0.7420977537800271 0
5.907561426046518 -1.603149842115447 0
-0.2106238069503674 -1.838083541048923 0
-0.07504904342887017 -1.811856756961586 0
0.9512096842336959 -0.7479890011477742 0
2.107055251295372 -0.3599663075431987 0
2.029086445426898 -0.3840922108208047 0
2.011188287316507 -0.4637722226569186 0
1.950852840599885 -0.4078218747595317 0
1.93228147187831 -0.4875759179699853 0
1.873539713332007 -0.4306966686608584 0
1.894178769414048 -0.3523645147642704 0
1.815931352943457 -0.3752720395166707 0
1.796572061283551 -0.4528115478928836 0
1.739564491412552 -0.3971353100347288 0
1.721722074346144 -0.4721120737741084 0
1.663077467396133 -0.4183801426647925 0
1.650676665023675 -0.4921146291345502 0
1.587278955750977 -0.438637475005385 0
1.606191244786529 -0.3642358447171248 0
1.530452359183094 -0.3847094033574943 0
1.510147658580671 -0.4593213170875681 0
1.455400785782269 -0.4049928119843826 0
1.435380075209704 -0.4793530752122684 0
1.381514462337541 -0.4245519309877003 0
1.401115921362251 -0.3522823635710313 0
1.33000123163568 -0.370866620029766 0
9.188937437180055 -0.6238406525843284 0
10.14460007393644 -0.6827978838862284 0
2.704203656132947 -1.494431823094409 0
0.7639334438017129 -1.61903502132675 0
0.6364325725482854 -1.644968715510843 0
0.728751762940001 -1.741751661387057 0
0.5970119192165264 -1.769239445008202 0
-1.347826128405221 -0.633179393318563 0
-1.1669267100879 -0.6074182012778054 0
5.731534132517906 -0.4966253631568687 0
5.831841610612543 -0.5514870407830048 0
-2.975195142847867 -0.6732427116186394 0
-3.049417023240674 -0.5609423691210593 0
1.875629103654674 -1.695832760829585 0
1.908653222680402 -1.561605657688364 0
-0.2386370772342762 -0.8899011192451082 0
-0.1606999262358337 -0.8780637770460212 0
-0.1335172179266363 -0.805290679780031 0
-0.08427994210645573 -0.8654411080511795 0
-0.05755023923031356 -0.7939849703412901 0
5.911188161892866 -1.754392367103291 0
0.2470875184767629 -0.7655916217521795 0
3.57959541524983 -0.4164317185760057 0
10.00041079822211 -0.6328989503897344 0
6.344416700698682 -0.5090761288887394 0
1.758842445145545 -0.3207587865209541 0
2.82011178099992 -0.4454300571169354 0
7.762285455133473 -1.718741971746041 0
5.631190843991482 -0.4411947250302352 0
0.1949462822537623 -0.9104144255316584 0
0.246220251137307 -0.9705744576713112 0
6.617594189285552 -1.732397293181271 0
3.842437161926057 -0.3930428795542609 0
0.4171195368165465 -0.6634702092435529 0
0.4858124060189996 -0.6468084555376559 0
0.5338761801842051 -0.6957309640420173 0
10.98067281784051 -0.6785051163359033 0
10.28538286538285 -0.7345694321000128 0
-0.8540383252833875 -0.3095847588056337 0
-0.7837859390154117 -0.3048144508684263 0
-0.7439612598077955 -0.3614085790518106 0
-0.7097462933385011 -0.2918576215254865 0
-0.6747753894909394 -0.352403087706294 0
-0.2999110613534596 -0.6987147844830264 0
4.008579394725152 -0.4072174157871624 0
4.093627409153009 -0.463538193867938 0
6.887473897863742 -0.5322271804829312 0
6.999800979413994 -0.5854896024262047 0
11.12699705055035 -0.7294898129809875 0
14.17511671750767 -1.730025566397869 0
13.71075965087876 -1.737899367393308 0
-3.108791820442204 -0.6827252075174457 0
-3.184647230990931 -0.5688361607227875 0
5.231796612317286 -0.4462704152241788 0
5.137179576713433 -0.5028036190561662 0
1.549656804919457 -0.3116296226616127 0
4.088899958020008 -0.5637621792042896 0
4.180120858615368 -0.5217038969433611 0
4.176542038312584 -0.414178596013348 0
4.27445103906186 -0.457355075340316 0
4.265017614808799 -0.5755373660678305 0
4.357756566543524 -0.5300358543580701 0
4.381582514386129 -0.432462371214092 0
4.45497714153714 -0.4904816460370615 0
6.038182612924805 -1.680693293705656 0
10.83505041912057 -0.6267029852972797 0
-1.810542306905687 -0.4000607417794828 0
3.84785153401721 -1.777732772333604 0
3.981472521816408 -1.71822699389463 0
9.464336626060113 -0.7281931352440498 0
1.348849963753129 -0.3010922270599657 0
1.279769639335597 -0.3182379771435639 0
1.259837161722865 -0.3871221830532526 0
1.210696781292578 -0.3352117623695639 0
-1.604262171313495 -0.3881265527422236 0
2.047167955526844 -0.3061975030018597 0
7.867932443657718 -0.544436122483231 0
7.991366552141647 -0.5997182975213043 0
7.905711840278985 -1.782709966071371 0
6.548912338960592 -0.4943519773137744 0
3.490743342544012 -0.4544473519475182 0
-1.738987590038352 -0.6676621913131582 0
4.443285219202546 -0.5887032653306096 0
4.536326020687236 -0.5396684426041861 0
4.545014257870264 -0.4432245783365005 0
4.628629478896901 -0.4916855288852061 0
0.9924778770215814 -1.239684504673413 0
8.819632755621775 -1.753661455995415 0
-0.1892930710145916 -0.9544861621578093 0
2.836826140508274 -0.3562697007708727 0
-3.245293367882102 -0.692765370631842 0
-3.322758363207109 -0.5764768130512772 0
1.483328395174162 -1.800461320123827 0
1.345562362490948 -1.834136792819441 0
3.474000788853737 -1.805072623806872 0
3.501057557945418 -0.3616901305673449 0
5.13679673655786 -0.3920640352891928 0
5.044443002395182 -0.4480560368171248 0
5.043939070737181 -0.5543680617794984 0
1.615802594304515 -1.098578868507563 0
11.83869711602886 -0.6635479101425195 0
11.9905998977111 -0.7146586432138299 0
1.776869360827852 -0.5307605901088822 0
8.655476457804838 -0.5698602817437037 0
2.755192487838771 -0.3866904337087678 0
2.727837494195335 -0.4754300194936041 0
9.639020139749498 -1.799282120116615 0
4.622838150439382 -0.6066618789990738 0
-2.167398968608159 -0.7216285136617306 0
2.121961717261118 -0.2822702655332172 0
1.190781143511907 -0.40313016600619 0
1.143031898321362 -0.3515491648276175 0
1.162172002040786 -0.2854775326461533 0
1.096756758281356 -0.3012319091349425 0
8.521213609418467 -0.5166243292168662 0
7.742152016676711 -0.4817302719801934 0
2.537536708366514 -1.812941951178094 0
2.668057869295724 -1.769209677545506 0
-1.53796852356556 -0.6510941470460996 0
4.631178200101548 -0.3901161974149852 0
8.968994026824324 -1.814773083069387 0
5.518411428858337 -1.837367277713128 0
5.385798234569354 -1.75639417665303 0
9.792597648911723 -1.85881963227413 0
6.244250818002016 -0.5738944504896343 0
6.239218175987934 -0.4553059846513295 0
9.442118281176576 -0.5858305942352033 0
11.6878322356853 -0.6117216751680555 0
14.30620209239213 -1.612685406033888 0
3.552042795253968 -0.6272700309402492 0
-4.064045231697279 -0.6299539616506062 0
-3.908897917111446 -0.6194372436136093 0
-4.222361057256672 -0.6398675076152235 0
-4.293613902088361 -0.7836836668676632 0
12.88084187441375 -0.6877169927952491 0
13.03939983547943 -0.7394280010920153 0
12.72303561696155 -0.6359474355814322 0
7.426520417933169 -0.726537787959932 0
7.416901800765178 -0.586320949896761 0
2.401305361977275 -1.86034014772398 0
3.991096360557201 -1.565251223208935 0
4.114305859752355 -1.653006616109254 0
4.101472150865192 -1.804688414439311 0
4.235862184380013 -1.742131148727129 0
4.248285643925824 -1.589028496744248 0
4.369311560342515 -1.679567643651465 0
4.355566930702993 -1.821649457773594 0
4.492599387092515 -1.761631289148289 0
4.504604941557288 -1.612524096774813 0
4.627825866620499 -1.696484192205741 0
4.618852197927128 -1.842904185026575 0
4.754135920852815 -1.779391550349742 0
4.762067391217326 -1.629226320586574 0
-0.3951155502439541 -0.9107319999519705 0
8.433600331292483 -0.7498848547736701 0
1.84266431206575 -1.831928897379409 0
0.4388685443537017 -0.5965401535846819 0
0.3717768659547018 -0.6153522368419702 0
0.5040140784715077 -0.5815257986805751 0
5.829483299062077 -0.4373122060467883 0
1.360620767872595 -0.4987012222436129 0
-2.022301950962388 -0.411904165070001 0
-0.8235470759604048 -0.2476050413217682 0
-0.8920613595715807 -0.2512175661782001 0
6.042569075148859 -1.82528446738311 0
6.990120157414088 -0.4627130287747803 0
0.6493254298792902 -0.1864873894868261 0
12.5998202777518 -0.7450387589619571 0
0.1746920163462163 -0.7806788736157244 0
1.491381131387501 -0.5354406680201765 0
10.25986237285795 -0.5875513749602878 0
4.887318782161877 -1.710715473984477 0
-0.2348946072903919 -0.6883408924809435 0
13.78937978113682 -0.6577828380032931 0
13.95282743790721 -0.7104219446255826 0
3.416207690681548 -0.3977456729723408 0
0.6902335160193718 -1.870051689509334 0
0.8243162951156109 -1.837973857305446 0
0.5558207917340395 -1.899297300221513 0
1.299211473074924 -0.2508200199278784 0
1.365597772986145 -0.233599242856744 0
3.114752312225459 -1.689118318149354 0
3.100270193812402 -1.830857110986339 0
1.114937617958343 -0.2373587835741962 0
1.052175243246043 -0.2528002897605323 0
5.849770324774973 -0.6780722635333882 0
0.1984471818777004 -0.7134308774298586 0
14.34251128272311 -1.785797781322065 0
14.26705404968028 -1.441615131108996 0
9.09700550996385 -1.714282577021746 0
3.261826397047739 -1.488509718536493 0
-0.7027005977144146 -0.4122841580361776 0
-0.6360232522690813 -0.4047738879740233 0
-2.244715223620408 -0.4173853484398001 0
2.768926813812527 -0.3026917637473021 0
2.690103198226806 -0.3314181385872104 0
12.76565015816729 -1.575684648963081 0
12.63733577729791 -1.689357471723774 0
12.80040112353831 -1.744138990061627 0
3.584147770740936 -0.327098294585533 0
5.391894727687811 -1.597619603942619 0
13.62653881837416 -0.6052551907035191 0
0.6834814060482058 -1.126566480714756 0
0.7110690088283703 -1.032331540809928 0
11.71889521520161 -1.521997312273951 0
11.59258944567478 -1.63159261461284 0
11.7513316952625 -1.686847662418634 0
11.6184738181576 -1.792075962428408 0
11.7757413499582 -1.875329017669508 0
11.46310150257433 -1.741412416987377 0
0.1323231742679012 -0.7277328748249686 0
-0.6104247228791162 -0.3464001907579031 0
-0.571474642740189 -0.3961479308590932 0
-0.5961033945040952 -0.4565159697231914 0
-0.5319135244999711 -0.4469572150996616 0
-0.556118009068129 -0.5078228689931137 0
-0.4933274870552996 -0.4965511710449507 0
5.322879193986756 -0.3755342911706879 0
3.426156375017059 -0.3078920694946615 0
3.343894985956687 -0.3426683743632335 0
4.877410930209598 -1.867497095243667 0
6.886192173138058 -0.4158679803796267 0
8.674897332682324 -1.691402876378652 0
7.618957072603099 -1.653674042260761 0
7.634160316306912 -1.811445569721582 0
7.498887232197147 -1.749627694724655 0
1.991993079505337 -0.5451933347858031 0
9.921343925384882 -1.75425353505738 0
9.947708873859771 -1.918524677228749 0
10.07437392188245 -1.813444063943486 0
2.006883429933539 -1.657225578138341 0
12.56137653420405 -0.5873992715453638 0
-3.031227949357279 -0.7882573084922757 0
4.713564110789648 -0.4397095922029141 0
-0.1238323460404281 -1.944596277230369 0
0.01149215349877124 -1.922883443220325 0
11.09788475951026 -0.577952506410894 0
-1.94975555419701 -0.6884521626408604 0
0.4600306817597593 -0.5341894902756228 0
0.5210351518126602 -0.5196979799861825 0
0.5667065592393628 -0.5650863160018481 0
8.033939897393745 -1.688601909775462 0
8.052372435978912 -1.847130799488794 0
8.177865341112783 -1.752419380472452 0
2.871307828227229 -0.6024446034592367 0
14.0447694356508 -1.862923243752181 0
8.691799072571065 -1.852032417549949 0
7.009623389528432 -1.627631165153029 0
7.021857362273161 -1.782876588166263 0
9.116420248869494 -1.876756200056025 0
-0.498921582716458 -1.658953263809138 0
-0.5543914960080224 -1.782133917367056 0
-0.6346555718441853 -1.677253835193607 0
-0.6901836758046014 -1.804005132360832 0
-0.777693572903202 -1.696519998730216 0
-0.8288077920837963 -1.827345959457356 0
-0.917659712236447 -1.71695320177356 0
-0.9696493923631669 -1.850634607190509 0
-1.060011573566134 -1.73819151295918 0
-1.112919864433144 -1.874275774658739 0
-1.201847528915819 -1.759314979398604 0
-1.258254409906791 -1.897551502252416 0
-1.351948662874355 -1.782027422060604 0
-1.40662381716858 -1.921003821179872 0
-1.503537664624181 -1.801316925634677 0
-1.558015670820887 -1.939463927685416 0
-1.654967541712836 -1.825215376563784 0
-1.71006791552311 -1.965279659905364 0
-1.808334956812825 -1.848687461962445 0
-0.467405302762059 -1.889091116499554 0
7.97741455666842 -0.4697764554323062 0
8.096565813549184 -0.522152626276228 0
6.892622580932178 -1.871028455203759 0
-3.994864406152649 -0.4911672676643364 0
8.990135101553314 -1.978097926471725 0
-2.485247942981577 -0.4236517997568744 0
0.4640409263874253 -1.795131810242739 0
0.4198530048245673 -1.926867277794744 0
9.575314402737753 -0.6367249148004199 0
2.647176538957557 -1.909210156301799 0
7.508264534225649 -1.910435566071513 0
8.783197229979702 -0.6215590568347864 0
8.763984031372789 -0.4849413072343886 0
5.230462454141183 -0.6725602386914904 0
-2.529339644325823 -0.7546510911413041 0
10.39896086251002 -0.6382499532960493 0
-3.842931930492652 -0.4817148996747077 0
13.91646994689889 -0.5422688136732814 0
14.08046244381534 -0.5946376566522886 0
-2.862666311399019 -0.4377694532802148 0
6.249685666914843 -0.6952556318310021 0
2.844018662797263 -0.2750329219317384 0
-3.125589196670875 -0.4447007114287157 0
9.55247185910288 -0.4963298641084447 0
4.707170948553816 -0.3367207845445459 0
0.1656335422863436 -0.9868918134517674 0
2.703520730258895 -0.2505704698928971 0
2.630384230423511 -0.2793559968912234 0
-4.383664036377178 -0.6500875908884935 0
-4.455914125088277 -0.7961431666194607 0
11.24333583657703 -0.6281798168584011 0
6.48050292540933 -1.663268817356453 0
6.488361527990624 -1.818472347206008 0
4.531547386533937 -0.3395908461452605 0
5.043635173060867 -0.3414226218212502 0
12.6708811675596 -1.858556062168076 0
12.50863195016589 -1.802675841460732 0
0.2206710294449717 -1.050129000885231 0
4.894749432057214 -1.562822230420428 0
11.95891430412455 -0.5580275297742179 0
12.10988995715399 -0.6082238478246411 0
-0.2718174287039871 -0.6338980110879211 0
5.650763344094408 -1.911627520769542 0
6.336083055316505 -0.3921923638046321 0
7.009102460163096 -0.706753519767241 0
2.06410164213574 -0.2310982376582867 0
8.007970680444981 -0.7316833423431388 0
0.06344411469344639 -1.789485340818457 0
5.38557981275067 -1.915595366366056 0
3.211381557876701 -1.920078002914935 0
8.201176653669224 -1.909270365695043 0
9.599260013470609 -0.7785316721537013 0
1.032608490423846 -0.3155363342372296 0
0.9887214279389416 -0.2677819979592839 0
1.008417339985356 -0.2068494493760025 0
0.9472234146820663 -0.221250984517709 0
13.49948708592588 -0.7204500720391285 0
-0.007943913439590684 -0.8566863795163436 0
-0.0316165292606226 -0.9343568186308607 0
9.420145119344658 -0.4453687411108635 0
10.37301626234983 -0.4928130767226238 0
7.035457301243381 -1.941405745277998 0
-0.7390664080997675 -1.937855627769704 0
0.9686764593303663 -0.3297096519262547 0
2.03851666422477 -1.526094805752225 0
14.47438950604097 -1.66749394433062 0
5.929216743528291 -0.4977091821102436 0
5.925893516828722 -0.3794948676603707 0
12.1425204055761 -0.765041477223657 0
13.00483440957567 -0.576676649842395 0
0.4688621081063287 -0.2828080081338895 0
12.83518217930335 -1.913877787673323 0
0.1504680605436597 -0.6653857917732379 0
0.09124507076502204 -0.6818112221074722 0
0.2198343893117412 -0.6470928814785034 0
11.48878765198764 -1.902322396227957 0
11.33515176904673 -1.851103407995522 0
13.46377898707716 -0.5539661825606624 0
-3.384825758271941 -0.7030651858284919 0
-3.462526991011708 -0.5854447231136918 0
-3.399899045339811 -0.4591817623465685 0
1.447543046619687 -1.937372888457479 0
1.305565168515125 -1.973140100483755 0
1.205313151089415 -1.865724713549432 0
7.101191305786966 -0.51534679360332 0
7.091601148917907 -0.3939269234198061 0
3.40559602131683 -0.4865962156678701 0
1.939732301522459 -1.431602674210061 0
7.652429447739188 -1.972961934392035 0
5.828236148666637 -0.3258217481616733 0
10.24110939290847 -0.4493933428489643 0
-1.606317888194057 -1.680173510118506 0
-1.021266645538636 -1.993908112692961 0
-0.8633214015006524 -1.587910652883457 0
0.7773925022029559 -1.102070348518111 0
0.8025437101965679 -1.008663699072321 0
-1.296134315714082 -1.643785813132984 0
8.080236804382942 -0.3919193663310422 0
8.198458779244152 -0.4427773293365589 0
1.162168086156384 -2.006975137239158 0
-1.863833703042991 -1.995566091292574 0
-1.960718351528887 -1.873549043101307 0
5.019108648106312 -1.642767268014834 0
5.0263150171939 -1.496767042532595 0
3.075343625176477 -1.977708585651397 0
1.122496833730283 -0.4195436917140961 0
9.469858886675137 -1.577156020187371 0
2.135982995569755 -0.2074095151317428 0
2.071505918621684 -1.394007087628131 0
-2.762258726123978 -0.7628524168363803 0
-0.3386943071264022 -0.6420615333435993 0
-0.3109910897837864 -0.5820864729541047 0
6.237056391127618 -0.3468176042535968 0
9.663391691683373 -1.963432554170708 0
0.78488195232653 -1.966612968215492 0
11.21434989420685 -0.4776887411688629 0
2.541244058200571 -0.5314098740616279 0
2.525170725281685 -0.6205894261074181 0
0.4812862321287082 -0.4755491526997349 0
-4.311585187105425 -0.5058220705676993 0
-4.473925407750974 -0.5156469233864351 0
6.142338629460342 -0.6389598064206297 0
9.685317345640996 -0.5463451224332354 0
8.898392240561778 -0.5341983919402818 0
8.872614748666706 -0.4017300211313524 0
8.934115327775691 -0.6669950508728155 0
10.09781207649682 -1.971429788138727 0
10.23020090671765 -1.871675526278854 0
-0.1052346045612375 -0.7368907100027771 0
11.06922959242346 -0.4282975065468716 0
3.355022467346494 -0.2550304145134646 0
3.274147566390439 -0.2892998700876545 0
9.511130321686508 -1.906032863644155 0
9.535039560580454 -2.064186595697219 0
7.957503320879392 -0.3369655876975744 0
-1.905740721625715 -1.729271682978079 0
-2.057511692238753 -1.751929446836737 0
-2.11469700251481 -1.896704004717799 0
-2.211118677743792 -1.773258717159894 0
-2.270239623615527 -1.916399351791567 0
-2.367002491428157 -1.793973481762376 0
-2.427363764299886 -1.935257295530771 0
-2.52509964419703 -1.814380504545566 0
-2.585985506435577 -1.957859050607912 0
-2.684625902875363 -1.835611067441323 0
-2.745711443375258 -1.983530201631521 0
-2.845372444761177 -1.857722227614362 0
1.622381324075904 -0.2913141132622046 0
1.568711601244095 -0.2414048046244209 0
1.636864605878833 -0.2213825706947546 0
10.51176054249087 -0.5428693399177036 0
10.53851626850724 -0.6886052009425875 0
9.662502432228473 -0.4072093937192022 0
1.510760695289737 -1.315717738189814 0
-0.8611814159047637 -0.1912710401876996 0
-0.9290268970994129 -0.1940943609651844 0
-0.7953844247663119 -0.1875646588576606 0
-0.5618825059328347 -0.9456935248096697 0
2.165832440202519 -0.7458038015906274 0
5.130411207892433 -0.2810876213732258 0
7.201474991805981 -0.4459790245827846 0
4.953722880504795 -0.3950879070882499 0
4.953084402305727 -0.2909993799357528 0
-0.3748471790950323 -0.5880758162697266 0
2.405044264761368 -0.4170795657839821 0
0.7376898840750653 -0.9411165383676324 0
0.8265710537248945 -0.9181360166111473 0
0.7615705991696365 -0.8546704695792537 0
0.8930422989689754 -0.9839602637908558 0
1.18147589073745 -0.2210560548622524 0
1.134738263317872 -0.1755588044894022 0
1.171006512137515 -0.4721490516362211 0
4.772051605590669 -1.483507151364086 0
-0.3861911375902299 -1.140272741913901 0
-2.907326943806342 -2.007036910819435 0
-3.008210706531749 -1.879577834730491 0
-3.069893460132055 -2.032832147707112 0
-3.172204580594779 -1.902032339263264 0
11.35921390569315 -0.5277393122754996 0
11.391025275196 -0.6779603296537449 0
-0.5131290525056742 -0.5660588653765793 0
7.314115090225831 -0.6541532770462728 0
8.319058413412257 -1.815289755735166 0
8.349627099521538 -1.978291779218417 0
2.811289163632841 -0.8046542942962884 0
2.730784758685886 -0.7351057976079703 0
1.992166974215176 -0.2529588529163984 0
2.609071291158919 -0.5898651023258403 0
12.5412447618194 -1.973201675466482 0
12.37784715704743 -1.916989614919437 0
7.19198743277421 -0.3258571220723386 0
7.300951573587893 -0.3771808895708438 0
0.5378651498108813 -0.4599007694264423 0
1.133771222923351 -1.115844780360491 0
6.146618681963741 -0.7603431074302317 0
7.522667248588403 -0.5013861571760683 0
1.520917459575923 -0.7650729713420977 0
1.271541905378776 -0.7498336878444486 0
1.785410871382461 -0.7761933957215469 0
1.714255791952715 -0.7087075514066716 0
2.193746830903667 -0.257038164051126 0
-3.541501730219541 -0.467581801005992 0
1.316276016399508 -0.185024813519177 0
1.375811558698424 -0.1561697659436548 0
-0.4689798613695699 -0.4380241381143209 0
-0.2121460465151372 -0.6228136993483281 0
9.007278377683111 -0.4461251298648772 0
-1.746320301760682 -2.122380253827427 0
3.434287189288575 -0.2205123632065474 0
7.149820520927392 -1.693794253933757 0
9.79434039815429 -0.4569071477623107 0
3.61543891451114 -0.7899077035920317 0
0.498821343376114 -0.4186305979778427 0
3.905650641109269 -0.7625815546228929 0
9.910730638411895 -0.8754126798514893 0
5.256121337699435 -1.827072185845163 0
5.25142004063288 -1.994495644058472 0
9.101128950540188 -0.8576038302014031 0
-3.605268939536899 -0.5953213904866331 0
-0.9606757234869835 -0.2546397996926174 0
-0.9991036203692919 -0.1961285429995248 0
2.008445455174995 -0.1814821804503651 0
1.93951465569682 -0.2026862123047318 0
-3.305855692555131 -0.8205323481456765 0
2.302345925974293 -1.773441750391463 0
2.264477310092874 -1.915960859469817 0
2.372083510754163 -2.004036598038715 0
2.484497177397353 -0.3902245722333271 0
2.423748168251721 -0.3398974120335404 0
10.74305861636494 -0.8794711975589904 0
-0.9038440086412628 -0.9100036987627118 0
-1.324950353939076 -2.045503160481529 0
12.68898087891943 -0.4752091495307227 0
10.48593960013879 -0.3983458535365182 0
10.62397986875808 -0.4480674313957411 0
-2.462816533095467 -1.669712821455707 0
9.967163062355986 -2.07095473555985 0
11.46923550224003 -0.9842647191718777 0
5.38865066600819 -2.076091938428947 0
8.064901623755185 -2.003792855504667 0
-2.642719785100689 -2.11979590514907 0
2.977275333294541 -1.738164165128992 0
2.999486158106055 -1.609021679472764 0
-0.2805752571575338 -1.116679965196318 0
0.5128995167022643 -2.02257312073455 0
0.3696201689125456 -2.064568907145533 0
5.749426319473865 -0.8558141010931813 0
1.429227448312896 -0.2138820956202101 0
2.621626196906093 -0.7570098805806385 0
-0.5478646580118818 -0.3376725688393418 0
-0.5828238567928097 -0.2918618776235681 0
12.41323449968514 -2.081152808856056 0
12.24798403883799 -2.030967913969477 0
12.21867521544842 -1.858279199507467 0
14.51008824538949 -1.841158005174323 0
14.37884016308452 -1.959469483230571 0
14.54661566932038 -2.014965479657629 0
13.54531729157266 -1.682825571114476 0
13.57614958236798 -1.855579491348831 0
13.4136896575649 -1.799652927303988 0
13.44974310332598 -1.968771674359659 0
13.28564288438437 -1.910730561766569 0
13.61158050345583 -2.027350449016609 0
8.746150631276784 -0.3516358090975642 0
14.11696993008364 -0.763356773935312 0
14.24567563118666 -0.6469281063033825 0
14.28222482377571 -0.8169354503897149 0
14.40657023987103 -0.7012559718557414 0
14.44106471554349 -0.872608857898779 0
14.37403820778277 -0.5298026536822333 0
6.475545558866662 -1.510959130732944 0
6.352553893638508 -1.592711384816251 0
12.07840527366576 -0.4526367430931943 0
12.22908472412497 -0.502565469075144 0
8.213260533953065 -0.5704302150336654 0
14.31818183963894 -0.9883928923433247 0
14.47566632904133 -1.044587444870432 0
0.9653906863353539 -0.1626555570459991 0
0.9065128119045793 -0.1757454956301278 0
0.8878890258816147 -0.2325119844382006 0
0.8482744773420687 -0.1887753410782181 0
10.85319559389185 -1.513419368144406 0
10.72879525354488 -1.619387922922636 0
10.88344255800746 -1.67583634819584 0
10.75807352754176 -1.779747793848354 0
10.91299360182865 -1.838709386598724 0
10.79199339535367 -1.944067998574034 0
10.94125922983583 -2.005615567177226 0
10.60956828141916 -1.71811579362756 0
0.1027136920495647 -0.6225151390514793 0
-0.6228045971104075 -0.5171773231005545 0
2.428340142002428 -0.7489431197493976 0
12.96277745212269 -1.79910569439375 0
6.050433374212014 -1.531633167457367 0
12.52238539950813 -0.4323726045676626 0
1.586023821480652 -0.1739700445019204 0
-0.02938903777104895 -2.052345734814502 0
-0.1760699846148828 -2.081091676313183 0
5.526878060594135 -1.390282289200113 0
3.425600302831841 -1.310815292502679 0
2.430150866320029 -1.248961015999327 0
1.100787823848663 -0.4895622304536043 0
1.802727184189274 -0.6823462650203964 0
11.92743670740526 -0.4031002766524423 0
-4.364358031629117 -0.9248396732669069 0
-4.527911038263128 -0.9439290635466002 0
-4.418005490807274 -1.062194316439606 0
1.45370373030453 -0.7014478482919113 0
1.543184251780444 -0.6750240636785702 0
3.76531017702318 -1.281123156639489 0
2.130907112283762 -0.583444306750484 0
1.197311303618608 -0.1592551557348405 0
-0.8314335301366025 -0.1364103446090043 0
11.90865507098536 -1.742733460558809 0
6.629224517150199 -1.888096412812604 0
6.497033165648684 -1.977027523112684 0
6.632074750979141 -2.041570004244343 0
6.36359313487773 -1.903321660382621 0
6.362374380695465 -2.065730984354423 0
2.642067591450189 -0.1998305055612552 0
2.572858610019807 -0.2251709793593652 0
12.10010295063362 -1.965618984754653 0
-3.44644951261228 -0.8328438027096345 0
-0.033714380831532 -0.7261514820626102 0
-0.07817821597068976 -0.6732486156946003 0
0.4218881335641244 -0.4797574162024932 0
2.228929987429313 -2.055667252782154 0
2.124476683262461 -1.95272062154744 0
11.03474687790848 -1.731024688352635 0
-2.18608977466645 -2.045466965174104 0
5.914219599493238 -1.909390389178013 0
6.051456973943262 -1.974457028686264 0
0.3287720986476612 -1.821261977697717 0
-0.4342583471831464 -0.4864438209978948 0
11.33034160475195 -0.377841740152868 0
11.47451279710033 -0.4275430804401508 0
2.081784387061201 -2.102643969300579 0
13.00014953869414 -1.968968598356999 0
0.7532230058868037 -1.197564828385945 0
3.713071813422535 -1.836905660474529 0
3.83350170179908 -1.928218775729122 0
3.693995078990561 -1.989840625996256 0
3.816418357395317 -2.079600018820996 0
3.957934530115417 -2.01869290253028 0
2.841349152431254 -1.207876565271128 0
2.931522617033798 -1.28618212428329 0
3.041396370626048 -1.243699864740113 0
1.707690058762654 -1.868752435393721 0
1.809727765830911 -1.97546713269565 0
0.1357369851807423 -1.067215995497589 0
10.04359285693618 -1.649404346803518 0
0.1962003002264899 -1.137287999113264 0
0.2766143900492134 -1.116951953631601 0
2.069548121737515 -1.158540501076752 0
1.787346057746098 -1.14671417766096 0
1.515135851025565 -1.125407579661072 0
2.206846302983417 -0.1839295930102672 0
2.263537327890747 -0.231469287995144 0
7.320011259077511 -0.7992276948222752 0
-1.997234257870004 -1.614249813924604 0
10.24792746545847 -2.053078395904542 0
14.53789551008077 -0.6088737409353471 0
1.026192635639146 -0.148990479370997 0
12.44113121668185 -0.6944836215664119 0
-3.927714409881896 -0.3585306921569947 0
-4.079513818418247 -0.3632569132681585 0
5.923915562989148 -0.2705227604591324 0
6.041871468707628 -0.3257741888346178 0
6.020353745545813 -0.21477277460862 0
1.652989325240708 -0.1537291478270738 0
1.702768548263033 -0.2010085435419681 0
6.888609709274678 -2.050483560379462 0
11.36441119827588 -2.018952886842243 0
8.837196051302993 -0.8989284060904645 0
14.04344311693441 -0.4264176545491823 0
9.138977732126239 -2.039827214336358 0
9.007826635087234 -2.148218398113905 0
8.859410504562984 -2.080513700056633 0
-4.401619916379024 -0.3697922308258175 0
8.186103237591489 -0.3172591919568705 0
8.301239585180932 -0.3662049617670912 0
-2.9416136590966 -1.7307739041261 0
-3.235468599119184 -2.053577822581863 0
-3.337598141667204 -1.92414718367705 0
-3.401850481244233 -2.076620454312161 0
-3.504775237353826 -1.946773186605667 0
-3.272378832306144 -1.774865076224423 0
8.154173820572391 -1.593555790267715 0
13.59057041623658 -0.4400172322427358 0
13.16785551010722 -0.6238380642069116 0
13.20409592395865 -0.7889816754471169 0
13.13075311859413 -0.4612813224076525 0
12.97179091880484 -0.4184077016232698 0
1.86437795664787 -1.224525124462288 0
1.755961135267996 -1.259458422124382 0
-0.5230430500380072 -0.2836007369616957 0
6.328165508684844 -0.279769564469186 0
6.429725734027355 -0.3283258561218447 0
9.234821893109217 -1.779800644759625 0
1.440630926403279 -0.1519626889202792 0
10.38550433081868 -1.934957506722867 0
10.42054885744982 -2.09952029731492 0
3.262233077315338 -0.3762514935777501 0
3.193034060065088 -0.3225315311897519 0
3.204877228119568 -0.2373261335662357 0
3.125890852428139 -0.2694503842333053 0
-1.03114619859529 -0.2590242597849889 0
-1.070461375811173 -0.1987128336862039 0
-1.104505620005551 -0.2627768129644799 0
-1.145147723975375 -0.2008972261884828 0
8.323539973501072 -0.9733049787228978 0
8.191688032830575 -0.9171172560331613 0
7.12899618837911 -1.53930996593859 0
1.719110000301319 -0.1347797446733334 0
1.767991203765313 -0.1803690277915022 0
11.5340143280081 -2.046701836378372 0
2.714795802494754 -0.1719199298743367 0
7.517869773387345 -2.066068180224848 0
7.388961628365577 -2.001073161341332 0
1.669312659574632 -2.010179815833748 0
12.47635335584447 -0.8534399692508631 0
-3.775834091446939 -0.3565431358721452 0
1.150078975135115 -0.1151658148772882 0
3.192861225866308 -2.073294165580544 0
3.327523725336536 -2.010268908837424 0
-0.2683263210468505 -0.9633449197110665 0
7.079918588384425 -0.2687852975170521 0
3.024279589909858 -1.365279622363034 0
0.1167552092262074 -0.9229888832583782 0
7.050884932935441 -2.102459118554872 0
0.04632093284659828 -0.6342436712514873 0
1.395771308521771 -2.058148593042217 0
0.830042319622961 -0.2442077180023516 0
0.7920252688647003 -0.19978513556137 0
0.8089727658745389 -0.1469338793544659 0
0.7554906883561034 -0.1573133600865631 0
5.916897909605071 -2.059322095275904 0
0.1051192515229686 -0.7912688046781567 0
1.012688798165751 -0.3777673519293824 0
11.31390382925927 -0.9330940303090054 0
6.250562337605771 -0.8212207028039542 0
1.912021139850219 -0.5696038673477077 0
1.97418637921121 -0.6288881080472587 0
13.87633676870857 -0.3849437775803307 0
9.213060260165452 -1.614756300039994 0
-0.3484290044308404 -0.5293115939522142 0
-0.2819532203102181 -0.5232178441648224 0
7.267918791822321 -1.603825231362469 0
14.0631342538696 -1.218103397226361 0
3.135818226676768 -1.320162754418915 0
12.31711695354625 -1.577454778632561 0
0.1216966527346691 -2.04052047990366 0
11.28105462009646 -1.518731008668645 0
-4.560476747783357 -0.380795157658127 0
-4.621564867272745 -0.8065516478049669 0
10.42878594172482 -1.50273099051384 0
6.042228489462451 -0.7114628259071349 0
6.043652133659838 -0.8278771812704139 0
1.064167654676986 -1.899110775141301 0
1.020398948096294 -2.042092752297343 0
2.913124216047978 -1.404303440887319 0
-3.482979153273571 -0.3425705386633542 0
-3.338710687675687 -0.3381923356927979 0
0.361861774220041 -1.678964009496304 0
8.520660568393183 -1.473751234600498 0
2.890469005887568 -1.637038875036124 0
12.19729935086427 -0.3559072245791124 0
7.483174679963414 -1.436696534800384 0
14.35462201116757 -1.160202993408771 0
14.5204808215431 -1.212245641935717 0
14.65805060137902 -1.070445135408192 0
1.108032363138937 -1.765440523913294 0
-1.179983592951559 -0.2660276313635588 0
-1.221793733351412 -0.2032662034859279 0
-1.25550681455445 -0.2685313378439513 0
-1.300182821035676 -0.2059310025588586 0
10.31316782492684 -1.602951589480038 0
2.275857762996445 -0.1623523989907644 0
2.331166872014507 -0.207460200387749 0
2.345074120022574 -0.1266153772271756 0
2.403056513874819 -0.1827027962456982 0
8.978479930967294 -0.3212181252372453 0
9.101684935054733 -0.3685150699780922 0
0.9145147250414901 -0.8942046314094095 0
-0.4081813384830519 -0.4299208026900676 0
2.787344418218942 -1.857198173861675 0
2.762616892073812 -2.006666815638368 0
2.609151651998435 -2.077438888460895 0
2.746029338082662 -2.164240437826448 0
-0.5134525622387572 -1.451067477814716 0
-0.6301857875783405 -1.469577583375461 0
-1.33502752162234 -0.2726526649024717 0
-1.381270685833614 -0.2087142674615365 0
2.621340686418126 -0.3543427672656865 0
3.134686013938119 -0.1896943617074464 0
3.059875366446244 -0.2178668828674371 0
3.056788730537445 -0.1335316897249515 0
2.993320495179205 -0.1695631749884455 0
2.986700105350551 -0.2425684330426796 0
5.147117938225494 -1.575919332540849 0
5.15427245161505 -1.434157054887868 0
12.86602794195566 -2.076909687323228 0
8.40249401941025 -1.561684513647455 0
12.3146017375859 -2.196948965010089 0
-0.9659542419412024 -0.1390351787766421 0
6.345310558127758 -1.443875995939289 0
2.320505016769091 -0.2800724653885672 0
2.146916847168423 -1.239331839044702 0
6.160464893844663 -1.748973038726925 0
13.41991921613676 -0.3974911724672013 0
13.48603577936035 -2.13232340567434 0
2.135300485716638 -1.606748297691647 0
5.833514666020392 -0.2241231130914381 0
5.742176306246858 -0.2619427125681624 0
-0.7685893240892163 -0.1336154267776625 0
-0.7332960087831593 -0.1816905901059787 0
-0.7080319765146799 -0.1300594962001304 0
-0.6744555292375454 -0.1748218269662324 0
-3.570154364560866 -2.095608330457527 0
-3.672896438494765 -1.968079168142838 0
-3.735101279461555 -2.118951026161727 0
-3.842926775647921 -1.992163507129448 0
-3.777556976475285 -1.834348751430647 0
-3.946856041858525 -1.856194388972959 0
-4.020333560701116 -2.02461925723865 0
-4.11767482691953 -1.879933747537061 0
-4.050393259242965 -1.720448583841155 0
-4.219812690155925 -1.742081711759284 0
-4.286489864435216 -1.897322134047097 0
-4.153225715445692 -1.584394396111169 0
-4.322475194243995 -1.605756639262316 0
-4.255843913013496 -1.449276688680519 0
-4.425192554817089 -1.469580980970513 0
-4.493826035797346 -1.616477920080446 0
-4.596486094219518 -1.48747990505564 0
-4.51801169101513 -1.342842147925523 0
3.204983167566453 -0.1449369521502223 0
14.6319197161121 -1.72448060195931 0
14.59838345418373 -1.549418813089102 0
-4.008678649756279 -0.2400544974506583 0
-0.6499526845427073 -0.1259183139033513 0
-0.6183703984205322 -0.1690153985898291 0
-0.641704873159713 -0.2171275101797042 0
5.117164553834508 -1.911936382396298 0
5.114186854209295 -2.076780752878943 0
1.589221578672915 -1.203708197001911 0
-4.095905404781586 -1.432160977237636 0
-4.190408098860077 -1.301885871998154 0
11.20955076559127 -1.960274816721482 0
1.77015071277351 -2.119834908122677 0
-0.5562210327751694 -0.2436877432156247 0
2.902738200276965 -2.112717795143678 0
14.54053136680629 -0.4306810533394259 0
-3.36799744045184 -0.9452502998419205 0
-3.511667009619995 -0.9691337981522727 0
3.112479363733524 -0.3544139528502869 0
9.769948065820765 -0.3235897173248065 0
9.902424596169835 -0.368876245977932 0
7.294976681208226 -0.2642805183905835 0
7.400362263392472 -0.3103935193405359 0
0.240669336698962 -1.718007306289126 0
7.211551266696846 -0.714612631640693 0
3.357150551112808 -0.1761567248274735 0
-4.587112279561744 -1.095892470717984 0
-3.133142402938232 -2.197757863405369 0
-1.842554474411601 -1.594730401340597 0
0.8438055975064197 -1.171791725263444 0
1.413733879983941 -0.09932619874974515 0
8.89112743479984 -2.22946098553412 0
-3.225364387430509 -0.9179766399309726 0
-0.08149556480092768 -2.195176308687253 0
-0.226703572277264 -2.221752775162679 0
-0.3172168071142368 -2.091546150956626 0
7.666159478702857 -2.125676183679345 0
7.797896640609675 -2.03283846129608 0
3.426783506437799 -0.1346098487514656 0
3.518931532195692 -0.1931909698815221 0
11.23731451637877 -2.11615890374294 0
-1.107480577162242 -0.143150644958131 0
14.34046670576736 -0.3714833533124792 0
-1.893290176822785 -2.127397399670175 0
2.254241696060462 -1.204248109507756 0
2.225562079356491 -1.311977038053404 0
0.7718387779559195 -0.1054475337155329 0
0.719687101872051 -0.1197619280805035 0
-4.692109032376131 -1.351313618307648 0
9.650564821009141 -0.2696197554154198 0
2.346247121560821 -2.168426055394018 0
13.02707069673056 -2.166966573873287 0
0.3741884458757582 -1.025602899284 0
-1.41922128990553 -0.2803161752486819 0
-1.464561553580427 -0.2125823804071249 0
-1.423591907897372 -0.1386923335052043 0
-1.503678901021593 -0.2878096157661383 0
-1.550346613644351 -0.2160463130726338 0
14.00246201131964 -0.2578090477191803 0
0.9437306834768885 -0.3882743414542215 0
0.905571415921622 -0.3412828044599969 0
7.370011832578381 -2.170243852219421 0
6.213799741457633 -0.2407051177001027 0
4.869630048803421 -0.341452057829025 0
4.868162363530533 -0.2404836301412624 0
4.872511387800829 -0.4424581699307897 0
10.53404366838272 -1.990945216084147 0
10.57615608501874 -2.161292415571248 0
-0.7985878027868909 -0.0839874578450724 0
9.380520705629543 -2.007250557139207 0
9.424146392812268 -2.188422690443315 0
7.267399074701039 -1.766999665200602 0
2.931690274468016 -0.1973742834821064 0
9.817950806615187 -0.5964819289010601 0
0.5748172085740937 -0.1220282550704923 0
0.9251099209921614 -0.1239414046328176 0
2.094645635167829 -1.739756202623945 0
0.5242496146496882 -0.2685461403708 0
5.041684233827628 -1.362311150265438 0
-4.626274379931023 -0.5202721157499608 0
-0.5928300007520725 -0.1276169853383906 0
6.136876894091144 -0.4020006632462954 0
13.64448476699671 -2.1891508261494 0
13.78944253396373 -2.077765082144944 0
10.82868843593178 -2.10651762509025 0
10.97644849611873 -2.175829597064038 0
-0.1436753010260288 -0.6813068821818699 0
-0.111054491236343 -0.6292573461679832 0
-0.06175839644656074 -0.6155334743983717 0
-1.819766754336017 -2.273608748860751 0
-1.139360329309403 -0.3343056699933678 0
1.525526388987863 -0.1897147375526789 0
6.062650800085072 -2.156959304271412 0
8.551801189477974 -1.78665392537219 0
8.579217740135643 -1.946337683085465 0
2.631381512101189 -0.4904186190466404 0
1.536741496040386 -0.1218569150368692 0
9.691487014108921 -2.125607723722279 0
10.596271344624 -0.3098419837402041 0
10.72281577530121 -0.357771064566895 0
10.45398770529509 -0.2511992861494766 0
2.497139228080878 -0.3136870804541746 0
1.62018417625985 -2.188294351512439 0
0.5528072160938278 -0.4062300179974299 0
0.5967448733623284 -0.4469882382008253 0
0.5133638646902274 -0.3607589982026266 0
2.651610417972272 -0.1226677972425421 0
14.77494233335882 -1.606714638650391 0
0.6751795146927911 -0.8752441137423446 0
0.6985408709400353 -0.7939787134269205 0
0.7819437176287091 -0.7707361506053965 0
0.7216028485899125 -0.7139383356032898 0
0.6455305946323149 -0.7337953396768119 0
0.6699260474289408 -0.6585005466644247 0
0.7417167811703612 -0.6340906445748186 0
0.6827163177849479 -0.5896822092168972 0
-0.3613750624880618 -1.049048450634916 0
-0.4568031915245458 -1.064215635863589 0
-3.431443016493562 -1.086850809088996 0
2.83137275317017 -0.6946742654689531 0
2.752569843814799 -0.6371059007321568 0
4.951740604432649 -0.1875784984519309 0
4.866012079848455 -0.1447774186904377 0
5.039239965698725 -0.1363044668534956 0
4.782222998066191 -0.1883292079537033 0
4.695821250306306 -0.1431731531146748 0
6.418939276200033 -0.2155235452933247 0
6.520592783571699 -0.2642360629417581 0
6.50853674142561 -0.1565332452547285 0
6.608353147631673 -0.2073859584030301 0
6.620558483376294 -0.3127223716703253 0
6.710049306644676 -0.2559802970422663 0
6.721712594947816 -0.362109090952955 0
1.954689841085789 -0.1225904175376983 0
1.887889120001621 -0.1541986674562749 0
1.871646172503135 -0.2226109039056511 0
2.030502007815899 -0.1123742533347519 0
2.148353953779339 -0.1254802601068457 0
1.365238756964614 -0.7246313874013248 0
1.390163796254795 -0.6390567963995638 0
1.3062073451096 -0.6576136924271281 0
-0.1818445334388406 -0.7363665028293789 0
-0.2198348034124037 -1.033384888463382 0
-0.134597118378372 -1.023346947244304 0
-0.1768786126676805 -1.116329361449716 0
-0.08709207275687054 -1.108914176839046 0
-0.04324882826405417 -1.026177296840057 0
14.41856439644199 -2.119711519641206 0
14.24634194001628 -2.077913088129326 0
14.58438698174223 -2.188770971987991 0
14.72508077547799 -2.067210140678726 0
3.671645659791741 -2.145350493876811 0
3.558851226543228 -2.047135578043386 0
3.527329367002871 -2.208812356431195 0
1.121929610121895 -2.142465563280096 0
0.9817202320479388 -2.180200059114426 0
-1.266845114884704 -0.1346791123352744 0
0.980929245137927 -0.9603820557917062 0
0.9609931027560206 -1.051090569518744 0
1.060585927056734 -1.023727828853243 0
5.933354851200578 -0.7710905475892048 0
5.936266866118839 -0.8970896468505194 0
1.091784477338149 -0.1305243264830195 0
1.152259676153215 -0.5468819294692796 0
1.220560268608157 -0.5269298378400209 0
-1.590703438899443 -0.2930373869728956 0
-1.637620145600808 -0.2198756802638246 0
-1.68016091461532 -0.2984058528647928 0
-1.728235721766079 -0.2232733854166038 0
6.211539429278998 -1.527124460456135 0
6.023171322139931 -0.5841250986277483 0
0.7496477250949163 -0.5628862114136587 0
-0.4042628017846784 -0.6459324184920774 0
-0.5346560668980403 -0.1252212219013333 0
1.955047856186345 -1.305701055131018 0
12.35785158385704 -0.3940269517913687 0
-0.5000871967817778 -0.2307311932741355 0
0.7035496721814811 -0.1699035853141298 0
0.6630477962857574 -0.1243717375337829 0
4.701066979601174 -0.2362403042967727 0
4.618066895874466 -0.1890578694819376 0
11.56817207912938 -0.7157547437102983 0
2.062956116063105 -0.7807649699435231 0
12.65480965790656 -0.2919762077308788 0
1.030473638418322 -1.132988903272931 0
-4.024105990072987 -1.273493837843653 0
0.363338640567046 -0.4012033162882714 0
0.4107440160625053 -0.4186517248007567 0
0.43327248163834 -0.3270688472997458 0
0.278825307887756 -0.464643738766976 0
0.3255252213694471 -0.4871829204006773 0
0.2811011704664489 -0.5175726122308884 0
0.3323795263238596 -0.5358245372852753 0
0.2858919441655661 -0.5736218962396742 0
0.2311733267020726 -0.5512426551291272 0
12.57539457654431 -2.134118502956281 0
-0.2448098065383407 -0.5765248837448179 0
3.123408736830577 -1.448818908293198 0
-0.4420433689327854 -0.590826043022955 0
0.1311365469403468 -0.5247997108340725 0
0.1701811427583481 -0.5610120415150486 0
-1.588428019812456 -0.1436385174416769 0
0.6462647818932561 -0.9641926483637456 0
0.6023418455016458 -0.8073725635708554 0
8.310226278128924 -0.8315649601098551 0
8.170403661056923 -0.7642179937455922 0
0.07823542064151551 -0.5337798056522748 0
-0.02649293343060909 -0.5380811471848688 0
-0.004429832876219894 -0.5916355102331451 0
7.410087481524672 -0.4386941057271432 0
7.509682682890674 -0.3653014178150382 0
7.508120949007168 -0.2527309652622984 0
7.608796491357472 -0.2921276776941006 0
7.62479320145614 -0.42541709620794 0
7.722486788396761 -0.3474195323125837 0
7.729219986368368 -0.2115925445355798 0
7.828375800670565 -0.2751528403072802 0
-0.4508512744418212 -0.3775760821186658 0
1.102453871072224 -0.07797727581404529 0
-0.2803637270678992 -0.4642279203622812 0
-0.2388510510295646 -0.4923282422597989 0
0.1006185679996693 -1.154489734232627 0
0.5115259094589099 -0.841022452326921 0
-3.432407664124042 -0.2245736581498468 0
13.5517415283723 -0.2879244889786431 0
1.838104402914962 -1.337927950192516 0
-0.9990503918831323 -0.317696451184792 0
6.81386684337092 -0.2954985540569317 0
6.800537896790217 -0.1801126988292564 0
6.906240368533744 -0.2236279941578537 0
7.010021834293342 -0.1694078797160254 0
-4.759654184215901 -1.499957889924132 0
-0.4668545491951959 -0.2797108023647439 0
1.250922753749141 -0.2024937671054811 0
1.258006845738644 -0.138164901555863 0
1.317381990757013 -0.115912818742742 0
1.06762067282418 -0.568540949267395 0
-3.616253074588055 -0.3496677328882306 0
-0.1314095171919029 -0.524222400573779 0
-0.1782098253746595 -0.5633792946050007 0
2.918778928347095 -0.7644017021150388 0
0.3209732542585064 -0.7500555888597933 0
0.2698016196084688 -0.6988263002867878 0
0.3447092963584217 -0.682743155795815 0
-3.477212252835312 -2.236791215484985 0
-0.63946154297083 -0.7204269596396555 0
-0.6126450592542622 -0.6414229877080204 0
-0.5506395550093109 -0.6991261929663216 0
-0.5057572586281182 -0.6409462504754756 0
10.44350643646518 -2.257109078069685 0
1.723821051750455 -1.371208943981404 0
1.811509920010694 -1.462231279943923 0
8.289761971254922 -0.240724780451869 0
8.400779124970429 -0.29297442017817 0
8.176041744239081 -0.1957658802828071 0
-0.4878890460068265 -0.3296141609372781 0
-0.5098288345117099 -0.3876653493280602 0
5.039727246209698 -0.2324519219957006 0
5.119816131707434 -0.1769433122069839 0
5.211488709183808 -0.2239725589993781 0
5.22352459230693 -0.3293169852194402 0
5.306297993818109 -0.2651211124801466 0
5.406529101674726 -0.3123264221421712 0
5.439174715366755 -0.4270949588492539 0
5.518031724732265 -0.3351450342971879 0
5.484119696578837 -0.2406658074358274 0
5.585695235223992 -0.2662443274586901 0
5.549286231342423 -0.1713630318799747 0
0.196949716933945 -1.823123486653532 0
5.535853027688145 -0.5015973287387453 0
4.608383806868613 -0.08735650333345826 0
6.108211454846465 -0.2547147974293117 0
-0.6837528225595619 -1.068538749846379 0
-0.5655781274388368 -1.051526717815104 0
-0.6827284429084303 -0.0792143593630831 0
0.6950816803860147 -0.07930072989342796 0
1.620325447487557 -0.7355430533306551 0
1.635556354638744 -0.6489297524540403 0
1.733004527563903 -0.6105150212588435 0
12.32104534017011 -0.8010938271334316 0
1.213882835062822 -0.6747181720106391 0
-1.711521376825132 -0.394543008345375 0
9.086862756837171 -0.2265582233562302 0
9.214833802565268 -0.2913180929165325 0
9.230606537414799 -0.4122896518783661 0
0.04368688352257551 -1.078418871617971 0
7.179582906016767 -2.010093092987886 0
0.1680629002976227 -1.233937116645565 0
-0.01676349476793199 -0.6587220128675035 0
1.880549536459434 -0.7487077091515533 0
1.230708090038412 -0.2688828523424822 0
7.184801214167637 -0.85532328736542 0
7.324386964217226 -0.9354425232366075 0
7.068446268094662 -0.9587637862426814 0
6.933999508110855 -0.908464386795196 0
-0.7408284527769828 -0.5828067745812949 0
-0.7853875310698089 -0.5029064422758958 0
-0.6986208942237078 -0.518701615603528 0
-0.6415887702536051 -0.2981352553119951 0
-1.754005921932393 -1.707165846787346 0
-1.696543148337776 -1.569678186480745 0
-1.577414105779734 -1.558742679513453 0
-1.639363848682003 -1.460592836841761 0
-1.455471283027146 -1.636270737343082 0
-1.354634808360782 -1.532873421127388 0
-1.2269486314295 -1.516582231034366 0
-1.329436540056015 -1.412666104601539 0
8.408869421482045 -0.4258247663301039 0
8.523543615315791 -0.3430065326100159 0
8.399247056212316 -0.5314175678483234 0
-1.769983338792796 -0.308578646049011 0
-1.822756341085195 -0.2259282538708893 0
-1.867834893109563 -0.3140702882393159 0
-1.920722703898458 -0.2325714960929494 0
-1.765269257761229 -0.1468066966125962 0
-1.915468012727307 -0.4071946427582036 0
1.679571138306713 -0.3434611167091082 0
7.209444596993842 -0.5746591075284874 0
0.02656288902202154 -0.7832695783704477 0
0.2336908922187668 -0.4912092263915442 0
0.8651370487001255 -0.1342866082495169 0
0.8887793624849128 -0.07995891189227157 0
3.279485038236409 -0.2056871535356552 0
1.336555239504932 -0.8163018934829555 0
3.069091220450793 -0.4297496210715887 0
0.389649403604446 -0.5503580779422794 0
2.897059112510781 -0.8714834822493912 0
1.966834498040012 -1.940014866247624 0
0.5042113766973271 -1.666911993463582 0
0.4357960684407967 -1.56584723341777 0
-0.5629394939412593 -0.1689364508977975 0
-0.7216093487095895 -1.563256737981166 0
-0.8203667009281675 -1.46919098938493 0
-0.9452243865305452 -1.487345742454636 0
-0.9060646631644904 -1.378011350851587 0
7.192566600769712 -0.1984471075901327 0
8.636703546403082 -0.4284460385228914 0
8.441886156851119 -0.8858783740869045 0
1.59450230578656 -0.8309987092878167 0
2.721231695054748 -0.09946001299412821 0
2.784796915692983 -0.1421404382762086 0
2.842493820930684 -0.1139893767673757 0
13.29304282568868 -0.5081613007088054 0
13.24502682039468 -0.3410595616003319 0
8.307446854753067 -0.6982179539877436 0
1.473960453137929 -0.3318874238166811 0
1.490863109692538 -0.2516688162269788 0
3.751622209375723 -0.4339272163241575 0
3.759981616552232 -0.3372513767987109 0
3.84846278548468 -0.2992267096516188 0
3.772887453934176 -0.2451095248073135 0
3.855137616307238 -0.2084428888667458 0
3.930628303668604 -0.2595369947224164 0
3.782524642985491 -0.1566978538428619 0
3.702812453301136 -0.1927400189928363 0
3.934261020847912 -0.1695718925275479 0
4.009563037433331 -0.219644217056505 0
4.012623331568868 -0.1307882735579481 0
4.088916573500462 -0.1791578149239902 0
4.171327471089652 -0.1284538979463293 0
4.169738817680859 -0.217797325572551 0
4.245168229940926 -0.1677998482435714 0
4.249733872405942 -0.2591925590392615 0
4.325638859509692 -0.2111909656508987 0
4.330570811754565 -0.2970583452219435 0
4.408880595962609 -0.2466316907476962 0
4.088576248794441 -0.2657660946575325 0
4.400114429537121 -0.1537220504963833 0
4.482871671495126 -0.1966545400224675 0
4.170733568554752 -0.3113667496447037 0
3.667232383626653 -0.378137504729677 0
4.418801792526526 -0.3388891430832465 0
3.667791763342386 -0.2783600074149283 0
3.614180285749882 -0.1989129768267686 0
-0.8972326538639536 -0.1427548135089444 0
-0.7538652962844483 -0.2440224060028213 0
2.581594874515842 -0.1477616925146403 0
2.516605198584616 -0.1737187388849198 0
0.2664473273809206 -2.348827777056866 0
0.178506244239555 -2.200308942526489 0
1.598526460013176 -1.411831767290169 0
7.826052341178113 -2.202710092515455 0
13.33397321018236 -0.6718936389992252 0
13.37332129124973 -0.8373484957418991 0
13.2476629126724 -0.9548623088349812 0
0.624345374443491 -2.350314387713614 0
0.6941340209182304 -2.215795592018574 0
0.5334024388342417 -2.230518162694685 0
2.914566701749742 -0.3300788813211529 0
4.91107993718901 -1.42232655001212 0
4.810426637972454 -1.350635623063291 0
4.659514659939899 -1.382939999500765 0
7.849310821158261 -0.4092468017021947 0
7.955799744882539 -0.2045026699882842 0
8.074004530932562 -0.270208548039198 0
1.245736915168058 -1.73205774960751 0
1.144333927678378 -1.624792810182458 0
0.9657877046589312 -1.804965086773512 0
7.641117216655008 -0.5649052422096343 0
3.946807767826308 -2.195133668747706 0
4.103014963856713 -2.111952741318755 0
-0.6212848523719571 -2.347497547949556 0
-0.7077008773208392 -2.203944225694174 0
-0.8778604230828747 -2.204940067044066 0
-0.9787318065159357 -2.348054951289232 0
-1.053185038117528 -2.168073453199463 0
-0.540123746507307 -2.211404536367792 0
-0.6423308092031212 -2.066838661626899 0
0.984481328547639 -0.111563366382923 0
0.4898641870765768 -0.2316885046502349 0
1.340941481078228 -2.35796937113706 0
-0.4974969774291833 -1.151987807604699 0
1.158704302290924 -1.020044768040302 0
0.8446952638847153 -0.8341562525299564 0
0.8658095382677834 -0.7586708312306164 0
13.49014051856611 -2.319396347429326 0
6.985034747049156 -0.3469981132816884 0
-1.243010878320081 -2.184626814666946 0
-1.334160792584516 -2.344727702233873 0
-1.410222916080179 -2.193988095006156 0
-1.589669805398293 -2.194672145037592 0
-1.970641268893218 -0.3197200580484948 0
-2.075688242483843 -0.3196164018208294 0
-2.020105822709554 -0.2308945147698871 0
-2.123882543116826 -0.2301423740217321 0
-2.182497760924496 -0.3186378206020432 0
-2.227761107067344 -0.2230711184109622 0
-2.28635905072894 -0.3104585257263586 0
-2.333871822680507 -0.2152584280356751 0
-2.393815936960118 -0.304631992637146 0
-2.440166401878261 -0.2085083620332075 0
-2.510818823406892 -0.2983237018952619 0
-2.607798527628152 -0.3751404468537654 0
-2.618014027415762 -0.2709786109672231 0
-2.701951757579175 -0.336278085902039 0
-2.71926223464839 -0.2109850071290642 0
-2.810998636185379 -0.3108322193131173 0
-2.362365639441216 -0.4186596094168419 0
1.972733546036831 -0.3292674511257767 0
10.6173927458774 -0.9851998320455507 0
10.46827049396864 -0.9325328521220639 0
5.273191395831734 -0.1634564139959621 0
5.381516709285449 -0.1871606540672209 0
1.686905681667601 -2.350033389854023 0
1.267579983202587 -0.08116612582637717 0
12.46826634564946 -0.2718788392441368 0
5.41859495609981 -0.9261606131578045 0
5.309841296648679 -0.8613335771918492 0
5.194507771430876 -0.9264560168729875 0
5.084173558447136 -0.8643293746876856 0
5.205379236113526 -0.7991351382759598 0
5.096553247754727 -0.7247860866527797 0
4.982302817572898 -0.7997130000221857 0
4.976041916147748 -0.6867617850924832 0
4.880421532684396 -0.7420633829296819 0
4.875203234276448 -0.6345665683461079 0
4.785521164924485 -0.6857403818109532 0
4.781068563455277 -0.7985827081626066 0
4.676420343871794 -0.7234009601636705 0
4.790671072311549 -0.5838570273051463 0
4.680586627386014 -0.8563941695287022 0
4.570509953127634 -0.7956027361110176 0
2.319779717967409 -0.4458847471295775 0
2.079495525513507 -0.160036713810511 0
-0.9989576039330418 -1.607486171509789 0
-1.085697032631698 -1.507643550504234 0
8.392741109029721 -0.174653403825114 0
3.304051207515544 -2.170350836864754 0
3.162294767782972 -2.222947862659494 0
9.880530890434347 -0.2299390423586446 0
10.00798318392423 -0.2912597252171172 0
10.03371047249848 -0.4175732340502827 0
0.4003004422173678 -1.183183485409114 0
2.168776573505347 -1.487846717644199 0
12.35223076589982 -0.9630032806347926 0
6.825232158606422 -0.9878094090034928 0
-3.820645055988459 -0.7498074716425653 0
-3.669944352371037 -0.7315462845830212 0
2.067348208704573 -2.349453651597151 0
0.3716139741116935 -0.4528129355483327 0
0.03117892467081214 -0.7115193235648068 0
1.072137525366761 -0.1910665060891478 0
12.50757592510306 -1.018795304486702 0
12.22347051354132 -1.075450588308587 0
2.415162631829509 -2.345846495747295 0
-1.318689749880211 -0.3985680055092576 0
-1.183931748829208 -0.1277261801267885 0
6.467852276612104 -0.94991192871861 0
2.140514644170348 -0.8459828036092489 0
2.08227865260805 -0.6759360645110697 0
2.753829439006322 -2.33499972291805 0
-1.344246245289269 -0.1362612118358972 0
3.189228792828298 -0.8595635139060582 0
3.292101529115134 -0.8149359846683268 0
3.384694599878132 -0.8820629642876027 0
3.394053557576775 -0.7696047781854253 0
3.503352303252647 -0.8199080248211995 0
3.483689118926869 -0.7049833160041477 0
3.399884408590205 -0.6627970553960858 0
3.305477177888829 -0.7066675822211842 0
3.314900089353742 -0.6064269521857369 0
3.229112711400536 -0.5521579129865418 0
3.593259015409154 -0.9014268067449116 0
-1.503825687259966 -0.4038620530666044 0
-1.036215329756939 -0.144485061502498 0
9.302638315544669 -0.5277721578068224 0
10.60373874670096 -2.343510310739193 0
2.548776100203661 -0.4463512291807947 0
6.663483282225286 -0.5475676143110003 0
6.768034094112073 -0.4655402923339192 0
2.605990354067823 -0.8769041980939565 0
2.522340914176307 -0.808737182899652 0
4.977232104245041 -1.99372173327848 0
4.966501214677439 -2.159430704158609 0
4.843281378438165 -2.042757930967345 0
5.107349867239009 -2.241715646460852 0
-1.078470378990205 -1.009597401784232 0
-1.143191742210784 -0.9154009797227265 0
-1.257671792921315 -0.9199738634926413 0
-1.206224786296772 -0.8224932925648807 0
-1.315247668988676 -0.8260583836026508 0
-1.099339635442274 -0.8157726540831706 0
-1.367565619165803 -0.920725894636092 0
-1.423701824331561 -0.8284356221328453 0
-1.26531728566117 -0.7278515912792194 0
-1.478408224885487 -0.9243897776830039 0
-1.528661905356238 -0.827449444855347 0
-1.156922927196277 -0.7341054946567117 0
-1.062984690053178 -0.7369628982162084 0
-1.008918359156388 -0.8074568318713038 0
-0.9603771377540012 -1.002911198482073 0
-1.017604298338996 -0.8993181339572024 0
5.723446380413774 -0.3693325973932728 0
3.841564878187937 -2.346668482358278 0
-4.238252673778616 -0.3684641658673563 0
4.640270711257349 -1.545542989256602 0
4.521879836373032 -1.461323855310401 0
4.530537419685571 -1.320742540585722 0
4.39735176675615 -1.383452826239416 0
4.383115412914812 -1.529138257705709 0
4.263066296257395 -1.444503358901727 0
4.283590062276589 -1.304649161861106 0
4.140908994339894 -1.342314408153112 0
4.125680257668259 -1.503847302452442 0
4.007907380114569 -1.416092465730019 0
3.997722038864206 -1.287243739921627 0
3.886175048476619 -1.341094758927404 0
4.407813945173198 -1.239439746419027 0
3.87128707164405 -1.479683845606292 0
0.4553095380362374 -0.3809745806818874 0
9.331483136424103 -0.3346429897912944 0
4.196439138797386 -2.355914439117797 0
4.26245850464391 -2.196340912247614 0
4.453151762741913 -2.196792607855051 0
4.381859572768009 -2.060346223191655 0
4.53712618368197 -2.064182394127908 0
4.627858336258844 -2.207683013215351 0
9.533489139968051 -0.34453175644642 0
5.423838137263123 -0.798481317545463 0
2.524298166209246 -0.1023405357391394 0
-3.756250075622932 -0.6089056991114379 0
1.338174878109296 -0.5730703262571031 0
8.075450224743154 -1.002964184737392 0
7.941572582808656 -0.9462702303839166 0
7.820652395354054 -1.03418140080712 0
1.103482657042967 -1.223481679313341 0
8.84728765976665 -0.2784079218983838 0
-3.262127880496595 -0.452515489447944 0
-3.200139989108865 -0.3343574153377629 0
-3.054395906586396 -0.3074260617653383 0
-3.159133170779457 -0.2116839818545186 0
-2.991235763585997 -0.434941045423828 0
-0.03000382799659124 -1.684948320849292 0
0.11221845401842 -1.645840505320052 0
-0.009354289281935269 -1.561743161586555 0
-0.1214537691309244 -1.588064201215229 0
2.340353977900138 -0.3625730308960318 0
-2.232601405501371 -2.349881202466312 0
-2.298449205480934 -2.198500858120223 0
10.34595407870211 -0.3544120558801063 0
10.21139285567734 -0.3258830969791339 0
-4.866646008819207 -0.4449177570354294 0
1.832420715863617 -0.287973591162445 0
4.977007659460654 -0.924873138769758 0
5.983952665897947 -2.346397500037446 0
6.253478467541631 -2.18027828255258 0
6.331973058071307 -2.335080979787198 0
2.435297319181235 -0.2599964395958349 0
-1.824008752679985 -1.048935460655934 0
-1.894970743937983 -0.9432460216137281 0
-2.02137140478026 -0.9480301865169465 0
-1.77058540048444 -0.9363406093111639 0
-1.836378028612295 -0.8427100325766458 0
-1.724879478009372 -0.8367402154793768 0
-1.657097924762536 -0.9274601233562192 0
-2.082396491501044 -1.060298604249711 0
-2.149173351845552 -0.9521749731449631 0
-2.08156796782139 -0.8237234312001489 0
-2.216743162236759 -0.8359052548281276 0
-2.28617324787928 -0.9565749373378201 0
-2.341106577698667 -0.8439572146892133 0
-1.694002150626161 -1.041313411852811 0
-1.953490343913259 -0.8461548978268985 0
10.11806353937262 -0.5341434259724305 0
6.69472293098489 -2.346337358437947 0
6.79711237152888 -2.206586012293498 0
6.135329235488296 -0.5142755276706238 0
9.079385602365546 -0.7149263163747568 0
7.037233940676014 -2.350209157292612 0
0.2667306169511109 -1.215741990494358 0
-0.5795322236733004 -0.04628965737036772 0
-2.306190609115966 -1.657271371906398 0
-2.401306759498274 -1.52732007698904 0
-2.151080755753402 -1.639759862941215 0
-2.100175402660466 -1.502149597398282 0
7.419154752053464 -2.343957146200172 0
10.92807007212233 -0.5141861831816165 0
10.93823823694068 -0.3515101198489903 0
11.03997322231044 -0.2801217431383834 0
11.18252027739367 -0.3363546357345953 0
12.81330710754579 -0.3682922105208393 0
-3.102979711127889 -1.756104607105622 0
-1.375672259590877 -0.7326857479226596 0
4.733989288310255 -1.931894921424322 0
-2.130608791259685 -0.4150964000518125 0
10.34588997082687 -1.0352481877096 0
8.124412567509987 -2.347563724058796 0
8.216563377219453 -2.226917904944462 0
8.372414001356027 -2.172601300539121 0
8.476788101663368 -2.342507930191754 0
8.551820592665486 -2.197861064150084 0
8.040616756432135 -2.195120083693845 0
6.465662654464129 -0.8155561918437673 0
5.756191601745671 -0.9855309322950685 0
11.43921237585441 -0.2584228574855837 0
11.5939839046144 -0.3298015005106504 0
11.2709619250438 -0.2361707294596596 0
10.71812505987713 -0.7257788461069824 0
0.8231009254171913 -1.272854475918945 0
1.56063647608925 -0.593529763511897 0
0.5527261206043652 -1.549020313868875 0
11.80158444724049 -0.5110184437178064 0
11.77840508524851 -0.3528730933227796 0
11.86167963233593 -0.2566122000875034 0
12.03876858885399 -0.2836562469893273 0
-2.782178598201897 -1.71563587396799 0
-2.880896201923873 -1.599599581618503 0
-2.620650433139773 -1.696693910771583 0
9.119386268616418 -1.005897137487488 0
8.980872630717357 -0.9499435280033781 0
6.316050737443073 -0.1769981240165581 0
6.118961738184664 -0.1570046980574012 0
6.012500089880133 -0.1047714506600628 0
-3.965116960062053 -1.548900437871953 0
-3.869317696474204 -1.69773744831209 0
-2.647809667200026 -1.09321066989423 0
-2.725544320507209 -0.9804426050077184 0
-2.583223534652787 -0.9731617939279827 0
-2.866646368523574 -0.9847367237254323 0
-2.504659566765703 -1.085236418394249 0
-2.431663409308883 -0.9468876028684117 0
-2.933702068283746 -1.110374019090942 0
-3.006824572316413 -1.001566973165362 0
-3.073738409258931 -1.12616147312553 0
6.032059863464001 -0.4505632546916499 0
6.605589513912268 -1.430353321103607 0
5.143194841415463 -1.722731329424319 0
9.932806622916319 -1.028333905537562 0
9.788652161899185 -0.9741365927003645 0
9.767793339717585 -0.8221202244166359 0
9.667010814755177 -1.072759735805664 0
9.520437985995443 -1.020115852864278 0
11.19445479508546 -1.036308076717979 0
-2.467950068883245 -2.187721567695637 0
-2.602942479034976 -2.331537270339571 0
-2.73950923463292 -2.244220425176724 0
-1.871443947655689 -0.1470672286004474 0
4.733190829416111 -2.353417056308554 0
5.449766492234938 -2.34967655924781 0
5.625977716400155 -2.348776633108095 0
5.719026004868053 -2.215085076141061 0
5.533383529185449 -2.179928593665399 0
8.460238654792706 -1.029008871699183 0
-2.652075288810576 -0.8523057887001766 0
8.858103683768139 -1.046149144929061 0
-2.571047525028 -1.562495514286907 0
3.926274983381361 -0.3527374944545943 0
-4.816239743459445 -0.8053826499217657 0
-4.849609397098071 -0.9885868445300798 0
-3.434349503807405 -1.795168733674795 0
-3.357458063329647 -1.655292503877983 0
-3.604177276136701 -1.812320825418241 0
11.62375922657669 -1.036154947113396 0
11.59266941461969 -0.8768948309768234 0
6.440245643384213 -0.4435683421232662 0
9.881284486138984 -0.728663225885294 0
6.223014444609197 -1.375645543378411 0
-4.408622179998382 -0.1277435262352171 0
8.055506377678867 -0.860890837715637 0
6.21703354024468 -1.992432896871856 0
1.29476282042849 -1.602564741546167 0
5.902640825133981 -1.458094064319355 0
11.51664867933852 -2.346851997727075 0
6.990856839553222 -1.477445407078096 0
10.76827639333259 -1.037087663134173 0
-1.461412595076064 -0.06825362839020513 0
8.010226100841303 -1.534181832044883 0
11.87553941192296 -2.345691361909142 0
11.79046789509501 -2.194752858120117 0
11.96115054631969 -2.191752606990837 0
11.86201962928232 -2.044707293312097 0
11.70248999490625 -2.04894230325275 0
13.71517055332718 -0.3384334632886103 0
3.506142255472869 -0.2782231883672281 0
9.069374866936801 -1.555993878214967 0
12.1905337519545 -1.687362681796273 0
0.5722444421213674 -0.04097018032678411 0
13.4100194579286 -1.004045662217619 0
-4.355434289422571 -1.323920682084858 0
-3.657586589955129 -0.1143929267744526 0
5.656423649000045 -0.1934544791709733 0
9.543084300915208 -2.344313175026471 0
9.910714285713015 -2.345352606467068 0
10.09244318677046 -2.352166648232635 0
10.17408193666916 -2.213804506344855 0
-3.688434753924132 -1.684511219116714 0
3.901828447069885 -0.8782249517900825 0
4.003308609935459 -0.8258557563842659 0
3.999652401698905 -0.7128480330910986 0
4.116453258275665 -0.7776571228382441 0
2.777016558341812 -0.2214100144180357 0
0.687922267119995 -0.2234563471731046 0
9.890294612749141 -1.593512404783305 0
-0.9714263426221554 -0.04982340803841846 0
12.77830899809921 -2.345449416484025 0
7.198608208551176 -2.174835532594941 0
14.84888206057919 -0.6266392106506216 0
14.6959040597944 -0.7043447852678391 0
14.69262249100808 -0.8801465655528433 0
14.8444915425018 -0.9806459379055406 0
14.82826556622854 -1.161261894530833 0
1.913592116417012 -2.094912267569413 0
3.853748737137439 -0.122443367851844 0
-3.837263874086288 -2.355944044813846 0
-4.016907742876757 -2.347538656424804 0
-4.104307600464081 -2.189662219687117 0
-4.283975443373925 -2.190896751741982 0
-3.902219100236969 -2.182717295959632 0
-4.374437551166903 -2.345343518436367 0
-4.46565333902323 -2.191723047759569 0
-4.643109752138166 -2.206601998418556 0
-4.555221450950673 -2.036429364015272 0
10.5957017914313 -0.8323544267333762 0
13.12410660628314 -2.339909274380867 0
13.2154973282955 -2.193192196144727 0
4.191567462365565 -1.214296311913983 0
4.549095469747574 -2.350945094383193 0
11.16787675875914 -2.359844143931344 0
10.35111718881429 -1.766092838914389 0
12.06080594883364 -1.031427773601945 0
9.039563024536079 -0.5776253336352817 0
0.9266407396345289 -0.28230530821827 0
13.25031608477111 -1.742208283304928 0
2.181976330054046 -0.3344942601358636 0
14.37898204279782 -0.1347030279593417 0
14.73079034525259 -0.1496036413466715 0
14.64440068934955 -0.2797979778623256 0
6.241937380689774 -0.9568036300133971 0
0.7801819221568739 -0.05245269604336555 0
1.782259163916421 -0.115210546065805 0
1.736734858308562 -0.06220929597080003 0
4.541044560552399 -0.9145865518534739 0
4.442835016693403 -0.8408162829571021 0
4.48139006359145 -0.7294369436736671 0
4.359366372153854 -0.7420156771052776 0
4.313401885489901 -0.8816215406781096 0
4.236405779899645 -0.7760905038932725 0
12.40299653932044 -2.349123801064401 0
10.31380603043922 -0.8835534205078626 0
-2.893363411766237 -0.09978095141805764 0
-2.949987143464026 -0.2052519665907309 0
-1.144932781031712 -1.62883404308986 0
-1.103156707892698 -0.05646797285255133 0
4.106651532085172 -0.8951182442590659 0
3.909241731776877 -0.654348427788771 0
13.88102904037202 -0.1334325729002678 0
-3.689812258237105 -0.4756069046680917 0
11.15802213428767 -0.882876891489657 0
2.415905584294062 -0.8520575709482385 0
9.645776386553646 -0.9216621169755334 0
-2.669000730577979 -0.09693866235516353 0
6.363481089304355 -1.744831968838518 0
3.180213460324682 -0.4090482091584372 0
13.21194225793821 -0.1685369509124119 0
-4.845442586479908 -1.874844150046086 0
-4.69365997490894 -1.789453645885254 0
0.9946442689181505 -0.05455544946805703 0
12.87200047621889 -0.1309072660236493 0
3.202221762312198 -0.7518618819362093 0
-2.452364512971982 -0.1070118890046392 0
14.01917124064695 -2.346525068796005 0
13.92847998726661 -2.19431058019809 0
14.1191296957587 -2.176176156467957 0
13.98287755941259 -2.040210135826216 0
13.88184029586311 -1.929506873853983 0
14.19876720783151 -2.351557771316386 0
-4.833714976067589 -2.220836858450771 0
-2.236817401799378 -0.08053602182365321 0
9.371818343262522 -2.347189536840115 0
12.24235985947865 -0.1246162051149322 0
1.859627246700693 -0.8446405921524942 0
0.4340532684945887 -1.095293694316036 0
-2.03938665925554 -0.08012837294898695 0
12.84713180103684 -0.527041689982318 0
-1.505820457371238 -0.142027222889819 0
11.6316422899236 -0.1235870695803928 0
-1.239883032565613 -0.05977597029118315 0
-1.384576130668538 -0.068246657437597 0
11.04291439911195 -0.1384657023965694 0
14.43444528470838 -1.49541659827 0
11.30821955728424 -1.684013499997042 0
10.76010117308093 -0.1187454864959628 0
1.417142964197867 -0.2827122312379581 0
13.75241104744704 -0.4947835525819617 0
7.800163066281932 -0.8944952017356824 0
10.21027481408042 -0.1121568514438117 0
13.51065644083536 -1.511593500941029 0
12.92771206876272 -1.629943352620727 0
6.602996932802458 -0.09895580763214765 0
11.87606117517932 -1.576634542722817 0
1.753149403171697 -0.2476656181334336 0
0.8613541873739805 -0.3855348894661267 0
0.8589624828143974 -0.3006063634156552 0
8.956110035124713 -0.8080001087556106 0
9.657541716753139 -0.1298140952588562 0
-2.215692131730516 -1.069577678927316 0
1.405148443484107 -1.252988330160933 0
9.400139219770539 -0.1089170185792762 0
9.46511900437161 -0.2264573584352207 0
11.43710566149237 -0.8292919482243153 0
14.20930471997861 -0.4772791407107613 0
14.22137926743677 -1.904144166489992 0
13.11321093587176 -1.069156635374213 0
1.309963114019844 -0.4419573493401916 0
9.145219712687339 -0.1042288265228912 0
8.891563446312603 -0.09884093719024686 0
3.399548585096785 -1.440138744499658 0
3.305101689817825 -1.351562764236217 0
8.640847795978111 -0.106237535268003 0
8.581863972236842 -0.217763780697901 0
-1.31277317767342 -1.022332489043194 0
5.126504660731642 -0.08553988685086446 0
-4.151770395734815 -0.4997553144388967 0
13.93459965340202 -1.334183767718169 0
9.305258292016271 -1.362613607555918 0
-4.187224128183928 -2.037033098901764 0
7.684357053485709 -0.09899061227358266 0
5.272663915690042 -1.511751463701874 0
5.284677765734639 -1.375922149686998 0
7.464654781066664 -0.09093409509243973 0
12.66534474211716 -1.074677660679749 0
7.246003105618135 -0.09235552149537588 0
1.160810934688825 -0.04817308586659353 0
4.251852767005389 -0.08061943878996536 0
12.70528396694773 -2.023719951578154 0
13.98942026728165 -0.8789021740841757 0
2.194067075314177 -0.6507870259274009 0
4.254387186090699 -0.3516089279803672 0
3.088588158370035 -0.06426821306070342 0
5.793228610571892 -0.07962534632645632 0
12.89276591150216 -1.462256142132529 0
2.69626517892357 -0.5649706785621609 0
2.796131242670125 -0.5518698588020529 0
14.10113890396459 -1.388239424123707 0
13.0782700601038 -0.9032583129912248 0
6.352762282927512 -1.299399896358967 0
5.505988844162985 -0.08248015614766897 0
5.601545847566912 -0.08925474465798923 0
2.384927454023643 -0.05921069246560084 0
13.38056973770606 -1.627537718120132 0
7.494604875990493 -1.586622253131889 0
2.057851578860468 -0.05510079842325474 0
12.44386385904756 -1.46618673415774 0
1.44653669395894 -0.05037970985259614 0
2.940687000548034 -0.6629415545841728 0
10.76208407467589 -0.4979435593666789 0
4.426225829204741 -0.07328353226467386 0
11.84311029492886 -1.412638092981687 0
12.02846443022451 -0.8705630242661844 0
3.77618722583675 -0.07544330622253506 0
3.611986182362886 -0.06700452127090438 0
3.38303570575847 -0.06231312826231354 0
3.637833018613528 -0.6829685045308126 0
3.236364716940603 -0.06789993505271215 0
9.021083211953046 -2.339130169892546 0
11.40693608901558 -1.411979153973319 0
1.055639562456125 -0.4308749368472509 0
3.014691861978419 -0.06136049773095646 0
1.917110138954938 -0.2746435876965455 0
4.223158940154426 -1.892549837907842 0
9.493027029310175 -1.742539881893967 0
12.63253678539427 -0.9087877720366621 0
10.97634303663745 -1.408196442842139 0
11.27239565826781 -0.7790072250545718 0
4.628695206000938 -1.234789746066044 0
10.13076056538239 -1.390352770609461 0
0.6132277296323253 -0.1491250486876366 0
0.6181878393363046 -0.09732608303999468 0
2.318127861162182 -0.05702694085693772 0
2.185869996560077 -0.05850215481901356 0
1.993777643424925 -0.05736465308048084 0
1.566355732845808 -0.05601692096043585 0
1.868673897060539 -0.0535609785987865 0
2.398287512184137 -1.370996859625448 0
-4.409299582854429 -1.76934126407351 0
5.52168766002578 -1.531423053686281 0
10.42504382528296 -0.7840407374872063 0
10.55072927905362 -1.401421857995228 0
10.64983244393362 -0.5920812001586332 0
2.675738701581277 -0.4134174493719709 0
3.048465368134946 -0.2986363933383152 0
9.488309212038658 -0.8728368802426008 0
13.27655683315234 -1.121992098047111 0
2.586407084921525 -0.6648648297784753 0
-0.3804528046573164 -0.4841527062240254 0
4.350787241548463 -0.6383770935381576 0
12.47696370488981 -1.633735662496403 0
3.332289689012845 -0.4301624655455387 0
9.708194933428187 -0.6860718147670282 0
3.481905187383218 -0.5468706247814287 0
-0.7726538057172518 -0.4290299686699814 0
9.861692689429077 -1.436198608392916 0
0.985774197505044 -2.345224953552793 0
13.53629672531821 -0.8883572750955606 0
2.336736070293005 -1.631093566814906 0
4.173637121414556 -0.6204333116164015 0
9.817848448692624 -2.020737818155014 0
14.15378754837919 -0.9329669520358556 0
0.08600031840799267 -0.9951955284487327 0
0.8132119063038752 -0.6836264899538267 0
9.925354294219218 -0.5056811115105603 0
5.136209388475623 -0.6124576710161215 0
8.813236721334002 -0.7586277552796767 0
3.451972056887308 -1.186918476293195 0
4.955301087276571 -0.4964509334360453 0
9.043056789899154 -1.402425425121825 0
-4.732199381748057 -0.1641134249474807 0
11.50697034716369 -0.5762137840813016 0
3.250996254303093 -1.153401479719781 0
13.05501508115584 -1.516519214577501 0
2.457578324659175 -1.134414743575905 0
-0.3639121443638587 -0.4015151756400281 0
8.244270985950097 -1.352345811442883 0
6.805062200507568 -0.8560297695470844 0
0.2948925377038543 -0.6338799029889566 0
10.98325389213157 -2.333302522638717 0
0.7646269501144942 -0.3039249395002167 0
1.474709174100729 -0.6166943393164634 0
8.112341962887527 -0.6491074298816545 0
-4.274808403348493 -1.165732535374864 0
-1.478073920987013 -0.7356991199218658 0
7.901460485375781 -0.8104845767086748 0
-2.967875368031227 -2.163622871884203 0
8.639773177204587 -1.38066135527098 0
8.840464562460346 -1.914493924599409 0
7.989206340727768 -1.384188419125162 0
7.158053709126953 -1.851082050049615 0
7.220540610829257 -1.311681047153825 0
11.64054813617545 -0.4681952628734574 0
2.855236711125622 -0.1897627609458355 0
1.607335318605747 -0.107325205573938 0
7.105330303730527 -0.6414278701348183 0
-4.2040192652769 -0.9096124161033458 0
6.908887230568441 -0.7810816746040876 0
7.309292119434137 -0.508229657864788 0
9.448535939348931 -1.420038108914731 0
6.602546219973388 -1.286446339670526 0
14.19019827199996 -1.103162885490618 0
0.2565724723993606 -1.953410135172157 0
1.889908367117686 -0.6545651886723403 0
7.77952619440439 -1.876057870740645 0
0.1475237658025717 -0.8502964719281098 0
0.0722997066487162 -0.859671802665933 0
10.82602135749417 -0.2603959126012689 0
2.71931487148063 -1.36867893097119 0
7.600919854052389 -1.35155784512128 0
6.974793493578627 -1.332343533347196 0
11.43555917745805 -1.575767249207278 0
12.00082804088868 -1.466995051834952 0
-4.543387165253709 -0.6603296049864034 0
12.34829478884205 -1.746082963135478 0
5.738611427678676 -0.7317085668180831 0
5.011984539073778 -1.789767367304531 0
0.5522668574889679 -0.6281336926739614 0
5.533948443248358 -1.253961155066079 0
6.75527984050381 -1.801970048294687 0
2.889495873878062 -1.956893199826394 0
-2.025793704252411 -2.052828020618561 0
0.5801414296667509 -0.5037242153321704 0
0.6414188501058822 -0.4882203759058391 0
0.6635996541069508 -0.4256566763534403 0
10.48597523902284 -0.1161888985047836 0
-0.2593952716450435 -1.965225925411395 0
14.18074419377536 -0.320935921733696 0
6.50668157159945 -2.13752397631404 0
5.886006374816573 -1.317213628656653 0
1.028907703172665 -0.4939570494784047 0
2.225663398817153 -0.1146375577233542 0
-3.525036256480025 -0.7158157790287915 0
14.68721857144872 -1.264957809799073 0
10.57955419031955 -1.558263557271337 0
5.781829360683449 -1.831793588133326 0
11.00538863513334 -1.568488664000989 0
3.771181245353302 -1.160836313669996 0
0.6157843580621744 -0.6100334109224625 0
1.671333309916741 -0.09121881315748422 0
13.57253962748643 -1.056311139901903 0
3.052284352029246 -2.122750990727744 0
7.437493659413521 -0.8610712702763035 0
7.448073325134343 -1.001462495768455 0
-0.6539879919279461 -0.9665209606069963 0
-1.429772356907857 -1.028323502461037 0
-2.401826692211523 -0.7342646278614665 0
8.721462082916945 -0.2207823005475887 0
4.000540235007274 -0.6080129287452333 0
12.26226568086166 -0.6559842504071983 0
1.197440659726154 -0.5914430628196361 0
-0.9496138612824994 -0.6651895095202606 0
-0.8448350264065827 -0.04408624141338821 0
3.572437384645172 -0.1298774596404035 0
13.08912922541892 -1.685737661237307 0
12.38706393697895 -0.5477067160153661 0
3.05569001522964 -1.126028265583923 0
6.355920335151737 -0.7558261065661216 0
-2.142769887987195 -2.206010826307138 0
1.85486818397691 -0.5096062863247769 0
-3.168358750432893 -0.8003333359419442 0
14.22631309064543 -1.271777122741404 0
2.75383113115227 -1.134029834339091 0
0.8630190143951391 -1.712586255844196 0
-2.892557962327889 -0.7772795569192096 0
-4.366923683125106 -2.043649596115171 0
3.968655569086798 -1.866124850715267 0
1.986707709425791 -0.7208170534679115 0
11.3976803510667 -2.186453601845598 0
-0.6973410042375395 -1.37371830963685 0
2.440216567904583 -0.6529635274640295 0
5.520108471231122 -1.990309456202293 0
2.274373270952363 -1.094252600062092 0
0.5046085388599126 -0.3104951220079457 0
0.5566172794479449 -0.312615934531927 0
1.973946072638305 -1.787491176618145 0
1.990343400853119 -1.085430100758879 0
1.714040517228287 -1.071286778551978 0
-0.9972028458421038 -0.5936421439951329 0
5.250678821311418 -2.157516166116776 0
14.66938817235208 -1.891400922463915 0
1.077203723563121 -0.3660838981150865 0
-0.3699216802443408 -0.7059976047003033 0
1.68736985702362 -0.2689425030548442 0
1.445720670856077 -1.051401813896713 0
1.41507163715577 -0.557052737908198 0
-0.8536495235668992 -0.822254036163252 0
-0.9912470938237443 -1.294084788752955 0
6.023787395673422 -1.383103133580373 0
3.603280454665312 -1.74506485566322 0
0.8692917762416368 -1.076394881836544 0
12.03341850948841 -1.631321971644708 0
-0.112303994497208 -1.196308938715013 0
2.683186313923738 -1.630832633644138 0
8.726792932300052 -2.183534230504085 0
3.341228704902319 -1.857974456726313 0
6.53041985727733 -0.3755788936468023 0
2.071231865100574 -0.5219710054104785 0
-0.6539437511534649 -0.5846040829748441 0
8.659556371056496 -1.533998329907243 0
2.500130248928975 -2.20904878255419 0
-2.285753017782116 -0.7299833146307479 0
14.84025948217661 -0.2777070991281196 0
-2.058951583229184 -0.699223929283959 0
-0.400900710129562 -1.433703825440181 0
-0.4771874119419446 -0.926480337202037 0
2.509648561273344 -1.955366518264727 0
-0.9256311239260981 -0.3153539709117351 0
4.87998652204339 -0.8567913950204837 0
-1.168931198375876 -2.027323136325342 0
1.270672404536893 -2.112014953301204 0
12.19953629351531 -0.9127374910043524 0
5.401754208506103 -1.450838608671905 0
7.914883024500189 -0.09692468240314575 0
-0.6986259803538709 -0.2272483496725972 0
1.38622836744624 -0.04826418583755566 0
14.39359361314044 -1.325181410195244 0
-1.843685420234366 -0.674089864571678 0
8.716510117531488 -2.008137310864572 0
-0.1308854782493919 -2.347559310717242 0
-1.637450120591383 -0.6582338748997709 0
-0.8789838504418592 -1.958840008680506 0
1.613303976574122 -1.767774541089799 0
5.320898745541899 -0.7372916705687129 0
7.613173905922224 -1.500834232837855 0
-0.3157436277601698 -0.8990456608078783 0
10.01111832881061 -1.491327274488383 0
0.657485882445719 -1.219546068343228 0
1.008634274907795 -0.8119174958396096 0
0.893030011457598 -1.591677988733226 0
1.83156264544656 -0.5943303066745089 0
0.8226621272223755 -0.09599457847808933 0
4.47838061706622 -1.916859305984466 0
-1.439541699918703 -0.6448570711760457 0
-1.256675271870325 -0.6204926853490869 0
3.651227132630005 -0.1324070796291524 0
9.929221449011123 -0.1103024851524404 0
-3.126628480587288 -2.377692615267885 0
-0.5944946652456076 -1.924049303637084 0
13.12413679177408 -1.855452887034983 0
0.3547313864170303 -2.209997123909139 0
0.9234665553548758 -1.937713253583167 0
4.09066697865746 -0.3609926693216707 0
14.69962701806945 -0.5390594226681518 0
6.356472393264196 -0.8874166120542872 0
-0.107289235876655 -0.9469786849950383 0
7.923882432109437 -1.937303323033324 0
0.6508254381950279 -1.992600553259295 0
9.186175256013824 -1.456125901599111 0
-2.833553239671573 -0.1937375486223174 0
-2.926365109586167 -0.3205393065681941 0
11.15761542077297 -1.626251115653465 0
3.757909279020851 -1.40979173261772 0
-4.727078673802149 -2.357108350339117 0
-1.62482813239024 -0.07188069620532686 0
-2.004400838111309 -1.389176632027586 0
0.3241566970399569 -0.9559423720687259 0
2.413648176505133 -0.1122957516862234 0
14.54628661022285 -2.358243167922863 0
14.71757125903704 -2.333480402983395 0
-1.080059078066961 -0.5980835602630546 0
9.851010781715429 -2.184542191588208 0
0.1762576211325125 -1.519920086121847 0
-0.7928050942287578 -2.075273014555806 0
13.08975727915456 -0.2997132673108387 0
13.16284867915386 -2.027553761441648 0
-4.162964886374334 -0.2435935856283391 0
12.12389894241618 -2.145781730902975 0
14.55765700695884 -1.379218741770544 0
4.009048157776725 -0.3109824809999802 0
-0.4740163338296275 -2.056509718194017 0
8.538799416684771 -1.625870173756985 0
1.57622384424619 -0.514930261194907 0
3.460714997185081 -0.06376569064190848 0
-3.650802746138814 -1.018561169273111 0
0.5996539048051193 -0.6785676738204871 0
1.208356214908191 -0.1009807552085102 0
6.764006965100435 -1.957794670917187 0
2.258256048441555 -0.3090766293932853 0
-0.3994234994526471 -0.3673830026083689 0
0.5179023128264587 -0.7651766752443001 0
12.55591353662087 -0.1309710451206655 0
4.623842176170505 -0.287938095563561 0
3.249150037226778 -0.4624904682699471 0
-0.2147798046384294 -1.210107112130908 0
8.128074648169454 -1.442439019024365 0
1.240797329475585 -0.4571965948776435 0
2.509551120628215 -0.7093957588167794 0
4.57434307015038 -0.6961426769070798 0
12.06581152240261 -1.792595106373913 0
7.761157686615951 -2.360430469902917 0
5.785613333911957 -1.980806878735999 0
7.406839582280464 -0.191592482183274 0
-0.5842106855286412 -0.5712716036266571 0
-4.68824935340533 -0.9524930709133171 0
3.338848349689129 -1.228922424265122 0
-4.698101455903976 -1.951784147715776 0
-0.1089073384789032 -1.476107297441948 0
10.16119985511907 -1.548508705304476 0
-0.3407312523982173 -1.860937933801441 0
-3.287481811069254 -1.518571028623012 0
-3.562350964588332 -1.13961832294638 0
-3.12132584383658 -0.1018057824532831 0
4.840088686767722 -1.227608101121649 0
7.107092191776823 -1.39289251604162 0
2.666810153245754 -0.05447890421241817 0
0.7398950203060035 -0.2108425166337469 0
6.476725410318796 -1.36571469034153 0
1.474800766213691 -0.1014359612267706 0
9.329777582278163 -1.517633000797856 0
-1.669471402979623 -2.3405788142806 0
0.04162570674951742 -0.9262721309835473 0
11.1867081626584 -1.792141432282308 0
4.097198524871212 -1.960058873143631 0
3.583433080764346 -1.896865888409769 0
0.006388674509493365 -1.454126279869385 0
-1.676664877266821 -0.1475370574890418 0
5.420977535857079 -1.316249630131867 0
3.987281532970283 -1.173507714126362 0
5.316768053266968 -0.07434949979301268 0
12.22903460901369 -2.349860050888881 0
5.760740392558667 -0.1648757344231674 0
6.811608773599481 -0.07723352355472253 0
-0.9597294318000216 -0.3834254429615822 0
11.06218333524331 -1.899247740661198 0
3.145328427186888 -1.194842812958078 0
0.4917499320968912 -1.45410180801064 0
3.48214285714488 -2.365479081345659 0
10.19387917441155 -1.708902763624924 0
-4.862772608951302 -1.33928571428571 0
-0.664307539725301 -0.4614261106566729 0
-3.294846889873604 -0.2196410012949776 0
4.768814584856004 -0.9200915043737004 0
-3.5764063836672 -0.2278077776506287 0
0.9331497819053647 -1.152042556861321 0
-1.580894222112465 -0.7392819845476942 0
5.917568530762454 -0.5997848494404826 0
2.734650932010694 -1.248445067186858 0
-3.939391420467848 -0.1189562252982198 0
1.045239669173659 -0.09742388726398415 0
12.30523102255838 -0.2509356946911215 0
12.73214100187941 -2.18734484412063 0
-4.555108690677127 -1.874684097869985 0
-3.378991938456831 -0.1104550998918673 0
6.642186775149899 -0.426311706704796 0
1.638005946965139 -1.30014857227554 0
-0.4051000702364405 -0.5377713871896822 0
-4.092547380213547 -0.1215861490920869 0
-0.4431697104453555 -1.544055409886898 0
2.050119417741787 -0.5910865639010188 0
2.353047321508808 -1.170152513176862 0
0.881244108815759 -2.067916068179001 0
2.169729181106649 -2.204457768168826 0
-2.525853888584844 -0.8702688125530182 0
0.2094895784581541 -0.5962052345249093 0
11.95167648875819 -1.915305069616101 0
1.9703296064521 -1.191002627738649 0
9.331967256248678 -0.224945469441182 0
12.92824700756501 -0.266540394091763 0
8.266438250668937 -1.503540913963634 0
7.037977833228794 -0.8283619692452656 0
6.139259513860333 -0.890044330507612 0
0.7773790067000538 -0.2516716598702594 0
1.683396305030825 -1.179982502687055 0
5.9277008566226 -0.1724053901537974 0
0.2466688973620782 -1.606540499272413 0
-4.719126310925819 -0.3678416804499726 0
6.289222538528626 -0.0811754940142945 0
4.259588756427131 -0.6779778325380861 0
1.422188345737014 -1.150428971709833 0
11.6271161759983 -2.201687115641971 0
11.93417340249422 -0.1161458601773825 0
-3.040365196003988 -1.618705936789757 0
-1.477662056875881 -2.058084396009579 0
1.826205412935535 -0.1642818899513178 0
-3.861054743951372 -0.2375305346536119 0
1.575796539073937 -1.903746578948628 0
13.51128292537881 -0.1352969233606974 0
0.6236695308462794 -0.5454126654170084 0
-2.723972931947618 -0.4425343461531027 0
5.294306455203188 -1.246740206639211 0
-4.704548847685674 -0.6573741122440353 0
5.668147634102306 -2.064840719633606 0
-3.714002487879442 -0.2340572161633167 0
-1.797462625908484 -0.07192429422542618 0
0.9077292780508585 -0.4391335962340692 0
5.170804342381999 -1.305074601418202 0
-2.813262495698291 -2.127194654501961 0
9.155107290717121 -2.205355987885384 0
13.32459483504449 -2.07001175147332 0
5.266131832547932 -1.665248015351309 0
10.46192753472642 -1.65919621090694 0
-1.872065718179561 -0.05895915553412831 0
14.7212471903988 -1.437546218103501 0
2.919683364047762 -0.1281335823044215 0
7.24049931145065 -1.454957091248313 0
13.67807170526554 -2.353808517319327 0
3.319251757032272 -0.5168357676985885 0
11.08902698445782 -2.064077833651189 0
5.884853903600424 -2.211065000756931 0
9.351321984380615 -1.682019588819476 0
0.732633712475217 -1.302177069420503 0
-0.2848025862884251 -2.360426611764847 0
0.3787957243910554 -1.476670776494104 0
4.787270220243738 -0.2895370848540353 0
-1.176085967364958 -1.409907472669335 0
8.941689191830299 -0.20200591235537 0
8.288840082956522 -1.65741652901529 0
-4.664068454269968 -1.631573444713091 0
-0.1126342977424952 -0.5747950394196917 0
-3.589013057271642 -0.8580591246114253 0
6.94914507961383 -2.211517646667611 0
1.290098869977998 -0.5123579814236985 0
6.041221321805436 -0.9349760824230193 0
0.2985740719655207 -1.031773100462588 0
1.41924305294195 -2.192792666850934 0
-2.356703183067737 -2.057057596812115 0
1.216382832108148 -1.50856094126838 0
-4.324734678842849 -0.2487490194908676 0
3.87648778429727 -1.225640127077539 0
8.424172974719401 -1.717886914949697 0
4.091916897192312 -0.6663544364171408 0
-0.573665760588781 -1.560694051343497 0
3.280729248882691 -0.1313728260688809 0
1.644822674134812 -0.566335399381963 0
3.452507583054308 -1.949438234416594 0
0.250844923768216 -2.08895827028748 0
1.992183570092792 -2.216724009429818 0
-4.486154398590123 -0.2554140964414949 0
-3.199814042779831 -1.639624026727539 0
-3.310249032941597 -2.182019992450281 0
7.36947324119863 -1.517525686971622 0
8.641944769629887 -0.3123268922951922 0
0.9022307819754547 -0.6877479131593834 0
8.157839878866715 -0.08939072609784127 0
11.70163047609552 -0.2338567024878355 0
2.823949216160766 -1.324401436499494 0
2.89694762090874 -1.528776595737417 0
9.36912432231393 -1.847890663530744 0
10.6457909614608 -1.88568106903943 0
4.863355165360158 -0.06292552239596404 0
1.845085724971644 -0.1072692126942197 0
4.543847346906105 -0.1492551659024396 0
8.478225781930739 -2.056312496860155 0
1.015755965651915 -1.682714768749914 0
8.305226228347493 -0.4881814200490152 0
-1.971311962175632 -0.1596735762934341 0
6.118664189759408 -1.309086610734469 0
14.88144352627153 -2.057585902738333 0
5.612244819118573 -0.349915530124517 0
1.121915853083677 -0.9441336270835432 0
13.88490055577449 -1.768208082452797 0
4.479224818575257 -0.2715337582993069 0
4.796687703346656 -2.19391346124479 0
7.930669958816909 -2.074352963208674 0
4.011365735841408 -0.05691651688261563 0
3.114355229406617 -2.364894196319778 0
13.72139670984528 -1.914741740229376 0
0.5798609675899488 -0.7361286432708944 0
6.646230831089412 -2.194083415935828 0
0.160699676805212 -0.6104995722165809 0
10.49799199427035 -1.825831439215889 0
0.3682112517947141 -0.5011871774758115 0
11.33774524865293 -0.1092407443492122 0
4.685063724638176 -0.06266087094838858 0
-2.650527662305141 -0.7334895813565718 0
1.108857448113218 -1.512844910988013 0
1.810282581647859 -0.2205802061888699 0
0.05675240263168246 -0.581191289087346 0
3.012000670594191 -1.484967044347457 0
4.232915910903216 -2.027068996943988 0
5.467131449409579 -0.1531608932811065 0
0.6046785987195087 -0.3926396453456233 0
-3.522625757355798 -1.668549589949335 0
1.530401224272518 -2.040667546524899 0
7.531379082908744 -2.216876970996645 0
10.68032465024494 -0.2279142842967425 0
3.143935477408055 -1.567219977486564 0
-2.073988708131963 -0.1609910001380969 0
9.250085557957409 -1.941486688571595 0
-2.97989952072997 -1.486505812606057 0
7.028799511907165 -0.08025806751617914 0
-1.065876635050239 -0.3110147535788233 0
0.1156505543855796 -0.5712485775221107 0
-4.711763256989895 -1.204306320619006 0
-3.446252275669308 -1.532158797654147 0
-0.3289124659107945 -0.4787108155582462 0
0.6945652350854856 -0.5297672086672063 0
-3.093619284930135 -0.8997431409334529 0
5.840508884341801 -0.8083547521070542 0
14.55655858405577 -0.7837897792143999 0
-2.80302907715022 -0.8810900589145203 0
2.867511412082261 -0.05047993510558256 0
-1.782792142733905 -1.475572891625686 0
5.380176685282952 -2.218139605757721 0
-0.4975279876456932 -0.9946048416332861 0
8.220346870639524 -2.062756661811395 0
2.286977156107355 -1.412298090073938 0
0.04876689349958717 -2.173329401834428 0
14.02989923667748 -0.1085856251995116 0
10.71987717087802 -2.217775826654979 0
-1.682541438919268 -0.7460194663690713 0
-0.2252763357830628 -0.533133013273534 0
4.68638140951175 -2.066006320422819 0
14.30468812055106 -2.223637456556755 0
3.230208980270066 -1.270245057771251 0
10.68275828617096 -2.051046691835681 0
-1.24544224614982 -1.314738218793086 0
5.064406009459907 -1.238236809044787 0
10.13040100596888 -0.2199425989278263 0
-3.777740047652173 -1.554772860766358 0
-0.3820038745313615 -2.216699894137737 0
-2.535392045808948 -0.1971467618121504 0
-1.785872021738764 -0.7544541433573069 0
6.095914255768418 -0.06764009555114334 0
4.172607235138847 -0.05723195658190403 0
4.790509375863192 -0.3897757933324582 0
10.30398748412068 -0.2339409311828433 0
-2.943082345252855 -0.8900221337797067 0
14.87011562784625 -1.733985927060543 0
0.6743967697123607 -0.0396719209744071 0
9.272111974804487 -2.105485899076259 0
10.01517494471102 -2.211355941658026 0
1.898074919338278 -0.09877078364428291 0
14.46484534373872 -0.2686648485289636 0
9.145118104568907 -0.4926946659579612 0
3.399650295574227 -0.574451568162073 0
2.087650410700038 -0.1017177224882317 0
4.873267255636987 -0.5381320409409218 0
3.852019916771629 -0.05491890775125671 0
2.508089506400987 -0.2468362793219685 0
-2.824612221532844 -1.474756081778415 0
2.324711105256213 -1.286438937739455 0
3.789724914432214 -2.218125330008315 0
4.175600362641862 -0.703702641460629 0
-1.136653311590556 -0.4055537629698228 0
7.607001504640009 -0.1864455591985196 0
-1.922361484034886 -1.494471935299646 0
1.488490982841867 -1.209650163344712 0
-0.4217522776403336 -0.9849226176876155 0
7.385185054004713 -1.83640537134752 0
5.089285714288129 -2.384808799753906 0
0.809888641713125 -0.600237003692875 0
-3.477702966667449 -2.385949889093003 0
14.86830842604489 -1.483852171349831 0
10.31480334204301 -2.19368525685701 0
4.552081806491316 -0.2367101710409271 0
-1.72509581566861 -1.364367060492834 0
2.666120725735132 -0.6581536982645402 0
5.832051878033697 -0.9155505201697782 0
0.8874602981618397 -0.03276154838743191 0
2.37342702490306 -0.2495678504283714 0
6.498944588764063 -0.06991309962867007 0
4.201578890789597 -0.8621747195712026 0
2.48113182205378 -2.080103523794854 0
2.808172410226402 -1.448032538497755 0
-2.72595663248969 -1.583778640926986 0
9.569567786453995 -2.204945862399045 0
9.751753222911971 -0.212757231967969 0
-0.4577961908724177 -0.5376620313751154 0
-0.5883782376703278 -0.2073330414382857 0
-1.482841102845605 -1.469211067172345 0
-2.173603333504182 -0.1603569687994052 0
5.041180589416284 -0.06004764300157801 0
-1.623308343291057 -0.8315705607592683 0
0.9863324234852517 -0.4354608374946006 0
2.874923430940588 -2.246816017359293 0
8.45035053319959 -1.883462092536848 0
-0.3412678752594774 -0.9727105004537178 0
0.9216981321131081 -0.821057188143436 0
13.36396797796749 -2.212055261437748 0
8.480843266522475 -0.2279695115424258 0
-0.9248202102819312 -2.08020693123456 0
-2.496144461557427 -2.0515382831591 0
-4.275419242492406 -1.021618112554575 0
0.8458853994582813 -2.206925401683241 0
-4.119415445892146 -1.187989744737201 0
8.8392857142842 -2.387108559528977 0
2.807282241167695 -1.724740517328792 0
4.716613164383799 -0.6259757238125707 0
1.684512234367262 -0.03991487338183473 0
11.11582322648113 -2.21216242687792 0
2.5209999783594 -0.0454217307981581 0
2.563274298080282 -0.2983199320427847 0
-1.036880254029507 -1.397721856231531 0
3.133123209412351 -0.1224156841871553 0
6.14730547370266 -1.872269595518934 0
2.283383054996383 -0.1031399138103063 0
-0.3717529935498368 -1.972662168972607 0
2.262727031813915 -1.5414443846609 0
1.240900772490462 -2.241654467591083 0
0.07707586541070081 -0.7404014821534061 0
4.466384618570799 -0.4089297169632322 0
-1.615985276998647 -2.058422733135643 0
-4.455121073301513 -1.201267285337136 0
1.261060809432338 -0.5893555121297043 0
0.3523535929818422 -1.102455136510909 0
3.721410208476561 -0.1277032036826027 0
-0.53418575398267 -0.03577570829538735 0
4.310374918908231 -0.1375429402408075 0
0.5345117563716744 -0.03622248458361826 0
7.380578044985723 -1.676834317123126 0
2.058707073523014 -1.270470653475408 0
4.710870919301497 -0.5394444703063916 0
2.795006102096992 -1.57255495622514 0
-2.6211731536623 -0.1740979787178896 0
4.963266775582569 -0.5918121990101591 0
12.79267243080367 -0.2390576165773696 0
0.3349180555504856 -0.5818073302596312 0
6.39351693656612 -2.207005925189324 0
0.4752705734322289 -0.3368512185452506 0
-2.241548067877443 -1.549701372213399 0
2.892537521436652 -1.833363272950025 0
13.37203345265604 -0.2569997970105488 0
-0.6128289855953811 -0.2525350937984545 0
0.4545562437495388 -0.4349792758344962 0
-0.8668484288180268 -0.09456322132499881 0
-3.150565740854317 -1.018734179764398 0
-3.898267827235205 -1.322612514180207 0
-0.6193913891741338 -0.08393431010127324 0
3.429345468658682 -2.107989776278372 0
4.938559165027181 -1.296545170790659 0
-1.585454955715209 -1.349936102480113 0
4.108953998005945 -2.245887975590203 0
-4.6130699951264 -0.2602194627982021 0
-2.528535359137018 -1.436588473354726 0
-1.214755872946573 -0.318250039544292 0
1.852662479707411 -2.199254284004501 0
-4.872795368987892 -0.1282337906758781 0
2.462740554470681 -0.1390310525160985 0
-1.459543259597039 -0.3406661364818174 0
-1.930127560348345 -2.370100755667464 0
-2.129370283093 -1.381551944559771 0
-0.9356359920010223 -0.0951315035374215 0
7.299951415405715 -0.167234259005901 0
12.87065379941915 -2.223864272773071 0
0.5640143874260533 -0.3615011765063016 0
-0.7394005491007449 -0.0943243026713504 0
5.191671561518635 -0.1470431671203866 0
12.16375675760026 -0.2288412515013093 0
0.9058406661722957 -1.236244649528953 0
-1.003696756218899 -0.09570157877624549 0
6.143927830143364 -1.631296029464723 0
-2.404617836879935 -1.405735241968933 0
-1.279780099929916 -0.3348347261144021 0
0.7468450488068662 -2.094015361606335 0
-1.353435366906557 -1.306131826179839 0
7.098822890063416 -0.1755168848833585 0
14.86886758975411 -0.1310079900968854 0
-0.8738733166818682 -1.282367016860778 0
-1.370651749476723 -0.337536525537557 0
0.5861178204313225 -0.07716453517847033 0
0.01928951023108177 -0.9920841293042337 0
-0.1576342426918698 -0.6234845806348008 0
-1.892526700283413 -0.7600473334394149 0
-0.6834674163782631 -0.03271300226389873 0
4.79189902028395 -0.4888961823364369 0
0.9901720403623699 -0.8865993957765882 0
12.45930394249382 -2.216354744476833 0
-4.426005460670183 -1.912603996291267 0
10.10621311764291 -0.334537853074289 0
8.397853444017395 -0.07606888803200719 0
-4.869276641505555 -2.369276641505563 0
14.86927664150542 -2.369276641505333 0
-1.111864061686364 -0.6703579365396755 0
-0.7935345239717068 -0.0343454073685191 0
4.46848614148326 -0.1285956702346072 0
3.471652229366982 -0.6257584950700132 0
-0.9790451598333103 -0.7368723441951358 0
9.285388794439278 -2.242991431130025 0
2.911349795792685 -0.2602300637200822 0
-2.281039578648407 -0.1543759490905678 0
-4.740678523824197 -1.07705430867104 0
2.140002604927624 -1.323674132549305 0
11.62558059109559 -1.930475698394435 0
10.93930918589181 -0.2292224223017511 0
4.518047157711191 -0.6300744560576544 0
2.21608549216543 -1.69029030662922 0
2.977935546234783 -0.1115603475013881 0
0.8094839009150671 -0.2881865850287411 0
3.210418594708007 -1.391805010059883 0
-4.010890726475512 -1.146661176337666 0
-1.030128282794069 -0.6668513987882445 0
13.78553056257319 -2.22225558075822 0
3.502932094500478 -0.1171925586581224 0
1.710134417455627 -0.5366717493476456 0
0.2502021524377642 -0.6029974715329401 0
7.846826080264359 -0.1790068811700559 0
2.553341181720872 -0.370726402905049 0
2.984690438849037 -0.3120191273151455 0
-1.566866255002344 -0.9106493661305323 0
-4.563192547701561 -1.736306074524457 0
11.55698508222825 -0.2168552698028588 0
6.12088545788707 -1.435287787176529 0
0.7506699701962561 -0.5114584815578239 0
3.407405296289385 -2.250429020616315 0
3.34358107700643 -0.1122603987251507 0
6.988658492739441 -0.2577556054260571 0
2.726452924715341 -0.04124909378983871 0
-0.7929885698190589 -1.371790058859808 0
-1.07067202735045 -0.09814827050051801 0
2.176508417271819 -1.822059749191975 0
-0.05688827521583917 -0.5705859093916278 0
-0.9329221112887536 -0.8303312992247833 0
-3.636921240584944 -2.209819711175815 0
2.626125169232352 -2.223946229284064 0
-3.058514854273377 -0.1850762389690291 0
9.207271655750965 -0.1864130053884708 0
-0.5738481083277355 -0.08699136763860597 0
6.229191406232889 -0.146939413189469 0
-1.204022492971196 -0.6749618229475252 0
14.56529448803683 -0.9355087537758493 0
7.10975261559738 -0.7492958556306876 0
11.14294513872262 -0.2234366220836279 0
-2.779033799155759 -2.372254088965016 0
1.490918220584152 -0.1495297614799059 0
0.5993573111374636 -2.114340250611235 0
2.465157818502468 -0.200457061312904 0
5.052556229341107 -0.6388870562995904 0
7.276798791133892 -1.925014599959102 0
-2.602744652656309 -0.4704061334695196 0
5.553869518465672 -0.4123554561098842 0
1.273386500597509 -0.03347466878025479 0
9.428631327401339 -0.3211996304613977 0
5.97950063102686 -1.008495291618563 0
1.363593521823437 -0.0943287512312687 0
-4.901354804745505 -1.517857142857139 0
-0.5565542311329348 -0.6183743468615032 0
0.7386676523985874 -0.08120142083573129 0
4.329804959125036 -1.941165393854435 0
1.105559103769381 -0.03192614137393578 0
-0.02273203148162082 -1.094441050768353 0
3.575316788185667 -0.2570174376450234 0
10.44613057456564 -2.397512694342605 0
6.687649114687117 -0.1712580921923445 0
8.601375893158856 -2.071911909391893 0
5.841226386445023 -0.1427286868543772 0
14.71705864405401 -2.201601105315525 0
-3.289704149682092 -1.044662547937838 0
6.254159740014474 -1.67288614500167 0
9.565470960335034 -0.2135613716364335 0
-1.706307066118654 -2.232809990501592 0
-4.716712211152617 -2.082265291412833 0
-1.990409402099907 -2.228807538130264 0
14.46094080763063 -2.252458963442239 0
8.828758410308414 -0.1781635916437916 0
-1.995323198909282 -0.7629130765053085 0
7.082957373131776 -2.224384091183255 0
0.08160259567961531 -1.523507438570611 0
-0.5425344567998301 -0.2041344821738232 0
7.281918136651207 -2.077098198069871 0
5.798667879937678 -2.109968893969287 0
10.55590806425478 -0.2072693599602752 0
14.71724518625988 -0.3998067560766659 0
13.82869943105579 -0.2593477917296403 0
6.89865949810771 -0.3170073320985679 0
3.007733736533654 -2.239470610352143 0
0.148035379193944 -1.739538780176914 0
-3.337664948192684 -1.158301394917874 0
-0.7246356270717369 -1.46073635444727 0
2.376101120908416 -0.3018928427188464 0
4.329768130961252 -0.3740540497264608 0
-2.442246477683149 -0.8283864173382636 0
-2.384015465716947 -0.1553370410697672 0
1.475433218796146 -0.1913516199600106 0
-0.6643044598374084 -0.2571801609239175 0
2.993216296702275 -1.893132675546549 0
2.610769481806941 -0.419412142773549 0
1.748064091062425 -2.235821798266207 0
-3.966910317434362 -1.414804543305065 0
-4.581381040390173 -1.222775102040757 0
2.057019456968026 -1.860188754489969 0
4.610945939299465 -1.964369425397218 0
0.3372000709034884 -1.568236048566218 0
8.433629207176466 -0.6320886072215094 0
1.07331133530878 -2.255454479003285 0
-0.7271137123056088 -0.4620455204953631 0
14.29789289479414 -0.2431667400845182 0
0.1276569854385876 -1.910082602347511 0
6.261359462452376 -1.820786761296042 0
10.86385747942923 -2.233921184971145 0
4.090215716628117 -1.227908351616662 0
-0.4530636211901582 -0.6430131309400497 0
2.812845416970581 -0.6215236571155998 0
11.99876988999875 -2.061553994868292 0
-1.539927375045513 -0.3406773188965063 0
0.9469785605859251 -0.08531212665666844 0
7.523779347679183 -0.159556173961283 0
0.9993411172897819 -0.5467658392609781 0
0.3258167977587015 -1.176560110905849 0
-4.76115724949596 -0.5341445254142779 0
6.757492916782029 -2.078221741714529 0
10.83251233030407 -0.4007929968465892 0
1.050381130409046 -0.9504045088920619 0
10.09808308958096 -2.102748488166593 0
8.2107197674767 -0.666270044234363 0
-1.133568886114579 -0.09468612137019744 0
4.731020230070146 -1.271357739214947 0
2.979600866904089 -2.030594381279756 0
-0.2917097348741883 -1.027643918902446 0
9.322294905288325 -0.4315106202009177 0
0.6498627223193464 -0.3749880181849083 0
3.564289241221458 -0.7244623304515697 0
3.050684230851967 -0.3607119959802594 0
8.310281994012449 -0.5924336799783489 0
-3.754762928616 -2.246502146008247 0
14.75365687164707 -1.782264662822795 0
4.423839109638829 -0.6665405395060853 0
11.25118828893749 -2.247765454743815 0
0.4580374033681512 -2.130538713353973 0
2.183923792065074 -1.390710165005534 0
5.663208116253108 -0.2844759610901829 0
-0.01346889561771392 -2.306988600739345 0
14.12798428993595 -2.011262637554507 0
0.6529340618082893 -0.07615537767974311 0
-2.849221893789256 -2.250528929398986 0
8.088342333619936 -0.1748385919786097 0
-0.188085494256555 -0.6693552220859326 0
6.802614444638834 -0.3795989479558207 0
7.676000041756002 -2.258518992911761 0
10.13690602677863 -0.4247649819710815 0
6.149737242520146 -0.3172951970857998 0
5.953524311384871 -0.6780288534090301 0
-0.3606849208655507 -0.4424688934565946 0
9.993291208532375 -0.1837005616246105 0
$EndNodes
$Elements
12 14432 1 14432
1 7 1 14
1 5 11 
2 11 12 
3 12 13 
4 13 14 
5 14 15 
6 15 16 
7 16 17 
8 17 18 
9 18 19 
10 19 20 
11 20 21 
12 21 22 
13 22 23 
14 23 6 
1 8 1 112
15 6 24 
16 24 25 
17 25 26 
18 26 27 
19 27 28 
20 28 29 
21 29 30 
22 30 31 
23 31 32 
24 32 33 
25 33 34 
26 34 35 
27 35 36 
28 36 37 
29 37 38 
30 38 39 
31 39 40 
32 40 41 
33 41 42 
34 42 43 
35 43 44 
36 44 45 
37 45 46 
38 46 47 
39 47 48 
40 48 49 
41 49 50 
42 50 51 
43 51 52 
44 52 53 
45 53 54 
46 54 55 
47 55 56 
48 56 57 
49 57 58 
50 58 59 
51 59 60 
52 60 61 
53 61 62 
54 62 63 
55 63 64 
56 64 65 
57 65 66 
58 66 67 
59 67 68 
60 68 69 
61 69 70 
62 70 71 
63 71 72 
64 72 73 
65 73 74 
66 74 75 
67 75 76 
68 76 77 
69 77 78 
70 78 79 
71 79 80 
72 80 81 
73 81 82 
74 82 83 
75 83 84 
76 84 85 
77 85 86 
78 86 87 
79 87 88 
80 88 89 
81 89 90 
82 90 91 
83 91 92 
84 92 93 
85 93 94 
86 94 95 
87 95 96 
88 96 97 
89 97 98 
90 98 99 
91 99 100 
92 100 101 
93 101 102 
94 102 103 
95 103 104 
96 104 105 
97 105 106 
98 106 107 
99 107 108 
100 108 109 
101 109 110 
102 110 111 
103 111 112 
104 112 113 
105 113 114 
106 114 115 
107 115 116 
108 116 117 
109 117 118 
110 118 119 
111 119 120 
112 120 121 
113 121 122 
114 122 123 
115 123 124 
116 124 125 
117 125 126 
118 126 127 
119 127 128 
120 128 129 
121 129 130 
122 130 131 
123 131 132 
124 132 133 
125 133 134 
126 134 3 
1 9 1 14
127 3 135 
128 135 136 
129 136 137 
130 137 138 
131 138 139 
132 139 140 
133 140 141 
134 141 142 
135 142 143 
136 143 144 
137 144 145 
138 145 146 
139 146 147 
140 147 4 
1 10 1 16
141 2 148 
142 148 149 
143 149 150 
144 150 151 
145 151 152 
146 152 153 
147 153 154 
148 154 155 
149 155 156 
150 156 157 
151 157 158 
152 158 159 
153 159 160 
154 160 161 
155 161 162 
156 162 1 
1 11 1 14
157 7 163 
158 163 164 
159 164 165 
160 165 166 
161 166 167 
162 167 168 
163 168 169 
164 169 170 
165 170 171 
166 171 172 
167 172 173 
168 173 174 
169 174 175 
170 175 4 
1 12 1 112
171 8 176 
172 176 177 
173 177 178 
174 178 179 
175 179 180 
176 180 181 
177 181 182 
178 182 183 
179 183 184 
180 184 185 
181 185 186 
182 186 187 
183 187 188 
184 188 189 
185 189 190 
186 190 191 
187 191 192 
188 192 193 
189 193 194 
190 194 195 
191 195 196 
192 196 197 
193 197 198 
194 198 199 
195 199 200 
196 200 201 
197 201 202 
198 202 203 
199 203 204 
200 204 205 
201 205 206 
202 206 207 
203 207 208 
204 208 209 
205 209 210 
206 210 211 
207 211 212 
208 212 213 
209 213 214 
210 214 215 
211 215 216 
212 216 217 
213 217 218 
214 218 219 
215 219 220 
216 220 221 
217 221 222 
218 222 223 
219 223 224 
220 224 225 
221 225 226 
222 226 227 
223 227 228 
224 228 229 
225 229 230 
226 230 231 
227 231 232 
228 232 233 
229 233 234 
230 234 235 
231 235 236 
232 236 237 
233 237 238 
234 238 239 
235 239 240 
236 240 241 
237 241 242 
238 242 243 
239 243 244 
240 244 245 
241 245 246 
242 246 247 
243 247 248 
244 248 249 
245 249 250 
246 250 251 
247 251 252 
248 252 253 
249 253 254 
250 254 255 
251 255 256 
252 256 257 
253 257 258 
254 258 259 
255 259 260 
256 260 261 
257 261 262 
258 262 263 
259 263 264 
260 264 265 
261 265 266 
262 266 267 
263 267 268 
264 268 269 
265 269 270 
266 270 271 
267 271 272 
268 272 273 
269 273 274 
270 274 275 
271 275 276 
272 276 277 
273 277 278 
274 278 279 
275 279 280 
276 280 281 
277 281 282 
278 282 283 
279 283 284 
280 284 285 
281 285 286 
282 286 7 
1 13 1 14
283 5 287 
284 287 288 
285 288 289 
286 289 290 
287 290 291 
288 291 292 
289 292 293 
290 293 294 
291 294 295 
292 295 296 
293 296 297 
294 297 298 
295 298 299 
296 299 8 
1 14 1 16
297 2 300 
298 300 301 
299 301 302 
300 302 303 
301 303 304 
302 304 305 
303 305 306 
304 306 307 
305 307 308 
306 308 309 
307 309 310 
308 310 311 
309 311 312 
310 312 313 
311 313 314 
312 314 9 
1 15 1 16
313 10 315 
314 315 316 
315 316 317 
316 317 318 
317 318 319 
318 319 320 
319 320 321 
320 321 322 
321 322 323 
322 323 324 
323 324 325 
324 325 326 
325 326 327 
326 327 328 
327 328 329 
328 329 9 
1 16 1 16
329 10 330 
330 330 331 
331 331 332 
332 332 333 
333 333 334 
334 334 335 
335 335 336 
336 336 337 
337 337 338 
338 338 339 
339 339 340 
340 340 341 
341 341 342 
342 342 343 
343 343 344 
344 344 1 
2 1 2 7044
345 1649 2624 3114 
346 587 3316 3369 
347 576 2200 3135 
348 650 2615 3368 
349 774 771 2948 
350 2779 2343 2837 
351 3112 2287 3591 
352 1761 1759 2933 
353 2275 3464 3523 
354 1655 2609 3428 
355 1586 2687 2796 
356 2181 1789 3587 
357 2804 1875 3545 
358 2609 2607 3428 
359 1817 2197 2490 
360 1586 2685 2687 
361 2678 1366 3574 
362 1841 2369 2412 
363 2490 2197 3144 
364 1963 1972 2500 
365 2634 2945 2946 
366 1789 2181 3394 
367 1001 2811 3689 
368 1728 2578 3258 
369 1504 1817 3147 
370 1096 2479 3610 
371 2827 2826 3559 
372 2200 576 3286 
373 2234 575 2908 
374 2172 539 3066 
375 634 2817 3420 
376 1876 2847 2848 
377 2401 647 2402 
378 3287 1635 3319 
379 3464 2067 3523 
380 2758 2265 2872 
381 2780 1761 2933 
382 2461 2066 2653 
383 1610 2292 3832 
384 1817 2490 3147 
385 771 770 2948 
386 1649 2623 2624 
387 2800 2804 3545 
388 2644 2776 3113 
389 632 2356 3330 
390 3004 923 3005 
391 2269 534 3084 
392 575 2234 2788 
393 2815 2814 3141 
394 2776 1389 3113 
395 1694 2319 3294 
396 2808 2815 3141 
397 2581 2969 3388 
398 568 2686 2688 
399 2265 626 2757 
400 2615 2614 3368 
401 2292 1610 3057 
402 2817 2816 3420 
403 701 699 2453 
404 1770 2389 2566 
405 548 2893 3050 
406 1001 1003 2811 
407 2749 980 3327 
408 611 2972 3561 
409 635 2807 3512 
410 1938 2451 3279 
411 2807 2809 3512 
412 2306 661 3083 
413 645 2224 2926 
414 2578 2590 3258 
415 2457 2678 3574 
416 1523 3127 3657 
417 2500 1972 2914 
418 2860 2090 3343 
419 2386 1481 2571 
420 620 2223 2657 
421 2233 3004 3005 
422 685 761 3173 
423 2464 3409 3761 
424 3096 1884 3336 
425 3316 2139 3369 
426 3298 2609 3299 
427 2343 1702 2837 
428 544 2295 2297 
429 1831 1504 2382 
430 617 2275 2616 
431 2078 2662 3216 
432 2826 1103 3559 
433 2953 3298 3299 
434 1831 2386 2571 
435 2235 2824 3758 
436 2066 1709 2653 
437 695 3112 3591 
438 2338 1440 2340 
439 3426 2397 3662 
440 2972 2603 3561 
441 676 674 3079 
442 2389 1770 2565 
443 2365 2498 3657 
444 1876 2846 2847 
445 2479 1096 3695 
446 1283 1328 2436 
447 2235 2444 2824 
448 2491 2073 3155 
449 2313 2453 3644 
450 2396 2097 3382 
451 1618 2504 3471 
452 1839 2408 3774 
453 2453 3199 3644 
454 658 2279 2549 
455 1481 2386 2387 
456 2265 1967 2872 
457 3502 2729 3552 
458 1583 2434 2435 
459 2382 1504 3147 
460 630 3426 3662 
461 2299 648 2301 
462 2875 3217 3419 
463 653 449 2443 
464 1523 2416 3127 
465 2381 2066 2461 
466 2662 2078 3398 
467 2360 1961 2652 
468 1965 3170 3207 
469 539 2172 3634 
470 2250 1706 2582 
471 3207 3170 3792 
472 2976 2256 2977 
473 1821 1884 3597 
474 410 411 2943 
475 2031 2186 2349 
476 819 818 2466 
477 649 464 2825 
478 2446 2290 2584 
479 2142 2749 3327 
480 1480 2480 2481 
481 2179 2685 3165 
482 1884 2684 3336 
483 2497 2191 2965 
484 1831 2383 2386 
485 2602 1641 2604 
486 32 588 2588 
487 1819 2801 3545 
488 2685 1586 3165 
489 2350 1532 2351 
490 3112 695 3482 
491 1583 2433 2434 
492 2462 3152 3216 
493 2203 1839 3774 
494 2608 550 2963 
495 2233 2232 3004 
496 1473 2631 3337 
497 2856 1650 3402 
498 2634 2944 2945 
499 2631 1473 3628 
500 3454 1087 3633 
501 2340 1440 2454 
502 2388 644 3736 
503 1636 1442 2565 
504 2504 2126 3471 
505 3292 2188 3802 
506 2310 536 3082 
507 581 3243 3626 
508 2746 3311 3414 
509 965 2497 2965 
510 1040 2390 2428 
511 2356 2618 3330 
512 1480 2481 2509 
513 2715 2717 2718 
514 2451 1468 3279 
515 1831 2382 2383 
516 411 535 2943 
517 3243 2204 3626 
518 2261 2381 2461 
519 1452 2357 2738 
520 2974 2256 2976 
521 1650 2856 3514 
522 2470 1926 3247 
523 2413 2292 3057 
524 2812 3321 3473 
525 2687 3502 3552 
526 1189 1185 2420 
527 2620 2623 3272 
528 644 2388 3029 
529 2580 3287 3319 
530 2682 2681 3393 
531 1641 2602 2610 
532 2634 2633 2944 
533 449 450 2443 
534 1930 2348 2618 
535 2742 2953 3299 
536 1884 3096 3597 
537 2966 2516 3313 
538 2200 638 3479 
539 3212 3278 3493 
540 2969 631 3388 
541 638 2200 3286 
542 2243 2894 2981 
543 2528 541 2530 
544 1669 2544 3501 
545 2690 2694 2704 
546 760 697 2409 
547 2949 2902 3583 
548 2616 2275 3817 
549 2106 2911 2912 
550 2464 2466 3409 
551 568 2688 3590 
552 3367 2718 3468 
553 2275 617 3464 
554 2523 2521 2545 
555 1997 2188 3292 
556 2953 2742 3755 
557 3610 2475 3671 
558 2633 778 2944 
559 2578 1728 3621 
560 626 2265 2758 
561 699 760 2453 
562 2253 2346 2503 
563 609 2396 3382 
564 1816 2371 2421 
565 1930 1597 3204 
566 761 3172 3173 
567 2031 2349 2405 
568 1392 967 3045 
569 551 3380 3392 
570 2466 818 2467 
571 776 2710 2720 
572 2498 1523 3657 
573 532 2659 2989 
574 1189 2345 3231 
575 2894 2243 3606 
576 2516 2966 3662 
577 2773 2772 2833 
578 603 2231 3548 
579 2231 603 3176 
580 2530 654 2531 
581 3105 616 3624 
582 2090 2860 3430 
583 2638 3454 3633 
584 2285 2282 2376 
585 1471 2268 3092 
586 1829 2332 2585 
587 2902 2949 3602 
588 2281 1140 2376 
589 2587 3112 3482 
590 2531 654 2532 
591 3006 2009 3115 
592 2318 1081 3241 
593 2770 1474 3252 
594 1961 2360 3664 
595 2772 1078 2833 
596 2659 2329 2989 
597 544 2297 2298 
598 3433 2849 3441 
599 1660 1485 3331 
600 2348 1930 3204 
601 2328 3105 3624 
602 1003 1005 3450 
603 2157 2156 2920 
604 2487 2849 3433 
605 3004 2232 3434 
606 2317 2316 2318 
607 1389 2246 3113 
608 2623 1649 3272 
609 779 778 3381 
610 2319 2316 3294 
611 1283 2436 2442 
612 2412 2369 3551 
613 2270 583 3606 
614 1039 2446 2584 
615 1081 1026 3241 
616 2662 1946 3039 
617 2755 1391 3003 
618 2428 2390 2429 
619 1770 1636 2565 
620 2332 1829 2357 
621 2203 3056 3357 
622 117 2262 3359 
623 2893 2440 3050 
624 2357 1452 3383 
625 1506 1309 2721 
626 2755 2308 3071 
627 697 694 2409 
628 2755 3003 3516 
629 2246 1389 2868 
630 2618 2348 3389 
631 2311 1833 2313 
632 2254 2003 3870 
633 2305 2682 3393 
634 2160 2157 2920 
635 647 2401 3371 
636 2718 2719 3468 
637 595 2368 3390 
638 2544 1669 3641 
639 2468 2470 3247 
640 3070 2132 3727 
641 3380 2396 3392 
642 651 2294 2295 
643 572 2816 3484 
644 2854 1874 3220 
645 3217 2051 3419 
646 2402 647 2403 
647 1574 2883 2884 
648 1759 1842 2933 
649 580 2554 2804 
650 1927 2684 2961 
651 605 2323 3229 
652 534 2269 3357 
653 3558 2998 3566 
654 464 465 2825 
655 2915 2526 3062 
656 1350 2755 3071 
657 2352 1660 3331 
658 1706 2250 3222 
659 2739 1899 3196 
660 3321 1356 3473 
661 2003 2254 2837 
662 2262 117 3680 
663 1838 2407 2408 
664 2697 1373 3283 
665 2351 1532 3079 
666 2563 3352 3670 
667 583 2270 3310 
668 708 992 2585 
669 2566 556 3865 
670 1793 2446 3193 
671 1189 2420 2421 
672 2926 2224 2927 
673 2479 2477 3610 
674 2868 2842 3101 
675 2101 1877 3627 
676 3051 2115 3081 
677 2309 2306 3083 
678 1693 2491 3155 
679 1523 1399 2416 
680 2323 605 3497 
681 2196 2746 3414 
682 2273 637 3174 
683 2346 2253 3757 
684 1835 2450 2451 
685 2223 620 3401 
686 1425 3040 3810 
687 2058 3035 3325 
688 2562 2563 3670 
689 1474 2770 2771 
690 1915 2934 3005 
691 683 685 3173 
692 551 2743 3380 
693 2673 1335 2674 
694 637 2273 3566 
695 2751 1965 3207 
696 2336 760 2409 
697 2315 2316 2317 
698 2219 2941 3280 
699 2474 2475 3610 
700 2268 1471 3044 
701 1851 2179 2839 
702 2715 2716 2717 
703 1185 1183 2420 
704 1883 2519 2995 
705 2839 2179 3165 
706 582 2966 3313 
707 1068 2698 3194 
708 2534 2532 3036 
709 2672 1335 2673 
710 2753 3558 3566 
711 1841 2412 3702 
712 1425 1424 3040 
713 2246 2868 3101 
714 2743 551 3351 
715 2269 3084 3143 
716 1118 1120 2395 
717 1187 1189 3231 
718 778 2633 3381 
719 1481 2387 2565 
720 2811 1003 3450 
721 2376 3329 3507 
722 2789 1431 3058 
723 2290 2446 3544 
724 31 32 2588 
725 3401 2651 3476 
726 1833 701 2453 
727 1839 1838 2408 
728 2546 2212 3202 
729 1120 1126 2395 
730 2487 614 3365 
731 1112 2569 3493 
732 2376 2395 3329 
733 2106 2912 2913 
734 3465 2846 3622 
735 2579 3319 3560 
736 1008 2367 2373 
737 674 2247 3079 
738 2816 2815 3484 
739 1805 1947 2406 
740 2378 1682 3131 
741 3323 2190 3350 
742 2801 1819 3492 
743 658 2549 2732 
744 1373 2697 2795 
745 1583 1419 2433 
746 2824 552 3758 
747 1945 2719 3301 
748 1938 1835 2451 
749 1419 1462 2433 
750 2477 2476 3610 
751 613 2329 2664 
752 2789 3058 3841 
753 3152 2078 3216 
754 2294 651 2296 
755 2282 2281 2376 
756 2864 2898 3522 
757 2415 1710 3127 
758 1682 2378 2871 
759 1626 1732 2954 
760 2564 2710 3077 
761 2527 2523 2545 
762 2751 2846 3465 
763 1140 2281 2375 
764 2694 2702 2704 
765 677 679 3223 
766 2590 1867 3258 
767 2249 3726 3750 
768 2915 3062 3578 
769 2607 2605 3428 
770 2259 1764 2314 
771 2945 774 2948 
772 2446 2445 3193 
773 2438 2435 2615 
774 1847 2669 3851 
775 2569 1112 3515 
776 3615 2187 3805 
777 3064 2211 3745 
778 2871 2736 3134 
779 1764 1383 2314 
780 3627 1877 3661 
781 2324 623 2326 
782 2190 2291 3350 
783 2711 2713 2714 
784 1732 1628 2476 
785 3726 1860 3750 
786 1152 1163 2469 
787 1399 1138 2416 
788 1016 1019 2460 
789 823 2464 2465 
790 2608 2963 3654 
791 824 823 2465 
792 2476 2474 3610 
793 1838 2406 2407 
794 2329 613 2989 
795 1794 2662 3039 
796 2804 2554 3503 
797 1761 2780 3006 
798 2301 648 3601 
799 1416 3500 3506 
800 2714 772 2720 
801 1488 1851 3439 
802 3067 2012 3437 
803 2417 586 3753 
804 2254 2779 2837 
805 2241 597 3686 
806 1510 1507 2716 
807 2367 1008 2492 
808 1628 1630 2476 
809 3415 3119 3673 
810 2684 734 2961 
811 2435 2434 2615 
812 2005 3143 3188 
813 2187 3190 3805 
814 586 2417 3592 
815 2349 2186 3798 
816 1832 1944 2449 
817 2725 2573 3519 
818 2966 630 3662 
819 1006 1370 2813 
820 2212 2546 3781 
821 1431 2810 3091 
822 3319 2208 3560 
823 2822 2009 3006 
824 1732 2478 2954 
825 1965 2751 3465 
826 2313 1833 2453 
827 3132 1132 3625 
828 2918 2160 2920 
829 823 819 2466 
830 1820 2292 2413 
831 3428 2605 3769 
832 2600 1559 2610 
833 2029 2347 2398 
834 3311 2746 3797 
835 1787 2810 2925 
836 1835 2449 2450 
837 2787 1108 3681 
838 705 708 2585 
839 2669 2670 3851 
840 3058 1431 3091 
841 648 2299 2823 
842 1794 2355 2662 
843 937 2462 3216 
844 2573 2725 3672 
845 3278 1112 3493 
846 2347 1723 2398 
847 1132 3132 3623 
848 531 2617 3325 
849 657 3443 3541 
850 2310 3082 3180 
851 2940 2076 3293 
852 2869 806 3048 
853 1115 1116 2375 
854 3041 2132 3070 
855 2854 3220 3431 
856 2394 1081 2458 
857 1108 2787 3660 
858 2279 658 3354 
859 2454 1432 2483 
860 2689 2690 2704 
861 1025 1081 2394 
862 2530 541 3504 
863 1747 2082 2369 
864 2542 1424 3291 
865 2357 1829 2738 
866 1337 2263 3584 
867 3323 1129 3459 
868 672 3119 3415 
869 3124 2120 3328 
870 1532 676 3079 
871 556 2566 3262 
872 2907 595 3390 
873 2861 2860 3343 
874 2015 1733 2567 
875 1328 1583 2436 
876 631 2391 3388 
877 2030 3394 3412 
878 1078 2772 3008 
879 2672 2666 2971 
880 2572 566 2706 
881 1442 1481 2565 
882 564 89 3505 
883 2469 1163 3103 
884 2291 1091 3350 
885 680 678 2904 
886 1335 2672 2971 
887 2280 19 3568 
888 2224 645 3684 
889 1507 1506 2716 
890 2941 627 3280 
891 2401 553 3371 
892 1552 1710 2415 
893 1682 2871 3134 
894 1815 2354 3012 
895 19 2280 3593 
896 643 2425 2427 
897 2197 2464 3761 
898 1580 1578 2429 
899 1840 1580 2429 
900 2068 1915 3005 
901 2717 1506 2721 
902 597 2241 3714 
903 2521 2543 2545 
904 2265 2757 3448 
905 3177 573 3658 
906 3035 531 3325 
907 2932 3061 3260 
908 2141 2869 3048 
909 2431 2296 3024 
910 3143 660 3188 
911 2814 1493 3141 
912 2295 544 3489 
913 2850 2729 3502 
914 2719 2721 3301 
915 1471 1392 3045 
916 1122 1135 2873 
917 1309 1305 2721 
918 1805 2406 2463 
919 2361 1706 3659 
920 3259 2067 3464 
921 2564 3077 3846 
922 2494 543 3835 
923 2801 2800 3545 
924 3443 2514 3541 
925 3259 3464 3639 
926 1687 2842 2962 
927 2478 2638 2954 
928 1007 1006 2813 
929 71 72 2759 
930 1833 2311 2496 
931 2898 1131 3522 
932 2985 3495 3527 
933 2588 588 3619 
934 553 2401 3783 
935 2418 1154 2419 
936 2567 2566 3865 
937 1998 2335 2654 
938 1795 2430 2431 
939 2940 804 3410 
940 2602 2600 2610 
941 2746 2196 3806 
942 1380 1288 2424 
943 2344 3536 3743 
944 2985 545 3495 
945 1245 2399 3372 
946 2576 2577 2578 
947 2414 1387 2415 
948 1285 1281 2442 
949 1424 1411 3291 
950 3127 1710 3735 
951 2263 1337 3675 
952 1123 1107 2553 
953 1116 1140 2375 
954 1761 3006 3115 
955 2710 776 3077 
956 541 2528 2915 
957 1388 1565 2543 
958 2427 2015 2567 
959 2035 2203 3357 
960 649 2825 3413 
961 2340 2454 2483 
962 3627 3242 3653 
963 2669 1847 2675 
964 788 3429 3435 
965 2437 2439 3498 
966 1878 3518 3526 
967 772 2714 2928 
968 2519 2518 2995 
969 3429 3031 3435 
970 627 2494 3280 
971 1014 2782 3838 
972 573 71 2759 
973 2576 2578 3621 
974 2617 2407 3325 
975 3036 2532 3564 
976 1156 1245 3372 
977 2711 2712 2713 
978 2334 800 3598 
979 3028 2919 3214 
980 2638 2478 3454 
981 2278 1848 2722 
982 1056 1068 3194 
983 2810 1787 3091 
984 2374 533 2987 
985 113 563 2577 
986 1391 2489 3232 
987 2057 2410 2959 
988 2120 2390 3328 
989 967 1610 3045 
990 2849 545 3441 
991 1125 1387 2414 
992 1387 1552 2415 
993 1727 2472 2473 
994 1039 2445 2446 
995 671 2346 3757 
996 3410 804 3462 
997 545 2849 3495 
998 1146 1154 2418 
999 1795 1670 2430 
1000 16 17 2913 
1001 3518 2370 3526 
1002 962 965 2674 
1003 1550 1690 2654 
1004 3151 2087 3827 
1005 1016 2460 2782 
1006 1832 2449 2511 
1007 2925 2613 3089 
1008 652 2408 2617 
1009 2025 2027 2515 
1010 673 670 2247 
1011 2609 1655 3299 
1012 2355 1794 2661 
1013 1036 1039 2584 
1014 1091 2291 3807 
1015 1474 2771 3250 
1016 1727 2473 2474 
1017 2211 2198 3745 
1018 2406 1947 2407 
1019 573 3177 3508 
1020 1906 2141 3356 
1021 2003 2444 3870 
1022 1972 3401 3476 
1023 773 776 2720 
1024 2369 2082 3551 
1025 2333 2334 3538 
1026 2177 2253 2503 
1027 1879 2315 2317 
1028 585 47 2679 
1029 2771 2773 3250 
1030 2397 584 2885 
1031 2494 2493 3280 
1032 2344 2288 3536 
1033 3500 2977 3506 
1034 2767 1068 2774 
1035 2641 564 3505 
1036 2729 2850 2929 
1037 1520 2377 2517 
1038 2115 3051 3306 
1039 1795 2431 2432 
1040 1107 1789 2553 
1041 1522 1523 2498 
1042 1493 2354 3120 
1043 3142 2514 3443 
1044 1578 1885 2429 
1045 706 703 2496 
1046 992 1829 2585 
1047 1854 2650 2733 
1048 1732 2476 2477 
1049 2664 2228 2990 
1050 3003 1391 3232 
1051 2560 578 3289 
1052 772 773 2720 
1053 1511 1510 2712 
1054 953 1388 2543 
1055 601 675 2582 
1056 2132 2133 3727 
1057 2815 2808 3484 
1058 2674 965 3332 
1059 2577 563 2578 
1060 535 2942 2943 
1061 675 2250 2582 
1062 808 2940 3293 
1063 2462 937 2983 
1064 1370 2501 2813 
1065 587 2882 3316 
1066 2260 2259 3702 
1067 1820 2413 2499 
1068 3434 2232 3614 
1069 2739 3196 3794 
1070 1867 2590 2592 
1071 2025 2515 2555 
1072 1297 1293 2748 
1073 151 1024 2393 
1074 2188 2939 3802 
1075 1493 3120 3141 
1076 1288 1287 2424 
1077 3098 2947 3417 
1078 2058 2391 3035 
1079 1528 1792 2548 
1080 614 2487 3433 
1081 3170 2216 3792 
1082 3538 2334 3598 
1083 1851 2839 3439 
1084 2009 2822 2857 
1085 1954 2758 2872 
1086 1293 1101 2748 
1087 536 2310 3576 
1088 2842 1687 3101 
1089 1532 2350 2904 
1090 2553 1789 3394 
1091 2778 2007 3460 
1092 2377 1520 2510 
1093 2683 734 2684 
1094 2747 2748 3346 
1095 1995 2787 3586 
1096 1394 1285 2442 
1097 583 2894 3606 
1098 543 2494 3599 
1099 1885 2428 2429 
1100 2956 2902 3602 
1101 2900 2902 2956 
1102 2449 1944 2450 
1103 2657 2223 3249 
1104 2508 554 3034 
1105 2261 2260 3458 
1106 2483 1432 2485 
1107 2250 677 3223 
1108 2564 2709 2710 
1109 1792 2151 2548 
1110 2645 1014 3838 
1111 2073 2491 3640 
1112 1690 1998 2654 
1113 2261 3458 3751 
1114 2747 3346 3364 
1115 160 602 2346 
1116 2204 2012 3067 
1117 2635 980 2749 
1118 1358 1783 2489 
1119 678 1532 2904 
1120 2883 1574 3404 
1121 3142 2245 3719 
1122 3362 3072 3519 
1123 1070 1078 3008 
1124 1106 1122 2873 
1125 3579 1956 3632 
1126 1657 3142 3719 
1127 1495 2670 3716 
1128 661 2306 3572 
1129 2710 2711 2720 
1130 2263 1245 3584 
1131 725 724 2661 
1132 2423 1287 2553 
1133 3289 2552 3475 
1134 2287 2344 3591 
1135 800 2334 3773 
1136 2082 2393 3551 
1137 3668 2783 3757 
1138 3394 2181 3412 
1139 1597 1999 3204 
1140 2425 643 2639 
1141 1727 1632 2472 
1142 2031 2405 2428 
1143 1230 1228 2510 
1144 665 2783 3668 
1145 2190 3323 3459 
1146 735 734 2683 
1147 2341 2487 3365 
1148 1140 1118 2395 
1149 1787 2925 3089 
1150 1670 1798 2430 
1151 2389 2388 3736 
1152 2939 2938 3251 
1153 703 1833 2496 
1154 577 2618 3389 
1155 1373 2795 3282 
1156 2512 538 2513 
1157 1335 962 2674 
1158 2946 2945 2947 
1159 1019 1025 2460 
1160 1135 2568 2873 
1161 2437 3498 3770 
1162 1047 2689 2703 
1163 2145 2515 2516 
1164 2822 851 2857 
1165 2670 1495 3851 
1166 2712 1510 2713 
1167 766 2900 2956 
1168 1039 1041 2445 
1169 2761 2764 2774 
1170 1150 1152 2469 
1171 724 2355 2661 
1172 620 2651 3401 
1173 1287 2423 2424 
1174 1281 1283 2442 
1175 824 2465 3192 
1176 623 2324 3582 
1177 1723 1380 2424 
1178 1514 1511 2712 
1179 1408 1407 2471 
1180 309 1706 2361 
1181 1960 2261 2461 
1182 2455 558 3017 
1183 3056 2203 3264 
1184 614 3303 3365 
1185 897 895 2656 
1186 2390 1840 2429 
1187 2564 2708 2709 
1188 1085 1095 2836 
1189 2377 2378 2517 
1190 2893 548 3370 
1191 1245 2263 3531 
1192 2264 1784 2519 
1193 1658 2741 2742 
1194 2464 823 2466 
1195 2376 1140 2395 
1196 1706 3222 3659 
1197 1677 1747 2369 
1198 1383 1267 2314 
1199 932 758 2675 
1200 2543 1565 2545 
1201 107 3268 3861 
1202 822 3434 3614 
1203 965 2965 3332 
1204 613 2664 2990 
1205 2099 2196 3414 
1206 2040 2172 2495 
1207 2245 3142 3443 
1208 2318 2316 2319 
1209 2364 2367 2492 
1210 2650 2649 2733 
1211 3378 590 3533 
1212 102 616 3105 
1213 624 2688 3228 
1214 2604 1641 2605 
1215 3024 2296 3612 
1216 2716 1506 2717 
1217 3307 2322 3308 
1218 1885 2031 2428 
1219 2116 3306 3678 
1220 2101 3627 3653 
1221 616 2558 2559 
1222 2248 2493 2494 
1223 1987 1988 2782 
1224 1648 1469 2509 
1225 2669 2668 2670 
1226 1033 1879 3333 
1227 2579 2575 2580 
1228 2819 3580 3605 
1229 2172 3066 3472 
1230 1879 2317 3333 
1231 2354 1815 3120 
1232 2713 1510 2716 
1233 1177 1527 2488 
1234 1407 2548 3263 
1235 2398 1723 2424 
1236 2216 2262 3792 
1237 2560 3289 3858 
1238 679 1332 3223 
1239 2278 3222 3223 
1240 2570 3212 3493 
1241 2346 602 2503 
1242 1520 1230 2510 
1243 2662 2355 3216 
1244 2895 583 3310 
1245 1569 1115 2375 
1246 2468 1150 2469 
1247 1946 2662 3398 
1248 1591 3589 3650 
1249 2598 1559 2600 
1250 2703 2689 2704 
1251 1999 2452 3198 
1252 1183 2418 2420 
1253 2795 3133 3282 
1254 2592 619 2593 
1255 1702 2343 3385 
1256 2262 3680 3792 
1257 1733 1770 2567 
1258 1421 2518 2519 
1259 754 2667 2669 
1260 2310 1743 2636 
1261 1424 2542 3040 
1262 1398 2520 2521 
1263 2164 3028 3214 
1264 2308 2755 3516 
1265 112 113 2577 
1266 1800 974 2635 
1267 1630 1727 2476 
1268 1829 994 2738 
1269 2684 1927 3336 
1270 2698 1068 3739 
1271 2574 618 2575 
1272 2347 2029 3405 
1273 1462 1795 2433 
1274 2408 2407 2617 
1275 2141 3048 3356 
1276 1279 1277 2731 
1277 1698 2580 3312 
1278 2285 2376 3507 
1279 47 48 2679 
1280 1317 1378 2744 
1281 1138 2414 2416 
1282 2485 1432 2488 
1283 550 2608 3298 
1284 2480 1480 2482 
1285 3088 1566 3261 
1286 1287 1123 2553 
1287 1014 1016 2782 
1288 2410 2057 3432 
1289 2160 2918 3028 
1290 2326 623 3376 
1291 2087 3151 3475 
1292 1455 1657 2561 
1293 2026 2555 2556 
1294 2319 1694 3701 
1295 2596 2595 2597 
1296 2554 580 3339 
1297 754 751 2667 
1298 1611 2976 2977 
1299 2519 1883 3813 
1300 994 996 2738 
1301 2097 2410 3382 
1302 2391 2335 3388 
1303 3303 2374 3365 
1304 1784 1421 2519 
1305 1355 1358 2489 
1306 1385 1959 2491 
1307 2912 16 2913 
1308 1999 3198 3204 
1309 2540 542 3059 
1310 1658 2740 2741 
1311 2574 2575 2579 
1312 2248 1914 2493 
1313 2099 3414 3822 
1314 760 2336 3199 
1315 1527 1179 2797 
1316 2539 2533 2542 
1317 2349 158 2405 
1318 1655 1317 2744 
1319 815 813 2648 
1320 2587 2283 3112 
1321 1145 1146 2418 
1322 592 3067 3437 
1323 2962 2844 3094 
1324 1538 1409 1677 
1325 2557 3015 3047 
1326 2718 2717 2719 
1327 2764 2767 2774 
1328 1398 951 2520 
1329 604 2404 3457 
1330 3702 2259 3866 
1331 2667 2668 2669 
1332 2934 2233 3005 
1333 1421 1359 2518 
1334 2979 2923 3302 
1335 2510 1228 2855 
1336 1959 1764 1960 
1337 2621 786 2622 
1338 1652 2057 2959 
1339 17 589 2913 
1340 1841 1677 2369 
1341 1925 3517 3532 
1342 1693 3155 3360 
1343 1926 2470 3379 
1344 2714 2715 2928 
1345 3521 2276 3685 
1346 1538 1677 1841 
1347 758 755 2675 
1348 2875 593 3217 
1349 1770 2566 2567 
1350 2468 2469 2470 
1351 2513 538 2514 
1352 1440 1171 2454 
1353 2450 2812 3473 
1354 1767 2040 2495 
1355 1822 1441 2611 
1356 1243 1831 2571 
1357 1747 2081 2082 
1358 2007 2778 3840 
1359 1282 1279 2731 
1360 1175 1177 2488 
1361 1266 1409 1538 
1362 3308 2322 3786 
1363 2732 537 3631 
1364 1708 1709 1925 
1365 1929 2342 3691 
1366 1370 1372 2501 
1367 3580 1111 3605 
1368 965 963 2497 
1369 542 2540 3648 
1370 2312 2734 3234 
1371 2251 1739 2562 
1372 1441 1345 2611 
1373 537 2732 3678 
1374 2591 619 2592 
1375 1899 1648 2509 
1376 2221 3378 3533 
1377 1545 1437 2463 
1378 1725 1525 2705 
1379 578 105 2551 
1380 2611 1350 3071 
1381 3097 2081 3395 
1382 72 626 2759 
1383 2335 1998 3388 
1384 1143 1144 1145 
1385 2486 2485 2594 
1386 2948 770 3602 
1387 580 63 3339 
1388 2910 1997 3292 
1389 1266 1199 1409 
1390 710 706 2496 
1391 2711 2714 2720 
1392 1549 1550 2654 
1393 2832 2830 2833 
1394 616 103 2558 
1395 1078 1072 2832 
1396 1757 2343 2779 
1397 1959 1960 2461 
1398 2447 665 3668 
1399 2785 3674 3692 
1400 1124 1125 2414 
1401 2745 1297 2748 
1402 1439 1478 2463 
1403 1385 1383 1764 
1404 1881 3289 3475 
1405 3589 2244 3650 
1406 1960 2260 2261 
1407 2515 2027 2516 
1408 1148 1150 2468 
1409 813 1254 2648 
1410 152 151 2393 
1411 787 786 2621 
1412 1187 1185 1189 
1413 1141 1142 1143 
1414 1405 1528 2548 
1415 1960 2259 2260 
1416 2552 615 3547 
1417 901 900 2655 
1418 2692 2697 2700 
1419 2485 2488 2594 
1420 900 2647 2655 
1421 3114 2624 3767 
1422 2736 2737 2997 
1423 713 712 2511 
1424 2124 2663 3754 
1425 2460 1987 2782 
1426 2274 3579 3632 
1427 2552 2087 3475 
1428 1096 3610 3671 
1429 2149 1725 2705 
1430 2656 2932 3260 
1431 1687 2962 3094 
1432 1791 2140 2547 
1433 2704 2702 3752 
1434 2140 1856 2677 
1435 2947 2949 3417 
1436 1437 1439 2463 
1437 2594 2595 2596 
1438 2770 3252 3795 
1439 1120 1121 1124 
1440 1469 1480 2509 
1441 1879 1809 2289 
1442 2354 2866 3012 
1443 2590 563 2591 
1444 2116 3678 3766 
1445 2467 818 2648 
1446 2214 2045 2659 
1447 2931 1763 3377 
1448 1033 1809 1879 
1449 2736 2997 3134 
1450 1552 1576 1708 
1451 1847 932 2675 
1452 1864 1800 2749 
1453 1078 2832 2833 
1454 2622 786 2756 
1455 2625 2622 2756 
1456 1624 1626 2954 
1457 2026 2556 2557 
1458 111 618 2574 
1459 2785 2858 3674 
1460 100 560 2583 
1461 1969 1840 2120 
1462 2527 2545 2546 
1463 2342 1929 3742 
1464 1559 2598 2797 
1465 2681 1445 3393 
1466 1171 1173 2454 
1467 2734 1526 3234 
1468 3061 1704 3260 
1469 1755 2707 3025 
1470 2087 2552 3547 
1471 2746 2745 2747 
1472 937 722 2983 
1473 1385 1764 1959 
1474 2414 2415 2416 
1475 1135 1459 2568 
1476 2923 2979 3791 
1477 1587 1412 2682 
1478 1337 1162 2658 
1479 1118 1119 1120 
1480 1800 2635 2749 
1481 2329 2111 2664 
1482 2619 790 2620 
1483 2620 2621 2623 
1484 2498 2365 3511 
1485 1197 1404 1405 
1486 2531 2533 2539 
1487 2474 2473 2475 
1488 2689 1061 2690 
1489 1485 1669 3331 
1490 1387 1534 1552 
1491 1143 1142 1144 
1492 1154 2468 3247 
1493 1332 3521 3685 
1494 1885 1886 2031 
1495 830 1238 2737 
1496 1163 1196 1197 
1497 2787 3304 3586 
1498 2062 1721 2589 
1499 931 680 2904 
1500 2488 1527 2594 
1501 716 713 2511 
1502 826 824 3192 
1503 1025 2394 2460 
1504 2344 689 3591 
1505 2878 2228 2987 
1506 2211 3064 3322 
1507 301 2372 2379 
1508 728 725 2661 
1509 1301 1303 3019 
1510 2558 578 2560 
1511 1336 1167 2676 
1512 1574 2884 3723 
1513 1145 1144 1146 
1514 990 1455 2561 
1515 1578 1577 1885 
1516 2812 1944 3130 
1517 1011 1012 1020 
1518 1632 1634 2472 
1519 2501 2099 2502 
1520 581 2802 2803 
1521 2149 2705 3860 
1522 1154 1148 2468 
1523 2491 1959 2653 
1524 1559 1191 2610 
1525 2590 2591 2592 
1526 2120 1840 2390 
1527 1655 2744 3299 
1528 900 897 2656 
1529 669 2323 3497 
1530 2230 2374 2987 
1531 1126 1124 1138 
1532 2773 2833 3811 
1533 2593 619 3359 
1534 1113 1020 1114 
1535 1732 2477 2478 
1536 1969 3097 3395 
1537 1428 1425 3810 
1538 2649 1497 2733 
1539 2351 3079 3080 
1540 1535 2812 3130 
1541 1183 1145 2418 
1542 1146 1148 1154 
1543 2082 2392 2393 
1544 2586 2283 2587 
1545 738 735 2683 
1546 1044 1054 1141 
1547 2735 2736 2871 
1548 1179 1181 2797 
1549 1139 1138 1399 
1550 1400 1399 1522 
1551 1141 1054 1142 
1552 744 741 2499 
1553 1125 1137 1387 
1554 2284 2285 2286 
1555 2707 2001 3025 
1556 1025 1026 1081 
1557 1913 2248 2581 
1558 2418 2419 2420 
1559 1850 2841 2842 
1560 98 617 2616 
1561 3449 3073 3487 
1562 1452 1001 3689 
1563 107 108 3268 
1564 2850 81 2929 
1565 2898 2827 3559 
1566 1803 2281 2282 
1567 936 744 2499 
1568 2911 2106 3760 
1569 2026 2557 3047 
1570 2714 2713 2715 
1571 1406 1405 1407 
1572 2551 615 2552 
1573 2390 1040 3328 
1574 1522 1399 1523 
1575 2939 3251 3802 
1576 2670 2668 2671 
1577 1713 1692 2555 
1578 2656 895 2932 
1579 663 3080 3700 
1580 1009 1010 1011 
1581 832 830 2737 
1582 1754 1604 1961 
1583 2467 2648 3126 
1584 689 2344 3743 
1585 782 779 3381 
1586 1116 1117 1118 
1587 533 2374 3303 
1588 1142 1866 3235 
1589 2564 1808 2708 
1590 1935 1301 3019 
1591 1197 1196 1404 
1592 1405 1404 1528 
1593 2728 2727 3281 
1594 1566 3030 3261 
1595 1152 1155 1163 
1596 651 2295 3489 
1597 1524 1522 1604 
1598 1677 1746 1747 
1599 3069 3179 3614 
1600 584 2397 3426 
1601 1115 1114 1116 
1602 750 2665 2666 
1603 2520 953 2543 
1604 1163 1155 1196 
1605 573 2759 3658 
1606 2694 2700 2701 
1607 3421 2794 3478 
1608 2228 2878 2990 
1609 581 59 2802 
1610 1259 1445 2681 
1611 2458 2319 3701 
1612 653 2443 3491 
1613 1186 1185 1187 
1614 1184 1183 1185 
1615 2515 1713 2555 
1616 2889 663 3700 
1617 2283 2282 2284 
1618 3012 2075 3076 
1619 1683 1342 2745 
1620 1182 1145 1183 
1621 2694 2692 2700 
1622 2666 2665 2971 
1623 2890 915 3095 
1624 1478 1805 2463 
1625 2860 606 3430 
1626 1582 1580 1840 
1627 1228 845 2855 
1628 1242 1243 2571 
1629 1026 1028 3241 
1630 1173 1432 2454 
1631 3081 2115 3636 
1632 3291 1410 3318 
1633 601 673 674 
1634 712 1832 2511 
1635 1188 1187 1199 
1636 1683 2745 2746 
1637 1925 1709 2066 
1638 2452 1704 3198 
1639 1850 2842 2868 
1640 96 561 2651 
1641 579 2574 2579 
1642 2813 2502 3375 
1643 2559 2558 2560 
1644 2864 2158 2898 
1645 1658 1418 2740 
1646 1802 1801 1803 
1647 1124 1121 1125 
1648 2406 1545 2463 
1649 1198 1497 2649 
1650 2396 609 3392 
1651 533 2878 2987 
1652 1850 2840 2841 
1653 741 740 2499 
1654 1885 1577 1886 
1655 1704 2452 3260 
1656 2731 2620 3272 
1657 1060 2761 2774 
1658 1792 1948 2150 
1659 2287 2286 2288 
1660 1552 1708 1710 
1661 1558 1408 1577 
1662 1138 1124 2414 
1663 1191 1193 2610 
1664 94 620 2657 
1665 1049 1061 2689 
1666 1372 1642 2501 
1667 1803 2283 2586 
1668 1351 1391 2755 
1669 2568 2107 2569 
1670 1200 1199 1266 
1671 1528 1790 1792 
1672 791 790 2619 
1673 2690 2692 2694 
1674 2478 2477 2479 
1675 1815 3012 3076 
1676 1120 1119 1121 
1677 2026 2025 2555 
1678 1605 1604 1754 
1679 818 815 2648 
1680 3319 1635 3637 
1681 92 562 2663 
1682 3249 2123 3754 
1683 1019 1023 1025 
1684 2358 1105 3667 
1685 1068 2767 3739 
1686 943 941 2866 
1687 1744 2347 3651 
1688 2572 2706 3582 
1689 1407 1405 2548 
1690 2522 2525 2859 
1691 563 114 2591 
1692 1747 1799 2081 
1693 121 122 2847 
1694 999 1001 1452 
1695 2031 1886 2186 
1696 2668 2666 2672 
1697 2123 3249 3603 
1698 2750 625 2751 
1699 2486 2594 2596 
1700 976 980 2635 
1701 2504 1729 2505 
1702 571 2852 2853 
1703 1642 1968 2099 
1704 1857 2309 2636 
1705 2578 563 2590 
1706 2580 1698 3287 
1707 2421 2371 3831 
1708 2761 1073 2762 
1709 1998 2581 3388 
1710 1700 1744 2646 
1711 1744 1723 2347 
1712 1828 1754 1848 
1713 2370 1556 3526 
1714 2763 2770 2775 
1715 1708 1576 1709 
1716 2592 2593 3422 
1717 2647 900 2656 
1718 1743 1681 2636 
1719 1378 1658 2744 
1720 3156 2790 3841 
1721 974 973 2635 
1722 1516 1517 2796 
1723 1270 1272 3088 
1724 2323 669 3786 
1725 2284 2282 2285 
1726 1995 2786 2787 
1727 1398 2521 2522 
1728 2177 2176 2253 
1729 1543 2570 3290 
1730 2508 3034 3683 
1731 933 716 2511 
1732 2362 2364 2492 
1733 1642 2099 2501 
1734 2735 835 2736 
1735 2705 3498 3860 
1736 2941 2219 3777 
1737 1792 1790 1948 
1738 1808 1518 2708 
1739 2785 1108 3660 
1740 1583 2435 2436 
1741 1005 1007 1009 
1742 1041 1044 2445 
1743 1398 2522 2859 
1744 951 949 2520 
1745 2557 2890 3095 
1746 2612 1865 2877 
1747 2151 2150 2152 
1748 1011 1010 1012 
1749 1118 1117 1119 
1750 615 107 3861 
1751 1832 930 1943 
1752 996 999 2738 
1753 1105 2358 3730 
1754 1342 1297 2745 
1755 1925 2066 3517 
1756 2551 2552 3289 
1757 557 2639 3710 
1758 2742 2741 2743 
1759 2686 568 3502 
1760 86 623 2706 
1761 1943 2311 2312 
1762 1995 1772 2786 
1763 1622 1624 2637 
1764 1432 1175 2488 
1765 2397 2145 3662 
1766 809 808 2660 
1767 1731 1569 1801 
1768 588 2926 2927 
1769 2153 2152 2176 
1770 2621 2622 2623 
1771 2222 1788 2730 
1772 3019 1556 3020 
1773 1834 933 1835 
1774 2150 1948 2241 
1775 2276 1848 2278 
1776 3341 3032 3836 
1777 2522 2521 2523 
1778 1960 1764 2259 
1779 1803 1801 2281 
1780 1657 2903 3142 
1781 1407 3263 3814 
1782 1020 1012 2645 
1783 1033 1034 1809 
1784 1459 1719 2568 
1785 1020 2645 2984 
1786 970 969 971 
1787 84 566 2724 
1788 1785 1784 1931 
1789 1475 1441 1681 
1790 1783 1421 1784 
1791 972 971 973 
1792 1260 1257 2805 
1793 750 747 2665 
1794 968 934 969 
1795 2356 632 3656 
1796 1478 1479 1549 
1797 1072 1075 2832 
1798 2259 2314 3866 
1799 2345 1189 3831 
1800 1364 1365 1436 
1801 1863 1800 1864 
1802 2371 1816 3608 
1803 1436 1437 1545 
1804 2292 1821 2293 
1805 2052 1955 2279 
1806 2575 618 2576 
1807 1120 1124 1126 
1808 2761 2762 2764 
1809 1820 935 1821 
1810 2198 2495 3472 
1811 1418 1457 2740 
1812 1741 3069 3230 
1813 1546 1545 1838 
1814 1620 1729 2504 
1815 962 961 963 
1816 2842 2841 2962 
1817 1011 1020 1113 
1818 1289 1366 2678 
1819 960 959 961 
1820 1931 2264 2269 
1821 1517 1586 2796 
1822 1700 1380 1723 
1823 628 2777 2778 
1824 901 2655 3033 
1825 2413 936 2499 
1826 1825 1889 3163 
1827 1291 990 2561 
1828 1358 1359 1421 
1829 1116 1118 1140 
1830 2764 2762 2765 
1831 1552 1534 1576 
1832 2764 2765 2766 
1833 958 936 959 
1834 1719 2094 2107 
1835 2268 1752 2680 
1836 1277 2619 2731 
1837 3166 1606 3187 
1838 2549 1956 2550 
1839 2640 564 2641 
1840 2810 1865 2925 
1841 1844 1766 2198 
1842 1065 1067 2768 
1843 2524 2523 2526 
1844 874 2612 2877 
1845 876 874 2877 
1846 1871 2820 2858 
1847 1681 1822 1857 
1848 1350 1351 2755 
1849 1857 1858 2306 
1850 1551 2333 3538 
1851 948 947 949 
1852 946 945 947 
1853 1344 1345 1441 
1854 2076 2940 3410 
1855 1387 1137 1534 
1856 944 932 945 
1857 1739 1674 2562 
1858 2058 2335 2391 
1859 1165 1336 2658 
1860 978 979 1344 
1861 2690 2691 2692 
1862 976 977 978 
1863 973 975 976 
1864 2784 1871 2785 
1865 2109 2329 2659 
1866 1618 1620 2504 
1867 1009 1007 1010 
1868 1116 1114 1117 
1869 2549 2550 2732 
1870 1871 1778 2820 
1871 1913 1914 2248 
1872 1690 1691 1913 
1873 740 1820 2499 
1874 712 710 930 
1875 1083 1085 2836 
1876 1805 1549 1806 
1877 1844 2212 2886 
1878 1258 1259 2681 
1879 2450 1944 2812 
1880 1866 2704 3752 
1881 1439 1477 1478 
1882 2387 2389 2565 
1883 2176 2152 2447 
1884 2043 2214 2677 
1885 2112 2931 3377 
1886 2623 2622 2624 
1887 2573 3362 3519 
1888 2998 637 3566 
1889 2421 2420 3776 
1890 718 716 933 
1891 2052 2513 2903 
1892 1662 1663 1955 
1893 1798 2294 2430 
1894 1719 2107 2568 
1895 1992 1743 2310 
1896 1036 1038 1039 
1897 1525 1375 2705 
1898 2155 2158 2864 
1899 1550 1689 1690 
1900 2128 2228 2664 
1901 1947 1806 2058 
1902 982 974 1800 
1903 2045 2109 2659 
1904 1560 1561 1662 
1905 724 722 937 
1906 1063 1073 2761 
1907 1197 1405 1406 
1908 1169 1440 2676 
1909 1856 2043 2677 
1910 1193 1641 2610 
1911 1934 1270 3088 
1912 856 906 2844 
1913 3084 660 3143 
1914 1700 1723 1744 
1915 1113 1114 1115 
1916 2273 1869 2752 
1917 106 615 2551 
1918 1916 2069 2070 
1919 2710 2709 2711 
1920 966 967 990 
1921 1455 1470 1560 
1922 990 1392 1455 
1923 1406 1407 1408 
1924 963 964 966 
1925 1361 1363 1364 
1926 1146 1147 1148 
1927 730 728 934 
1928 2354 943 2866 
1929 2070 2069 2071 
1930 1384 1383 1385 
1931 104 578 2558 
1932 2692 2693 2697 
1933 2671 2672 2673 
1934 2298 2297 2352 
1935 1998 1913 2581 
1936 1565 1461 2886 
1937 2130 2131 2132 
1938 1803 2282 2283 
1939 1657 1560 2903 
1940 1865 2612 2925 
1941 944 1849 2899 
1942 1044 1045 1054 
1943 2294 2237 2295 
1944 1030 1032 1033 
1945 120 625 2750 
1946 740 738 935 
1947 571 75 2852 
1948 2639 557 3620 
1949 1257 1255 2805 
1950 1162 1165 2658 
1951 2843 858 2844 
1952 606 145 2754 
1953 836 835 2735 
1954 2373 2367 3403 
1955 2040 2041 2130 
1956 1558 1577 1578 
1957 1012 1014 2645 
1958 746 744 936 
1959 1041 1043 1044 
1960 2035 1839 2203 
1961 790 787 2621 
1962 1679 2033 2867 
1963 2111 2128 2664 
1964 1802 1803 2586 
1965 2373 3509 3532 
1966 1475 1836 2936 
1967 1584 1585 1766 
1968 1658 2742 2744 
1969 1126 1138 1139 
1970 161 160 2346 
1971 2153 2176 2177 
1972 980 978 2936 
1973 955 951 1398 
1974 1367 1389 2776 
1975 1359 1361 2518 
1976 1955 1956 2549 
1977 2505 2506 2507 
1978 1461 1541 1584 
1979 2284 2286 2287 
1980 74 571 2757 
1981 2521 2520 2543 
1982 2221 2404 3378 
1983 1412 1264 2682 
1984 953 954 1388 
1985 1355 1357 1358 
1986 762 758 932 
1987 1345 1347 2611 
1988 1388 1446 1461 
1989 949 950 953 
1990 1139 1399 1400 
1991 579 110 2574 
1992 1584 1844 2886 
1993 1984 2500 2914 
1994 1351 1353 1391 
1995 1400 1522 1524 
1996 3069 2074 3230 
1997 1915 1691 2934 
1998 2522 2523 2524 
1999 1820 1821 2292 
2000 968 969 970 
2001 2873 2569 3466 
2002 2726 2725 2727 
2003 2052 2279 2512 
2004 1660 2352 3453 
2005 1731 1801 1802 
2006 1662 2052 2903 
2007 1478 1477 1479 
2008 1863 1864 2274 
2009 970 971 972 
2010 2821 851 2822 
2011 1117 1114 2984 
2012 622 2724 2725 
2013 960 961 962 
2014 1844 2198 2211 
2015 3542 2201 3586 
2016 2944 774 2945 
2017 1834 1835 1938 
2018 1280 1279 1281 
2019 958 959 960 
2020 1167 1169 2676 
2021 972 973 974 
2022 1874 2854 3543 
2023 1475 1681 1743 
2024 2562 1808 2563 
2025 944 945 946 
2026 1549 1479 1550 
2027 962 963 965 
2028 2099 1968 2196 
2029 1382 1267 1383 
2030 1347 1349 1350 
2031 313 670 673 
2032 712 930 1832 
2033 946 947 948 
2034 601 312 673 
2035 1410 2859 3318 
2036 948 949 951 
2037 1721 1531 2589 
2038 2449 933 2511 
2039 1832 1943 1944 
2040 1278 1277 1279 
2041 1662 1955 2052 
2042 973 976 2635 
2043 1727 2474 2476 
2044 2139 2950 3369 
2045 2612 2613 2925 
2046 718 933 1834 
2047 1681 1857 2636 
2048 2225 1117 2984 
2049 982 1800 1863 
2050 1857 2306 2309 
2051 868 1222 2798 
2052 976 978 980 
2053 1344 1441 1475 
2054 1693 1385 2491 
2055 724 937 2355 
2056 1485 1450 1669 
2057 1455 1560 1657 
2058 2064 1661 3111 
2059 2002 1725 2148 
2060 762 932 944 
2061 1785 1931 2005 
2062 2248 2494 3835 
2063 2040 2130 2172 
2064 730 934 968 
2065 308 309 2361 
2066 1584 1766 1844 
2067 1783 1784 1785 
2068 2312 2311 2313 
2069 740 935 1820 
2070 2619 2620 2731 
2071 2695 3023 3194 
2072 966 990 1291 
2073 2489 1783 3232 
2074 1771 1995 2201 
2075 746 936 958 
2076 1589 3053 3273 
2077 949 953 2520 
2078 1388 1461 1565 
2079 1445 2867 3245 
2080 2828 1086 2829 
2081 1344 1475 2936 
2082 2194 1826 2508 
2083 1582 1840 1969 
2084 1358 1421 1783 
2085 1765 2789 2790 
2086 387 388 2783 
2087 1766 1767 2495 
2088 1997 2910 3539 
2089 617 99 2583 
2090 1025 1023 1026 
2091 1199 1187 3231 
2092 2828 2829 2830 
2093 2278 2722 3659 
2094 1690 1689 1691 
2095 1436 1365 1437 
2096 968 1927 2961 
2097 1410 955 2859 
2098 755 754 2675 
2099 2830 2856 3402 
2100 1853 938 2821 
2101 762 944 2899 
2102 2747 2745 2748 
2103 1913 1691 1914 
2104 1943 930 2311 
2105 1148 1149 1150 
2106 2089 2252 3415 
2107 2032 1748 2235 
2108 2518 1364 2995 
2109 2312 2313 2734 
2110 1150 1151 1152 
2111 2444 2235 3870 
2112 1152 1153 1155 
2113 2793 2028 2986 
2114 1390 1679 2867 
2115 1347 1350 2611 
2116 2708 1514 2709 
2117 1364 1363 1365 
2118 1528 1529 1790 
2119 1970 2792 2809 
2120 2070 2071 2219 
2121 1445 1261 2867 
2122 2107 2094 2570 
2123 2058 1806 2335 
2124 2726 2729 2929 
2125 1679 1491 1748 
2126 77 624 2851 
2127 1760 1899 2739 
2128 1838 1545 2406 
2129 1181 1559 2797 
2130 1691 1689 2934 
2131 628 69 2777 
2132 2533 2535 2542 
2133 2017 1811 2794 
2134 1798 2237 2294 
2135 622 2726 2929 
2136 1143 1145 1182 
2137 1776 1871 2784 
2138 1276 794 1277 
2139 2848 2847 3763 
2140 3053 2103 3273 
2141 2852 2851 2854 
2142 1674 1518 1808 
2143 1375 1285 1394 
2144 1353 1355 2489 
2145 1278 1279 1280 
2146 1258 1257 1259 
2147 1914 1916 2493 
2148 1280 1281 1285 
2149 1546 1838 1839 
2150 2818 2017 2819 
2151 1436 1545 1546 
2152 1674 1808 2562 
2153 1767 2039 2040 
2154 2615 650 3520 
2155 1462 1670 1795 
2156 2119 1802 2586 
2157 2799 580 2804 
2158 1577 1408 2471 
2159 2151 2152 2153 
2160 575 67 2781 
2161 2894 54 2981 
2162 2136 1739 2251 
2163 1834 2462 2983 
2164 2307 2308 3423 
2165 643 2427 3483 
2166 1703 1525 1725 
2167 2368 595 3707 
2168 618 112 2577 
2169 1276 1277 1278 
2170 1256 1255 1257 
2171 2613 2798 2951 
2172 1328 1419 1583 
2173 1931 1784 2264 
2174 1604 1522 2498 
2175 768 769 2928 
2176 2287 2288 2344 
2177 1798 2236 2237 
2178 1361 1364 2518 
2179 2299 2032 2823 
2180 2836 1095 3666 
2181 1034 1036 2584 
2182 1792 2150 2151 
2183 1835 933 2449 
2184 1670 1797 1798 
2185 66 575 2788 
2186 2901 1849 2957 
2187 1703 1725 2002 
2188 1419 1420 1462 
2189 1462 1463 1670 
2190 730 968 2961 
2191 2628 2629 2632 
2192 3179 822 3614 
2193 1307 1311 1556 
2194 106 107 615 
2195 104 105 578 
2196 109 110 579 
2197 1547 1877 1878 
2198 1047 1049 2689 
2199 2219 2071 2220 
2200 2626 2627 2628 
2201 2298 2353 2443 
2202 1765 1602 2789 
2203 1679 1748 2032 
2204 597 2447 3686 
2205 2624 2625 2626 
2206 938 855 2821 
2207 1620 1622 1729 
2208 1375 1394 2705 
2209 2410 1837 2959 
2210 3015 2557 3095 
2211 2531 2532 2533 
2212 3698 1042 3748 
2213 2528 2524 2915 
2214 754 2669 2675 
2215 1677 1409 1746 
2216 1524 1604 1605 
2217 995 993 3009 
2218 561 97 2616 
2219 2709 1514 2712 
2220 860 858 2843 
2221 1366 2933 3574 
2222 102 103 616 
2223 1328 1329 1419 
2224 1358 1357 1359 
2225 1256 1257 1258 
2226 1281 1282 1283 
2227 1681 1441 1822 
2228 2824 2004 2825 
2229 1850 1223 2840 
2230 2730 3011 3789 
2231 1283 1284 1328 
2232 718 1834 2983 
2233 558 2455 3455 
2234 2302 2301 3001 
2235 1546 1883 2995 
2236 311 601 2582 
2237 1390 1491 1679 
2238 1264 1258 2681 
2239 1774 2784 2786 
2240 100 101 560 
2241 2306 1858 2307 
2242 1254 812 1255 
2243 1264 2681 2682 
2244 1391 1353 2489 
2245 1857 1822 1858 
2246 973 971 975 
2247 2580 2575 3312 
2248 2691 1061 3023 
2249 1889 2888 3163 
2250 2906 3682 3690 
2251 1344 979 1345 
2252 3166 3187 3324 
2253 1498 1755 3025 
2254 1771 1772 1995 
2255 1242 1241 1243 
2256 1254 1255 1256 
2257 1478 1549 1805 
2258 969 934 1794 
2259 880 1214 2845 
2260 2843 2844 2962 
2261 159 158 2349 
2262 1939 2814 2815 
2263 978 977 979 
2264 590 142 2861 
2265 2671 2668 2672 
2266 2853 2852 2854 
2267 1969 2120 3097 
2268 976 975 977 
2269 1805 1806 1947 
2270 1005 1009 3450 
2271 1497 1639 1652 
2272 999 1452 2738 
2273 612 2985 3527 
2274 1531 1412 1587 
2275 1259 1261 1445 
2276 2740 2098 2741 
2277 2555 1692 2556 
2278 1240 1239 1241 
2279 59 60 2802 
2280 1436 1546 2995 
2281 2723 2456 3406 
2282 2613 2951 3089 
2283 1652 2000 2057 
2284 620 95 2651 
2285 1350 1349 1351 
2286 1531 1587 2589 
2287 1944 1943 3130 
2288 2005 1931 3143 
2289 858 856 2844 
2290 144 606 2860 
2291 62 580 2799 
2292 2274 1864 2760 
2293 1772 1774 2786 
2294 1605 1754 1828 
2295 1077 1086 2828 
2296 1626 1628 1732 
2297 2830 2829 2856 
2298 2595 1527 2797 
2299 1826 1721 2062 
2300 2279 1955 2549 
2301 1044 1141 2445 
2302 2467 3126 3146 
2303 562 93 2657 
2304 1049 1051 1061 
2305 1468 2451 3734 
2306 1067 1070 3008 
2307 622 2725 2726 
2308 1080 1083 2834 
2309 1826 2062 2508 
2310 835 832 2737 
2311 1821 935 1884 
2312 1630 1632 1727 
2313 2315 1879 3848 
2314 1716 2097 2098 
2315 1156 1158 1245 
2316 1390 1490 1491 
2317 2604 2605 2606 
2318 2542 2535 3040 
2319 1690 1913 1998 
2320 621 91 2663 
2321 2726 2727 2728 
2322 1240 1241 1242 
2323 870 868 2798 
2324 963 961 964 
2325 1828 1848 2276 
2326 1438 1365 3016 
2327 3453 2236 3565 
2328 1955 1663 1956 
2329 111 112 618 
2330 2900 1849 2901 
2331 1365 1363 3016 
2332 1662 1561 1663 
2333 2395 1126 3329 
2334 2377 2047 2378 
2335 751 750 2667 
2336 1261 1262 1390 
2337 1197 1406 3103 
2338 1259 1260 1261 
2339 959 936 2413 
2340 1223 867 2840 
2341 1782 2017 2818 
2342 1248 1250 2838 
2343 1916 2068 2069 
2344 3007 2222 3789 
2345 1238 1239 1240 
2346 1694 1693 3360 
2347 115 619 2591 
2348 941 2865 2866 
2349 98 99 617 
2350 2698 2695 3194 
2351 2351 3080 3863 
2352 1238 829 1239 
2353 1160 1162 1337 
2354 1243 1504 1831 
2355 990 967 1392 
2356 966 964 967 
2357 980 2936 3327 
2358 1560 1470 1561 
2359 2733 1652 2959 
2360 1455 1392 1470 
2361 1469 1232 1480 
2362 1442 1246 1481 
2363 2198 1766 2495 
2364 1271 1269 2874 
2365 1231 1230 1232 
2366 2620 790 2621 
2367 1045 1047 2703 
2368 969 1794 3039 
2369 2756 782 3257 
2370 2075 2845 2960 
2371 1788 1659 2730 
2372 1129 2649 2650 
2373 2437 2435 2438 
2374 1791 1856 2140 
2375 1939 1675 2814 
2376 2109 2111 2329 
2377 2132 2131 2133 
2378 2690 1061 2691 
2379 916 915 3189 
2380 2043 2045 2214 
2381 1733 1636 1770 
2382 2289 1809 2290 
2383 766 2899 2900 
2384 769 772 2928 
2385 794 791 2619 
2386 1229 1228 1230 
2387 2439 2438 2440 
2388 2942 2049 2943 
2389 1081 2318 3780 
2390 2526 2523 2527 
2391 2098 2097 2396 
2392 1165 1167 1336 
2393 2501 2502 2813 
2394 2130 2041 2131 
2395 3130 2312 3234 
2396 1936 1320 3086 
2397 1634 1737 1771 
2398 3178 802 3237 
2399 1853 2821 2822 
2400 1765 2791 2792 
2401 2472 2201 2473 
2402 1056 1058 1068 
2403 887 1873 2865 
2404 665 2447 3704 
2405 1935 3019 3020 
2406 2158 2159 2827 
2407 949 947 950 
2408 3087 3391 3740 
2409 1490 1757 2779 
2410 1518 1515 2708 
2411 566 85 2706 
2412 1009 1011 3276 
2413 2046 2047 2377 
2414 2425 2015 2427 
2415 945 932 1847 
2416 1128 1198 2649 
2417 2751 625 2846 
2418 2695 2691 3023 
2419 2046 839 2047 
2420 2750 2751 3207 
2421 778 775 2944 
2422 1766 1585 1767 
2423 2768 1067 3008 
2424 2128 2227 2228 
2425 2512 2279 3354 
2426 1584 1541 1585 
2427 2032 2235 2823 
2428 2165 2182 2826 
2429 2278 3223 3685 
2430 770 767 2956 
2431 654 2530 3504 
2432 2918 2919 3028 
2433 1182 1183 1184 
2434 1198 1496 1497 
2435 2570 1543 3212 
2436 1184 1185 1186 
2437 622 83 2724 
2438 1388 954 1446 
2439 2230 2339 2374 
2440 1461 1446 1541 
2441 953 950 954 
2442 1229 1230 1231 
2443 2040 2039 2041 
2444 300 301 2379 
2445 1289 940 1366 
2446 1231 1232 1469 
2447 1243 1503 1504 
2448 1780 2818 2820 
2449 1169 1171 1440 
2450 594 2896 2897 
2451 581 2803 3243 
2452 1333 1324 3107 
2453 1457 1716 2740 
2454 2763 2769 2770 
2455 1250 1330 2838 
2456 939 938 940 
2457 1111 2858 3605 
2458 1895 2935 3052 
2459 2667 2666 2668 
2460 96 97 561 
2461 2917 2918 2920 
2462 800 797 2806 
2463 624 3228 3543 
2464 646 3032 3341 
2465 1227 1228 1229 
2466 153 152 2392 
2467 1251 1249 2876 
2468 633 2799 2800 
2469 1801 1569 2375 
2470 1757 2092 2343 
2471 882 880 2845 
2472 1760 1648 1899 
2473 1227 845 1228 
2474 568 80 2850 
2475 1914 1915 1916 
2476 786 783 2756 
2477 1060 1063 2761 
2478 2858 2820 3605 
2479 808 805 2940 
2480 94 95 620 
2481 2117 1760 2739 
2482 2220 2350 2351 
2483 1778 1780 2820 
2484 1906 1907 2141 
2485 1634 1771 2472 
2486 561 2616 3817 
2487 1173 1175 1432 
2488 2341 2484 2487 
2489 2660 808 3293 
2490 1330 1906 2838 
2491 113 114 563 
2492 92 93 562 
2493 2028 1705 2986 
2494 682 931 3129 
2495 1755 2014 2707 
2496 975 971 3039 
2497 959 2413 3057 
2498 1652 1639 2000 
2499 1406 1557 3103 
2500 1109 1128 1129 
2501 3044 1471 3045 
2502 812 809 2660 
2503 1869 1696 2752 
2504 2434 2432 2614 
2505 1616 1618 3471 
2506 2446 1793 3544 
2507 1303 1307 3019 
2508 1186 1187 1188 
2509 1275 1488 1566 
2510 2694 2701 2702 
2511 939 940 1289 
2512 90 91 621 
2513 1939 2816 2817 
2514 2442 2436 3770 
2515 2220 2351 2448 
2516 1063 1065 1073 
2517 775 774 2944 
2518 2743 2741 3380 
2519 569 119 2750 
2520 2919 2922 3214 
2521 1515 1514 2708 
2522 767 766 2956 
2523 2634 2946 3337 
2524 2404 604 3775 
2525 146 672 2754 
2526 1710 1708 3509 
2527 2505 1729 2506 
2528 2899 1849 2900 
2529 1706 310 2582 
2530 1659 1492 1695 
2531 2359 2360 2652 
2532 3375 2502 3452 
2533 1537 1518 1674 
2534 1367 1225 1389 
2535 88 89 564 
2536 2525 2524 2528 
2537 2293 3044 3045 
2538 1878 1877 2101 
2539 952 951 955 
2540 76 2851 2852 
2541 1286 1285 1375 
2542 2294 2296 2430 
2543 2773 3195 3250 
2544 906 938 939 
2545 1774 1776 2784 
2546 3823 2517 3853 
2547 2295 2237 2297 
2548 1659 1695 2730 
2549 594 50 2896 
2550 906 855 938 
2551 626 2758 2759 
2552 795 794 1276 
2553 1738 1674 1739 
2554 1837 1854 2959 
2555 1177 1179 1527 
2556 1224 1223 1225 
2557 2327 3639 3824 
2558 1813 2022 2794 
2559 1188 1199 1200 
2560 115 116 619 
2561 2147 1700 2646 
2562 2288 3187 3427 
2563 2075 2960 3076 
2564 1142 1054 1866 
2565 1340 1271 2874 
2566 2135 1739 2136 
2567 889 887 2865 
2568 1236 1234 2879 
2569 1601 1342 1683 
2570 1497 1652 2733 
2571 1946 975 3039 
2572 1497 1496 1639 
2573 1916 2070 2493 
2574 86 87 623 
2575 1127 3421 3478 
2576 1263 1258 1264 
2577 2192 1788 2222 
2578 373 374 2878 
2579 2752 1726 2753 
2580 105 106 2551 
2581 2033 2032 2299 
2582 1596 1380 1700 
2583 1376 1375 1525 
2584 626 73 2757 
2585 1599 1485 1660 
2586 3030 2136 3031 
2587 1765 2790 2791 
2588 2003 2002 2004 
2589 956 955 1410 
2590 1451 1450 1485 
2591 805 804 2940 
2592 1266 1538 2314 
2593 879 876 2877 
2594 3191 1239 3192 
2595 1702 1525 1703 
2596 103 104 2558 
2597 2919 2921 2922 
2598 903 901 3033 
2599 84 85 566 
2600 2419 3247 3342 
2601 759 758 762 
2602 2529 2528 2530 
2603 999 1000 1001 
2604 2917 600 2918 
2605 2524 2526 2915 
2606 2624 2622 2625 
2607 1246 1242 2571 
2608 1867 2592 3422 
2609 1854 2733 2959 
2610 1267 1266 2314 
2611 1075 2828 2832 
2612 813 812 1254 
2613 1129 1128 2649 
2614 2692 2691 2693 
2615 1550 1688 1689 
2616 1411 1410 3291 
2617 1716 2098 2740 
2618 82 83 622 
2619 945 1847 3065 
2620 981 974 982 
2621 1265 1264 1412 
2622 3600 2760 3809 
2623 2148 1725 2149 
2624 1776 1778 1871 
2625 1281 1279 1282 
2626 2185 1984 2914 
2627 1811 1813 2794 
2628 2333 1551 3871 
2629 1224 1225 1367 
2630 1053 1056 3194 
2631 1222 867 1223 
2632 2568 2569 2873 
2633 2563 1808 2564 
2634 52 583 2895 
2635 2882 2881 2883 
2636 745 744 746 
2637 99 100 2583 
2638 1613 1251 2876 
2639 1696 1536 1726 
2640 2300 2299 2301 
2641 1413 1412 1531 
2642 2538 2536 2540 
2643 964 961 3057 
2644 1244 1242 1246 
2645 1798 1797 2236 
2646 2363 707 2652 
2647 1462 1420 1463 
2648 1222 1223 1224 
2649 1566 1488 3439 
2650 1575 2993 3160 
2651 1836 1743 1992 
2652 1670 1463 1797 
2653 845 842 2855 
2654 70 573 2777 
2655 1402 1217 1431 
2656 1330 1667 1906 
2657 79 80 568 
2658 2417 638 3592 
2659 2865 1873 2866 
2660 1720 1531 1721 
2661 2637 1624 2954 
2662 2182 2183 2358 
2663 2840 863 2841 
2664 2885 2079 2996 
2665 963 966 2497 
2666 839 836 2735 
2667 2800 2799 2804 
2668 1970 1751 2792 
2669 1419 1329 1420 
2670 1070 1072 1078 
2671 1796 1721 1826 
2672 118 119 569 
2673 68 628 2781 
2674 110 111 2574 
2675 739 738 740 
2676 1696 1726 2752 
2677 1216 1215 1217 
2678 2762 1073 2763 
2679 2628 2627 2629 
2680 2737 1238 2997 
2681 1181 1191 1559 
2682 2736 835 2737 
2683 2271 1869 2273 
2684 2880 639 2881 
2685 146 147 672 
2686 830 829 1238 
2687 77 78 624 
2688 2409 694 3837 
2689 2445 1141 3193 
2690 2626 2625 2627 
2691 2158 2827 2898 
2692 2148 2149 3370 
2693 625 121 2847 
2694 1509 1507 1510 
2695 1929 1340 2874 
2696 2612 873 2613 
2697 1221 1219 2887 
2698 1602 1402 2789 
2699 1748 1491 2254 
2700 1001 1002 1003 
2701 1993 1992 2113 
2702 851 848 2857 
2703 1439 1476 1477 
2704 633 2800 2801 
2705 2444 2004 2824 
2706 1827 1826 2194 
2707 1277 794 2619 
2708 1328 1284 1329 
2709 2114 2113 2115 
2710 783 782 2756 
2711 629 65 2788 
2712 2392 152 2393 
2713 2880 2881 2882 
2714 729 728 730 
2715 76 77 2851 
2716 1513 1511 1514 
2717 1247 1246 1442 
2718 1534 1137 3154 
2719 3676 561 3817 
2720 1125 1136 1137 
2721 2022 2862 2863 
2722 1607 1236 2879 
2723 2935 929 3052 
2724 1517 1515 1518 
2725 1434 1309 1506 
2726 2993 2088 3160 
2727 1747 1746 1799 
2728 2006 2005 2049 
2729 74 75 571 
2730 1283 1282 1284 
2731 1780 1782 2818 
2732 1044 1043 1045 
2733 1443 1442 1636 
2734 97 98 2616 
2735 2947 2948 2949 
2736 723 722 724 
2737 1939 2815 2816 
2738 2785 1871 2858 
2739 1637 1636 1733 
2740 2162 2165 2826 
2741 1699 2232 2233 
2742 1430 1340 1929 
2743 785 783 786 
2744 1255 2660 2805 
2745 1402 1431 2789 
2746 793 791 794 
2747 789 787 790 
2748 665 387 2783 
2749 144 145 606 
2750 1146 1144 1147 
2751 1039 1038 1041 
2752 120 121 625 
2753 840 839 2046 
2754 1259 1257 1260 
2755 1214 879 1215 
2756 143 2860 2861 
2757 2928 2715 3830 
2758 1751 1602 1765 
2759 777 775 778 
2760 571 2853 3448 
2761 1003 1004 1005 
2762 1102 995 3009 
2763 1216 1217 1402 
2764 1193 1195 1641 
2765 717 716 718 
2766 955 1398 2859 
2767 1806 1549 2654 
2768 781 779 782 
2769 43 593 2875 
2770 1492 1289 2678 
2771 811 809 812 
2772 1647 1469 1648 
2773 2765 2762 2775 
2774 72 73 626 
2775 1734 1733 2015 
2776 2220 2071 2350 
2777 2048 1613 2876 
2778 1466 943 1493 
2779 803 801 804 
2780 1075 1077 2828 
2781 799 797 800 
2782 1610 964 3057 
2783 950 947 3065 
2784 773 771 774 
2785 769 767 770 
2786 2049 2005 3188 
2787 1214 1215 1216 
2788 1437 1438 1439 
2789 410 2943 3629 
2790 807 805 808 
2791 1449 1429 1450 
2792 633 61 2799 
2793 855 852 2821 
2794 2016 2015 2425 
2795 2764 2766 2767 
2796 3466 2569 3515 
2797 2807 1970 2809 
2798 2165 2167 2182 
2799 765 763 766 
2800 846 845 1227 
2801 1751 1765 2792 
2802 1782 1811 2017 
2803 743 741 744 
2804 1341 1600 3175 
2805 1427 1425 1428 
2806 915 2890 3189 
2807 893 924 2932 
2808 70 71 573 
2809 2762 2763 2775 
2810 942 941 943 
2811 95 96 2651 
2812 817 815 818 
2813 2133 2245 3443 
2814 2834 1083 2836 
2815 757 755 758 
2816 1759 1648 1760 
2817 2828 2830 2832 
2818 1790 1791 2547 
2819 1390 1262 1490 
2820 821 819 823 
2821 2650 1854 3181 
2822 1845 1613 2048 
2823 1754 1961 3664 
2824 130 600 2917 
2825 737 735 738 
2826 1213 1211 2905 
2827 2426 2425 2639 
2828 1423 1411 1424 
2829 68 69 628 
2830 1771 1737 1772 
2831 1873 886 2075 
2832 957 3033 3074 
2833 1555 1221 2887 
2834 93 94 2657 
2835 1005 1006 1007 
2836 41 639 2880 
2837 2079 1653 2996 
2838 2102 1908 2817 
2839 2947 2945 2948 
2840 1077 1080 1086 
2841 753 751 754 
2842 2023 1607 2879 
2843 1068 1058 2774 
2844 711 710 712 
2845 1261 1390 2867 
2846 1842 1760 2117 
2847 1379 1288 1380 
2848 1435 1289 1492 
2849 66 67 575 
2850 1813 2019 2022 
2851 1889 1957 3338 
2852 91 92 2663 
2853 1134 1123 1287 
2854 114 115 2591 
2855 1255 812 2660 
2856 828 826 829 
2857 1033 1032 1034 
2858 930 710 2496 
2859 1261 1260 1262 
2860 733 731 734 
2861 1012 1013 1014 
2862 1243 1241 1503 
2863 2400 2304 2401 
2864 2790 2789 3841 
2865 1536 1367 2776 
2866 940 1853 2780 
2867 766 763 2899 
2868 1961 1604 2498 
2869 2159 2162 2827 
2870 2022 2863 3478 
2871 2118 2117 2455 
2872 1883 1839 2035 
2873 1644 1492 1659 
2874 1481 1246 2571 
2875 834 832 835 
2876 2298 2352 2353 
2877 2920 2156 3854 
2878 749 747 750 
2879 2199 1942 3643 
2880 123 124 576 
2881 727 725 728 
2882 1675 1466 2814 
2883 64 65 629 
2884 1699 2233 2934 
2885 1315 1317 1655 
2886 856 855 906 
2887 1466 1493 2814 
2888 1908 1675 1939 
2889 838 836 839 
2890 143 144 2860 
2891 1609 1607 2023 
2892 867 864 2840 
2893 2984 2645 3645 
2894 942 943 1466 
2895 863 860 2843 
2896 2182 2167 2183 
2897 1744 3651 3722 
2898 1758 1659 1788 
2899 1361 1362 1363 
2900 2569 2107 3493 
2901 2420 2419 3776 
2902 2769 2768 3008 
2903 85 86 2706 
2904 2047 2735 2871 
2905 1107 1102 1789 
2906 924 892 941 
2907 1823 1752 2268 
2908 2383 2195 2384 
2909 1461 1584 2886 
2910 141 142 590 
2911 2930 3128 3630 
2912 62 63 580 
2913 1504 1503 1817 
2914 2356 1930 2618 
2915 83 84 2724 
2916 721 719 722 
2917 1804 1802 2119 
2918 2080 1555 2887 
2919 1232 1230 1520 
2920 844 842 845 
2921 583 53 2894 
2922 1908 1939 2817 
2923 2387 2385 2388 
2924 1568 1115 1569 
2925 2921 664 2922 
2926 1593 1213 2905 
2927 1868 1597 1930 
2928 1846 1788 2192 
2929 1716 1837 2097 
2930 873 870 2798 
2931 2222 3007 3607 
2932 60 61 633 
2933 132 664 2921 
2934 1495 950 3065 
2935 852 851 2821 
2936 1403 1367 1536 
2937 2222 2730 3789 
2938 1500 988 1502 
2939 1366 940 2780 
2940 2663 562 3754 
2941 80 81 2850 
2942 1272 1275 3088 
2943 58 59 581 
2944 1225 1850 2868 
2945 1276 1882 2806 
2946 2047 839 2735 
2947 924 941 942 
2948 868 867 1222 
2949 1217 1865 2810 
2950 603 527 2937 
2951 2916 2917 2920 
2952 2193 2192 2642 
2953 2696 2699 3133 
2954 2021 2155 2864 
2955 940 938 1853 
2956 1560 1662 2903 
2957 987 957 988 
2958 2155 2157 2158 
2959 2034 1555 2080 
2960 51 2895 2896 
2961 2073 1534 3154 
2962 1651 1536 1696 
2963 2593 1843 3642 
2964 1378 1418 1658 
2965 2770 2769 2771 
2966 1502 1533 1597 
2967 1695 1492 2678 
2968 1359 1360 1361 
2969 850 848 851 
2970 2847 122 3763 
2971 1085 1089 1095 
2972 1099 1105 1109 
2973 2883 2881 2884 
2974 2141 1907 2342 
2975 864 863 2840 
2976 2437 2438 2439 
2977 2969 2581 3835 
2978 854 852 855 
2979 55 56 592 
2980 348 349 599 
2981 527 528 2937 
2982 131 132 2921 
2983 715 713 716 
2984 2141 2342 2869 
2985 1148 1147 1149 
2986 125 126 638 
2987 2168 2171 2891 
2988 587 2880 2882 
2989 75 76 2852 
2990 2557 2556 2890 
2991 1901 1654 3013 
2992 2697 2693 2795 
2993 1786 1696 1869 
2994 2162 2826 2827 
2995 119 120 2750 
2996 1528 1404 1529 
2997 886 882 2845 
2998 1771 2201 2472 
2999 145 146 2754 
3000 73 74 2757 
3001 2439 2440 2893 
3002 1114 1020 2984 
3003 645 35 2907 
3004 874 873 2612 
3005 1948 1790 2547 
3006 351 352 574 
3007 750 2666 2667 
3008 1986 1593 2905 
3009 1143 1182 3193 
3010 1730 1569 1731 
3011 1726 1536 2776 
3012 2436 2435 2437 
3013 1225 1223 1850 
3014 892 889 2865 
3015 2028 2793 3407 
3016 346 347 666 
3017 2829 1086 2831 
3018 2046 2510 2855 
3019 2772 2769 3008 
3020 52 53 583 
3021 1431 1217 2810 
3022 667 13 2909 
3023 1870 1869 2271 
3024 1227 2009 2857 
3025 586 128 2916 
3026 1414 1402 1602 
3027 709 706 710 
3028 2293 1821 3597 
3029 862 860 863 
3030 1502 1597 1868 
3031 1868 1930 2356 
3032 1595 1593 1986 
3033 2027 1705 2028 
3034 925 907 957 
3035 1217 1215 1865 
3036 734 731 2961 
3037 978 1344 2936 
3038 1150 1149 1151 
3039 2082 2081 3535 
3040 1959 2461 2653 
3041 1906 1667 1907 
3042 1816 2421 3776 
3043 34 645 2926 
3044 880 879 1214 
3045 69 70 2777 
3046 1493 943 2354 
3047 3717 1339 3752 
3048 51 52 2895 
3049 2594 1527 2595 
3050 1152 1151 1153 
3051 1200 1266 1267 
3052 1389 1225 2868 
3053 1579 1578 1580 
3054 1351 1352 1353 
3055 987 988 1500 
3056 67 68 2781 
3057 1155 1153 1156 
3058 1666 1602 1751 
3059 866 864 867 
3060 3022 2481 3620 
3061 49 50 594 
3062 65 66 2788 
3063 2440 3049 3050 
3064 1567 1692 1713 
3065 1654 2010 3013 
3066 1109 1110 1128 
3067 2024 1713 2145 
3068 2434 2614 2615 
3069 3172 761 3536 
3070 593 44 2930 
3071 1128 1130 1198 
3072 2539 3291 3318 
3073 1703 2003 2837 
3074 1355 1356 1357 
3075 2841 863 2843 
3076 1457 1715 1716 
3077 872 870 873 
3078 1014 1015 1016 
3079 2613 873 2798 
3080 639 42 2875 
3081 1539 1327 1567 
3082 895 893 2932 
3083 925 957 987 
3084 2918 600 2919 
3085 1814 1751 1970 
3086 1256 1258 1263 
3087 1502 1868 2986 
3088 1353 1354 1355 
3089 386 387 665 
3090 1345 1346 1347 
3091 3033 2655 3074 
3092 3547 615 3861 
3093 887 886 1873 
3094 934 728 2661 
3095 142 143 2861 
3096 1502 988 1533 
3097 1276 1278 1882 
3098 127 128 586 
3099 46 47 585 
3100 15 16 2912 
3101 985 984 1327 
3102 2022 2019 2862 
3103 61 62 2799 
3104 60 633 2802 
3105 703 701 1833 
3106 2378 2047 2871 
3107 2587 1343 3618 
3108 2145 1713 2515 
3109 2162 2163 2165 
3110 1240 1242 1244 
3111 1597 1533 1999 
3112 384 385 597 
3113 587 40 2880 
3114 2391 631 3779 
3115 2075 886 2845 
3116 1971 1970 2807 
3117 941 892 2865 
3118 1868 2793 2986 
3119 1719 1735 2094 
3120 2886 2212 3781 
3121 2798 1222 2951 
3122 674 673 2247 
3123 1467 1466 1675 
3124 638 2417 3479 
3125 1679 2032 2033 
3126 2283 2284 3112 
3127 2967 604 2968 
3128 1280 1285 1286 
3129 348 599 2870 
3130 2046 2377 2510 
3131 996 998 999 
3132 43 44 593 
3133 878 876 879 
3134 1795 2432 2433 
3135 1567 1327 1692 
3136 2862 2021 2864 
3137 722 719 2983 
3138 666 347 2870 
3139 601 674 675 
3140 1227 1229 2009 
3141 2487 2484 2849 
3142 1198 1201 1496 
3143 1347 1348 1349 
3144 2618 577 3330 
3145 2909 598 2910 
3146 2916 129 2917 
3147 1703 2002 2003 
3148 347 348 2870 
3149 2010 1653 2079 
3150 41 42 639 
3151 2874 3178 3237 
3152 884 882 886 
3153 1093 1098 1099 
3154 1676 1675 1908 
3155 53 54 2894 
3156 935 738 2683 
3157 390 663 2889 
3158 3415 2252 3839 
3159 893 892 924 
3160 1845 2048 2083 
3161 2802 2801 2803 
3162 2585 2332 3499 
3163 2159 2161 2162 
3164 353 354 609 
3165 1909 1908 2102 
3166 595 37 2950 
3167 1790 1529 1791 
3168 1231 1469 1647 
3169 2922 2923 2924 
3170 39 40 587 
3171 891 889 892 
3172 2165 2166 2167 
3173 1382 1383 1384 
3174 36 595 2907 
3175 389 390 2889 
3176 3488 1922 3555 
3177 1789 1102 3009 
3178 2546 2545 3781 
3179 1058 1060 2774 
3180 50 51 2896 
3181 1567 1713 2024 
3182 926 920 984 
3183 795 1276 2806 
3184 2024 2145 2397 
3185 1366 2780 2933 
3186 985 1327 1539 
3187 2317 2318 3241 
3188 1884 2683 2684 
3189 1263 1264 1265 
3190 840 2046 2855 
3191 939 1289 1435 
3192 846 1227 2857 
3193 1825 1888 1889 
3194 82 622 2929 
3195 14 598 2909 
3196 2744 2742 3299 
3197 1244 1246 1247 
3198 594 2422 3782 
3199 1016 1018 1019 
3200 992 994 1829 
3201 1537 1674 1738 
3202 2019 2021 2862 
3203 1265 1412 1413 
3204 1746 1409 3231 
3205 944 946 1849 
3206 1876 2848 3436 
3207 574 352 2892 
3208 2188 1905 2215 
3209 2900 2901 2902 
3210 128 129 2916 
3211 36 37 595 
3212 2113 1992 3180 
3213 612 3527 3611 
3214 129 130 2917 
3215 588 33 2926 
3216 394 627 2941 
3217 2522 2524 2525 
3218 2538 2540 2541 
3219 926 984 985 
3220 948 951 952 
3221 2135 2136 3030 
3222 1738 1739 2135 
3223 2000 2001 2175 
3224 1073 1065 2768 
3225 1853 2822 3006 
3226 828 829 830 
3227 811 812 813 
3228 2133 2134 2245 
3229 817 818 819 
3230 834 835 836 
3231 381 382 547 
3232 2844 906 3094 
3233 582 3313 3407 
3234 390 391 663 
3235 528 529 662 
3236 1413 1531 1720 
3237 821 823 824 
3238 352 353 2892 
3239 1642 1643 1968 
3240 42 43 2875 
3241 1247 1442 1443 
3242 2922 664 2923 
3243 1720 1721 1796 
3244 1501 1500 1705 
3245 1224 1367 1403 
3246 2010 2079 2231 
3247 12 13 667 
3248 14 15 598 
3249 34 35 645 
3250 1286 1375 1376 
3251 807 808 809 
3252 44 45 2930 
3253 1647 1648 1759 
3254 799 800 801 
3255 1517 1518 1537 
3256 392 393 591 
3257 1443 1636 1637 
3258 2447 597 3704 
3259 526 527 603 
3260 607 27 2978 
3261 838 839 840 
3262 1705 1500 2986 
3263 528 662 2937 
3264 2790 3156 3724 
3265 40 41 2880 
3266 2968 604 3457 
3267 2033 2299 2300 
3268 899 897 900 
3269 1637 1733 1734 
3270 1796 1826 1827 
3271 1376 1525 1702 
3272 803 804 805 
3273 1557 1408 1558 
3274 1581 1580 1582 
3275 1567 2024 2996 
3276 1513 1514 1515 
3277 2845 1214 2960 
3278 1844 2211 2212 
3279 1916 1915 2068 
3280 1895 1897 2935 
3281 599 349 3396 
3282 844 845 846 
3283 1435 1492 1644 
3284 793 794 795 
3285 908 907 925 
3286 1644 1659 1758 
3287 1702 1703 2837 
3288 32 33 588 
3289 2688 624 3590 
3290 2973 596 2974 
3291 699 697 760 
3292 1509 1510 1511 
3293 850 851 852 
3294 1767 2038 2039 
3295 1755 1756 2014 
3296 747 746 2665 
3297 1759 1760 1842 
3298 2025 1705 2027 
3299 2760 1864 3809 
3300 2076 3206 3293 
3301 2910 598 2911 
3302 854 855 856 
3303 2300 2301 2302 
3304 2003 2004 2444 
3305 2158 2157 2159 
3306 1734 2015 2016 
3307 789 790 791 
3308 1019 1021 1023 
3309 2930 45 3128 
3310 2719 2717 2721 
3311 37 38 2950 
3312 785 786 787 
3313 2975 2974 2976 
3314 1216 1402 1414 
3315 1661 1985 3111 
3316 1842 2117 2118 
3317 960 962 1335 
3318 1827 2194 2195 
3319 1914 1691 1915 
3320 746 958 2665 
3321 2458 1081 3780 
3322 35 36 2907 
3323 1364 1436 2995 
3324 862 863 864 
3325 81 82 2929 
3326 13 14 2909 
3327 781 782 783 
3328 2866 1873 3012 
3329 1758 1788 1846 
3330 1889 1888 1957 
3331 2016 2425 2426 
3332 905 903 907 
3333 33 34 2926 
3334 1403 1536 1651 
3335 2436 2437 3770 
3336 777 778 779 
3337 2631 2634 3337 
3338 2400 2401 2402 
3339 1434 1506 1507 
3340 1651 1696 1786 
3341 2036 1763 2931 
3342 2024 2885 2996 
3343 27 28 2978 
3344 829 826 3192 
3345 598 15 2912 
3346 907 903 3033 
3347 866 867 868 
3348 2052 2512 2513 
3349 29 596 2973 
3350 2973 2974 2975 
3351 2118 2455 2456 
3352 2416 2415 3127 
3353 966 1291 2497 
3354 2387 2388 2389 
3355 394 395 627 
3356 599 3315 3467 
3357 2264 2519 3813 
3358 3206 2805 3293 
3359 578 2551 3289 
3360 2073 3154 3155 
3361 523 524 584 
3362 2841 2843 2962 
3363 1846 2192 2193 
3364 3596 1059 3671 
3365 1451 1485 1599 
3366 1307 1556 3019 
3367 2383 2384 2385 
3368 942 1466 1467 
3369 2168 2170 2171 
3370 3079 2247 3080 
3371 46 585 3128 
3372 2465 3191 3192 
3373 872 873 874 
3374 668 137 2967 
3375 1999 2056 2452 
3376 1494 1554 2992 
3377 355 356 551 
3378 1934 3088 3261 
3379 130 131 600 
3380 138 139 604 
3381 968 970 1927 
3382 2570 2094 3290 
3383 1414 1602 1666 
3384 1786 1869 1870 
3385 2193 2642 2643 
3386 1384 1385 1693 
3387 982 1863 2680 
3388 921 920 926 
3389 918 916 920 
3390 600 131 2921 
3391 914 912 915 
3392 521 522 630 
3393 138 604 2967 
3394 773 774 775 
3395 1666 1751 1814 
3396 878 879 880 
3397 29 30 596 
3398 1893 1895 3052 
3399 28 29 2973 
3400 972 974 981 
3401 1224 1403 2951 
3402 136 668 2979 
3403 952 955 956 
3404 1086 1080 2834 
3405 769 770 771 
3406 1372 1544 1642 
3407 884 886 887 
3408 2030 2423 3394 
3409 1449 1450 1451 
3410 1459 1718 1719 
3411 135 136 2979 
3412 1905 1901 3013 
3413 2448 591 3777 
3414 1870 2271 2272 
3415 1500 1502 2986 
3416 2910 2911 3539 
3417 17 18 589 
3418 519 520 582 
3419 1498 1664 1755 
3420 1752 982 2680 
3421 591 2448 3569 
3422 759 762 763 
3423 357 358 610 
3424 521 630 2966 
3425 1886 1577 2471 
3426 1540 1539 1653 
3427 1672 1825 3163 
3428 2525 2528 2529 
3429 137 138 2967 
3430 1427 1428 1429 
3431 132 133 664 
3432 136 137 668 
3433 2545 1565 3781 
3434 1814 1970 1971 
3435 353 609 2892 
3436 956 1410 1411 
3437 2215 3013 3176 
3438 20 21 605 
3439 26 27 607 
3440 2335 1806 2654 
3441 1475 1743 1836 
3442 1729 1622 2637 
3443 22 23 669 
3444 891 892 893 
3445 396 397 543 
3446 765 766 767 
3447 28 2973 2978 
3448 1467 1675 1676 
3449 2529 2530 2531 
3450 1051 1053 3023 
3451 517 518 632 
3452 763 762 2899 
3453 987 1500 1501 
3454 1893 1894 1895 
3455 55 592 2981 
3456 908 925 3015 
3457 1891 2320 2321 
3458 1202 1416 1893 
3459 692 690 822 
3460 1895 1896 1897 
3461 1216 1414 2960 
3462 1676 1908 1909 
3463 1494 1331 1554 
3464 2493 2070 3280 
3465 54 55 2981 
3466 2359 885 2360 
3467 2162 2161 2163 
3468 1182 1793 3193 
3469 1222 1224 2951 
3470 684 682 3129 
3471 1822 2611 3071 
3472 2281 1801 2375 
3473 1550 1479 1688 
3474 1202 1893 2999 
3475 1653 1539 2996 
3476 1971 2807 2808 
3477 3196 1899 3481 
3478 529 530 2938 
3479 359 360 550 
3480 1834 1938 2462 
3481 757 758 759 
3482 1654 1653 2010 
3483 379 380 608 
3484 2693 2696 2795 
3485 1520 2517 3823 
3486 2419 1154 3247 
3487 1701 1494 2992 
3488 1099 1098 1105 
3489 515 516 577 
3490 1423 1424 1425 
3491 2533 2532 2534 
3492 2715 2718 3830 
3493 1909 2102 2348 
3494 1307 1310 1311 
3495 2205 1859 3209 
3496 2165 2163 2166 
3497 2973 2975 2978 
3498 914 915 916 
3499 918 920 921 
3500 1320 1322 3086 
3501 1672 1824 1825 
3502 519 582 2970 
3503 1868 2356 2793 
3504 899 900 901 
3505 1214 1216 2960 
3506 905 907 908 
3507 1491 1490 2779 
3508 513 514 634 
3509 1215 879 2877 
3510 1873 2075 3012 
3511 2173 1701 2174 
3512 2322 1892 2323 
3513 1501 1705 2025 
3514 3666 1095 3787 
3515 1539 1567 2996 
3516 1395 1661 2064 
3517 707 2359 2652 
3518 745 746 747 
3519 753 754 755 
3520 1563 1671 1672 
3521 2932 924 3061 
3522 1553 1890 1891 
3523 511 512 572 
3524 2648 1254 3126 
3525 1572 1570 3002 
3526 2183 2167 2891 
3527 1785 2005 2006 
3528 307 885 2359 
3529 1903 1901 1905 
3530 1891 2321 3014 
3531 1997 1905 2188 
3532 2556 1692 3106 
3533 380 381 2906 
3534 1891 1892 2320 
3535 3315 2707 3467 
3536 743 744 745 
3537 2173 2174 2280 
3538 2911 598 2912 
3539 361 362 611 
3540 1311 1338 1547 
3541 2816 572 3420 
3542 1109 1129 3323 
3543 1415 1553 3014 
3544 509 510 635 
3545 971 969 3039 
3546 2320 1892 2322 
3547 985 1539 1540 
3548 393 394 2941 
3549 524 525 2958 
3550 1891 1890 1892 
3551 1611 1415 3014 
3552 2780 1853 3006 
3553 1564 1562 3000 
3554 2174 1701 2992 
3555 921 926 928 
3556 1825 1887 1888 
3557 662 2938 2939 
3558 988 957 3074 
3559 2097 1837 2410 
3560 2255 1898 2256 
3561 1893 1416 1894 
3562 1911 1912 2104 
3563 2392 2082 3535 
3564 1689 1688 1699 
3565 1318 1320 1936 
3566 2247 670 3700 
3567 2215 1905 3013 
3568 1902 1904 1911 
3569 1890 1701 2173 
3570 749 750 751 
3571 507 508 570 
3572 1596 1700 2147 
3573 1716 1715 1837 
3574 2629 2630 2631 
3575 1553 1701 1890 
3576 739 740 741 
3577 707 306 2359 
3578 1895 1894 1896 
3579 1204 3026 3046 
3580 1490 1656 1757 
3581 1547 1548 1877 
3582 1772 1773 1774 
3583 1571 1573 1575 
3584 1343 2587 3482 
3585 2430 2296 2431 
3586 1949 1572 3002 
3587 2715 2713 2716 
3588 1553 1494 1701 
3589 3015 925 3047 
3590 2484 2486 2849 
3591 2024 2397 2885 
3592 633 2801 2802 
3593 520 521 2966 
3594 2019 2020 2021 
3595 1575 1711 1712 
3596 1999 1533 2056 
3597 1575 1712 2993 
3598 737 738 739 
3599 1324 1326 3107 
3600 1205 1415 1611 
3601 2606 2607 2608 
3602 2009 1229 3115 
3603 1109 1105 1110 
3604 505 506 636 
3605 2453 760 3199 
3606 981 982 1752 
3607 1689 1699 2934 
3608 56 57 3067 
3609 2433 2432 2434 
3610 917 919 1202 
3611 2471 1407 3814 
3612 1712 2008 2184 
3613 1707 1564 1928 
3614 363 364 549 
3615 2919 600 2921 
3616 1817 1994 2197 
3617 518 519 2970 
3618 2364 2366 2367 
3619 1415 1494 1553 
3620 1203 919 1204 
3621 1985 2394 2458 
3622 1933 2207 2208 
3623 917 916 918 
3624 733 734 735 
3625 1574 1572 1949 
3626 1928 1564 3000 
3627 1205 1204 1331 
3628 2037 2036 2239 
3629 358 359 2952 
3630 2155 2156 2157 
3631 1202 1203 1416 
3632 662 529 2938 
3633 1415 1331 1494 
3634 503 504 567 
3635 913 912 914 
3636 1554 1331 3046 
3637 2167 2166 2168 
3638 3026 2084 3046 
3639 1757 1830 2092 
3640 515 577 2982 
3641 1778 1779 1780 
3642 2189 1859 2205 
3643 2642 640 3285 
3644 1322 1324 1333 
3645 2631 2633 2634 
3646 1437 1365 1438 
3647 1600 1933 3175 
3648 1205 1331 1415 
3649 2021 2154 2155 
3650 1553 1891 3014 
3651 2104 1912 2105 
3652 1823 2268 3044 
3653 514 515 2982 
3654 686 684 923 
3655 1903 1905 1997 
3656 915 912 3095 
3657 365 366 612 
3658 1836 1992 1993 
3659 501 502 637 
3660 1896 1898 2146 
3661 1540 1653 1654 
3662 1911 1904 1912 
3663 961 959 3057 
3664 1203 1204 1205 
3665 1202 919 1203 
3666 2092 2093 2333 
3667 570 2809 3762 
3668 2105 1912 2106 
3669 2146 2255 2588 
3670 1379 1380 1596 
3671 911 910 912 
3672 2098 2396 3380 
3673 848 846 2857 
3674 917 918 919 
3675 914 916 917 
3676 1861 1962 1963 
3677 1896 1894 1898 
3678 2199 3643 3819 
3679 1594 1593 1595 
3680 1672 1671 1824 
3681 1632 1633 1634 
3682 2167 2168 2891 
3683 350 3387 3396 
3684 2452 2056 2647 
3685 939 1435 3094 
3686 909 908 910 
3687 1546 1839 1883 
3688 1849 946 2957 
3689 1993 2113 2114 
3690 1996 1763 2036 
3691 2050 2049 2942 
3692 729 730 731 
3693 1811 1812 1813 
3694 1762 1595 1763 
3695 2114 2115 2116 
3696 1813 2018 2019 
3697 2146 1898 2255 
3698 1634 1736 1737 
3699 3423 2308 3516 
3700 942 1467 3061 
3701 2228 2227 2987 
3702 1299 1301 1935 
3703 3256 1196 3372 
3704 957 907 3033 
3705 1780 1781 1782 
3706 921 928 2084 
3707 499 500 565 
3708 894 893 895 
3709 1992 2310 3180 
3710 510 511 2988 
3711 911 913 929 
3712 1204 919 3026 
3713 3128 2258 3630 
3714 1326 1505 1860 
3715 727 728 729 
3716 1921 1919 1964 
3717 101 102 3105 
3718 904 903 905 
3719 1782 1810 1811 
3720 360 361 2963 
3721 1776 1777 1778 
3722 2083 2048 3444 
3723 842 840 2855 
3724 913 914 2999 
3725 1134 1287 1288 
3726 2726 2728 2729 
3727 1918 1920 1924 
3728 1630 1631 1632 
3729 896 895 897 
3730 902 901 903 
3731 1626 1627 1628 
3732 723 724 725 
3733 1774 1775 1776 
3734 367 368 545 
3735 890 889 891 
3736 1128 1110 1130 
3737 544 2298 3513 
3738 1825 1824 1887 
3739 883 882 884 
3740 987 1501 3047 
3741 1902 1903 1904 
3742 911 912 913 
3743 898 897 899 
3744 497 498 640 
3745 2846 625 2847 
3746 2000 1639 2001 
3747 2002 2148 3413 
3748 910 908 3015 
3749 2721 1305 3301 
3750 2171 2170 2221 
3751 1902 1901 1903 
3752 377 378 532 
3753 881 880 882 
3754 2506 2637 2638 
3755 2494 627 3599 
3756 1628 1629 1630 
3757 1615 1555 2034 
3758 506 507 2991 
3759 1668 1953 2964 
3760 1061 1051 3023 
3761 1707 1928 1973 
3762 1198 1130 1201 
3763 888 887 889 
3764 591 393 2941 
3765 1707 1973 2137 
3766 869 868 870 
3767 1231 1647 3115 
3768 1588 2266 3320 
3769 877 876 878 
3770 1303 1306 1307 
3771 2576 618 2577 
3772 2734 2313 3644 
3773 495 496 559 
3774 2311 930 2496 
3775 504 505 2994 
3776 576 124 3286 
3777 922 1212 1742 
3778 1692 1327 3106 
3779 928 926 3038 
3780 885 2361 2722 
3781 2034 3449 3487 
3782 398 399 631 
3783 871 870 872 
3784 2693 2695 2696 
3785 947 945 3065 
3786 905 908 909 
3787 1768 1769 2242 
3788 721 722 723 
3789 948 952 2957 
3790 375 376 613 
3791 914 917 2999 
3792 717 718 719 
3793 3391 3087 3708 
3794 493 494 641 
3795 1882 1278 3164 
3796 865 864 866 
3797 917 1202 2999 
3798 511 572 2988 
3799 909 910 911 
3800 875 874 876 
3801 1275 1487 1488 
3802 2017 2794 3421 
3803 853 852 854 
3804 370 371 614 
3805 2137 1973 2224 
3806 861 860 862 
3807 1489 1213 1593 
3808 1588 1612 2266 
3809 1900 1901 1902 
3810 2006 2049 2050 
3811 1119 1117 2225 
3812 1477 1476 1741 
3813 362 363 2972 
3814 1888 1887 2139 
3815 1472 1749 1768 
3816 1488 1684 1851 
3817 491 492 558 
3818 1624 1625 1626 
3819 2651 561 3476 
3820 902 904 1206 
3821 500 501 2998 
3822 1686 1609 1818 
3823 1589 1590 1591 
3824 857 856 858 
3825 985 1540 3038 
3826 305 707 2362 
3827 2227 2230 2987 
3828 397 398 2969 
3829 847 846 848 
3830 1486 1221 1555 
3831 1330 1397 1667 
3832 918 921 3026 
3833 1900 1654 1901 
3834 378 379 2955 
3835 313 314 670 
3836 731 730 2961 
3837 926 985 3038 
3838 2825 2004 3413 
3839 919 918 3026 
3840 345 346 3119 
3841 1608 1607 1609 
3842 1563 1564 1671 
3843 1851 1852 2179 
3844 1671 1564 1707 
3845 311 312 601 
3846 489 490 642 
3847 584 524 2958 
3848 1241 1239 3191 
3849 1206 1562 1563 
3850 372 373 533 
3851 859 858 860 
3852 902 903 904 
3853 1540 1654 1900 
3854 496 497 3007 
3855 1012 1010 1013 
3856 2706 623 3582 
3857 1865 1215 2877 
3858 2469 3103 3825 
3859 1439 1438 1476 
3860 1887 1824 2368 
3861 849 848 850 
3862 1496 1201 1498 
3863 1563 1562 1564 
3864 715 716 717 
3865 312 313 673 
3866 592 56 3067 
3867 2665 958 2971 
3868 2106 2913 3182 
3869 2153 2177 2178 
3870 487 488 557 
3871 494 495 3010 
3872 1220 1453 1588 
3873 1467 1704 3061 
3874 1496 1498 3025 
3875 841 840 842 
3876 381 547 2906 
3877 2362 707 2363 
3878 1163 1197 3103 
3879 899 901 902 
3880 2159 2160 2161 
3881 2763 2768 2769 
3882 364 365 2980 
3883 925 987 3047 
3884 894 895 896 
3885 2597 2595 2598 
3886 88 564 3376 
3887 1575 1573 1711 
3888 1501 2025 2026 
3889 1501 2026 3047 
3890 492 493 3017 
3891 946 948 2957 
3892 904 905 3043 
3893 2685 2686 2687 
3894 3172 2277 3173 
3895 910 3015 3095 
3896 2273 2752 3566 
3897 1275 1566 3088 
3898 2958 2231 3803 
3899 1206 904 1562 
3900 1563 1672 3099 
3901 1359 1357 1360 
3902 1622 1623 1624 
3903 2179 2180 2685 
3904 485 486 643 
3905 1026 1027 1028 
3906 843 842 844 
3907 921 2084 3026 
3908 490 491 3018 
3909 711 712 713 
3910 837 836 838 
3911 896 897 898 
3912 2209 1724 2210 
3913 891 893 894 
3914 896 898 927 
3915 1238 1240 2997 
3916 1620 1621 1622 
3917 1977 2324 2325 
3918 1953 1954 2872 
3919 2696 2698 2699 
3920 1268 1270 1934 
3921 1051 1052 1053 
3922 1235 1393 1589 
3923 623 87 3376 
3924 3000 1562 3043 
3925 483 484 556 
3926 1640 2012 2013 
3927 2597 2598 2599 
3928 833 832 834 
3929 2345 1746 3231 
3930 2838 1906 3356 
3931 831 830 832 
3932 488 489 3021 
3933 2184 2008 2213 
3934 1712 1711 2008 
3935 366 367 2985 
3936 1125 1121 1136 
3937 2711 2709 2712 
3938 507 570 2991 
3939 3378 2404 3775 
3940 582 520 2966 
3941 1614 1613 1845 
3942 125 638 3286 
3943 1272 1274 1275 
3944 927 2086 2888 
3945 481 482 644 
3946 1250 1252 1330 
3947 922 1742 3148 
3948 827 826 828 
3949 1444 1236 1607 
3950 2999 1893 3052 
3951 2771 2772 2773 
3952 1866 2703 2704 
3953 1047 1048 1049 
3954 898 899 3055 
3955 1540 1900 3038 
3956 1646 2053 2054 
3957 884 887 888 
3958 682 680 931 
3959 825 824 826 
3960 2065 1697 2459 
3961 479 480 555 
3962 924 942 3061 
3963 709 710 711 
3964 1045 1046 1047 
3965 1435 1687 3094 
3966 1053 1055 1056 
3967 1049 1050 1051 
3968 2163 2161 2164 
3969 3031 2136 3435 
3970 797 795 2806 
3971 1467 1676 1704 
3972 888 889 890 
3973 913 2999 3052 
3974 927 898 2086 
3975 920 916 3189 
3976 1668 1951 1953 
3977 2307 1858 2308 
3978 632 518 2970 
3979 960 1335 2971 
3980 696 1343 3482 
3981 1331 1204 3046 
3982 477 478 646 
3983 376 377 2989 
3984 1351 1349 1352 
3985 820 819 821 
3986 2037 2239 2240 
3987 2086 3055 3099 
3988 3002 1570 3060 
3989 890 891 3060 
3990 929 913 3052 
3991 881 882 883 
3992 2149 2893 3370 
3993 905 909 3043 
3994 1254 1256 3126 
3995 878 880 881 
3996 719 718 2983 
3997 1067 1069 1070 
3998 3055 1206 3099 
3999 2150 2241 3686 
4000 1755 1664 1756 
4001 1902 1911 3110 
4002 1562 904 3043 
4003 1280 1286 3164 
4004 1345 979 1346 
4005 888 890 1207 
4006 475 476 554 
4007 2548 2151 3263 
4008 1060 1062 1063 
4009 2831 2834 2835 
4010 2457 2456 2723 
4011 977 975 1946 
4012 2408 652 3774 
4013 675 674 676 
4014 958 960 2971 
4015 480 481 3029 
4016 505 636 2994 
4017 1056 1057 1058 
4018 810 809 811 
4019 1363 1362 1526 
4020 1943 2312 3130 
4021 1794 934 2661 
4022 1707 2137 3037 
4023 473 474 647 
4024 1085 1088 1089 
4025 1573 1572 1574 
4026 816 815 817 
4027 814 813 815 
4028 2008 1711 2051 
4029 1618 1619 1620 
4030 1083 1084 1085 
4031 1058 1059 1060 
4032 2145 2516 3662 
4033 1253 1251 1613 
4034 471 472 553 
4035 478 479 3032 
4036 1731 1802 1804 
4037 1070 1071 1072 
4038 2646 3546 3638 
4039 374 375 2990 
4040 1824 1671 3037 
4041 1063 1064 1065 
4042 866 868 869 
4043 2159 2157 2160 
4044 2231 2958 3548 
4045 1571 1572 1573 
4046 398 631 2969 
4047 875 876 877 
4048 1996 2036 2037 
4049 2781 628 3460 
4050 1089 1090 1091 
4051 634 514 2982 
4052 1065 1066 1067 
4053 2647 2056 2655 
4054 2809 2792 3762 
4055 1931 2269 3143 
4056 1530 1430 2144 
4057 1589 1591 3053 
4058 872 874 875 
4059 1533 988 3074 
4060 1671 1707 3037 
4061 2462 1938 3152 
4062 1809 1034 2584 
4063 3106 984 3189 
4064 2480 2426 2481 
4065 476 477 3034 
4066 2021 2020 2154 
4067 1535 3130 3234 
4068 470 471 3001 
4069 468 469 648 
4070 806 805 807 
4071 1322 1333 3086 
4072 883 884 3068 
4073 1207 1570 1571 
4074 1594 1595 1762 
4075 2056 1533 3074 
4076 1386 1340 1430 
4077 881 883 1208 
4078 1077 1079 1080 
4079 1666 1814 1815 
4080 1207 890 1570 
4081 2168 2169 2170 
4082 1571 1570 1572 
4083 566 2572 3672 
4084 2890 3106 3189 
4085 899 902 3055 
4086 1647 1761 3115 
4087 1091 1092 1093 
4088 2146 2588 3619 
4089 862 864 865 
4090 1762 1763 1996 
4091 1640 2013 3137 
4092 1884 935 2683 
4093 466 467 552 
4094 1616 1617 1618 
4095 1327 984 3106 
4096 1080 1082 1083 
4097 1941 1940 1942 
4098 1361 1360 1362 
4099 1113 1115 1568 
4100 902 1206 3055 
4101 1072 1074 1075 
4102 802 801 803 
4103 1075 1076 1077 
4104 869 870 871 
4105 2086 898 3055 
4106 1054 1045 2703 
4107 1663 1561 2129 
4108 891 894 3060 
4109 967 964 1610 
4110 2147 2646 3638 
4111 2155 2154 2156 
4112 875 877 1209 
4113 2368 1824 3037 
4114 2386 2385 2387 
4115 463 464 649 
4116 1470 1392 1471 
4117 877 878 3075 
4118 635 510 2988 
4119 1489 1593 1594 
4120 1660 3453 3565 
4121 1093 1097 1098 
4122 2382 2195 2383 
4123 1041 1042 1043 
4124 2019 2018 2020 
4125 608 380 2906 
4126 2133 2131 2134 
4127 2878 374 2990 
4128 1208 883 2088 
4129 1001 1000 1002 
4130 575 2781 3796 
4131 461 462 548 
4132 906 939 3094 
4133 560 101 3105 
4134 854 856 857 
4135 796 795 797 
4136 1953 2872 3828 
4137 543 397 2969 
4138 850 852 853 
4139 1651 1786 1787 
4140 501 637 2998 
4141 798 797 799 
4142 2064 3111 3360 
4143 2183 2891 3132 
4144 2014 1756 2089 
4145 999 998 1000 
4146 2041 2039 2191 
4147 2176 2447 3668 
4148 928 3038 3110 
4149 2168 2166 2169 
4150 1665 1499 1940 
4151 458 459 650 
4152 610 358 2952 
4153 2303 2302 2304 
4154 1870 2272 3058 
4155 792 791 793 
4156 2161 2160 3028 
4157 1767 1585 2038 
4158 1985 2458 3111 
4159 954 950 1495 
4160 1273 1271 1340 
4161 1318 1936 3123 
4162 1541 1446 1722 
4163 3383 1452 3689 
4164 1911 2104 3150 
4165 2257 1923 2258 
4166 859 860 861 
4167 533 373 2878 
4168 456 457 546 
4169 871 872 3090 
4170 636 506 2991 
4171 1209 877 1917 
4172 1326 1860 3107 
4173 1922 1921 1923 
4174 1472 1768 3073 
4175 462 463 3042 
4176 1742 1212 3073 
4177 400 401 3035 
4178 2481 3022 3481 
4179 162 161 671 
4180 2221 2170 2404 
4181 2905 1211 3104 
4182 1108 2785 3692 
4183 2164 2161 3028 
4184 1571 1575 3160 
4185 1036 1037 1038 
4186 1435 1644 1687 
4187 1768 1749 1769 
4188 2507 3698 3748 
4189 455 456 3024 
4190 1922 1923 2257 
4191 2037 2240 2422 
4192 1813 1812 2018 
4193 453 454 651 
4194 1516 1515 1517 
4195 2305 2304 2400 
4196 865 866 3078 
4197 869 871 1210 
4198 1294 1296 1616 
4199 1920 1921 1922 
4200 1570 890 3060 
4201 460 461 3050 
4202 678 676 1532 
4203 1920 1919 1921 
4204 2606 2605 2607 
4205 844 846 847 
4206 1209 1917 1918 
4207 1758 1846 2246 
4208 451 452 544 
4209 2254 1491 2779 
4210 911 929 3122 
4211 2422 2240 2679 
4212 884 888 3068 
4213 1817 1503 1994 
4214 1918 1919 1920 
4215 2887 1219 3118 
4216 567 504 2994 
4217 1811 1810 1812 
4218 2599 2600 2601 
4219 2890 2556 3106 
4220 459 460 3049 
4221 310 311 2582 
4222 1008 303 2492 
4223 857 858 859 
4224 3110 1911 3150 
4225 1229 1231 3115 
4226 2288 3427 3536 
4227 1353 1352 1354 
4228 788 787 789 
4229 1355 1354 1356 
4230 784 783 785 
4231 359 550 2952 
4232 1843 2593 3790 
4233 1918 1917 1919 
4234 2242 1769 2243 
4235 1155 1156 3372 
4236 1440 2338 3834 
4237 448 449 653 
4238 2193 2643 2644 
4239 1486 1555 1615 
4240 1248 2838 3149 
4241 2601 2602 2603 
4242 1363 1526 3016 
4243 543 2969 3835 
4244 2288 2286 3187 
4245 1003 1002 1004 
4246 401 402 531 
4247 1260 2805 3206 
4248 446 447 542 
4249 640 2642 3607 
4250 3536 761 3743 
4251 497 640 3007 
4252 1490 1262 1656 
4253 31 2588 3445 
4254 838 840 841 
4255 2908 575 3796 
4256 861 862 3104 
4257 847 848 849 
4258 853 854 3027 
4259 1547 1878 3526 
4260 302 1008 2372 
4261 866 869 3078 
4262 445 446 3036 
4263 878 881 3075 
4264 2384 3341 3836 
4265 3146 1680 3409 
4266 550 360 2963 
4267 1508 1507 1509 
4268 1512 1511 1513 
4269 1772 1737 1773 
4270 2210 1724 3153 
4271 1780 1779 1781 
4272 443 444 654 
4273 780 779 781 
4274 2236 1797 2238 
4275 1347 1346 1348 
4276 565 500 2998 
4277 304 2362 2492 
4278 1588 1453 1612 
4279 1782 1781 1810 
4280 1463 1420 1464 
4281 2655 2056 3074 
4282 1034 1035 1036 
4283 1329 1284 1649 
4284 1210 871 2091 
4285 912 910 3095 
4286 1804 2119 2330 
4287 1986 2905 3275 
4288 2407 1947 3325 
4289 1477 1741 3230 
4290 2535 2534 2536 
4291 441 442 541 
4292 834 836 837 
4293 1845 2083 2244 
4294 1210 2091 2112 
4295 1594 1762 1872 
4296 1814 1971 3120 
4297 1647 1759 1761 
4298 2198 3472 3745 
4299 776 775 777 
4300 1005 1004 1006 
4301 2088 883 3068 
4302 2266 1612 2267 
4303 2072 2265 3448 
4304 1568 1569 1730 
4305 438 439 655 
4306 1098 1097 1103 
4307 1907 1667 2964 
4308 1299 1935 3116 
4309 1177 1178 1179 
4310 495 559 3010 
4311 1686 1818 1819 
4312 3038 1900 3110 
4313 2013 2012 2204 
4314 1778 1777 1779 
4315 447 448 3059 
4316 1941 1942 2199 
4317 1169 1170 1171 
4318 309 310 1706 
4319 436 437 540 
4320 2537 2536 2538 
4321 2572 1979 2573 
4322 1097 1092 1131 
4323 2118 2456 2457 
4324 2629 2627 2630 
4325 3043 909 3122 
4326 1418 1456 1457 
4327 160 159 602 
4328 1608 1609 1686 
4329 1395 2064 3154 
4330 828 830 831 
4331 2960 1414 3076 
4332 1769 1749 2270 
4333 1091 1090 1092 
4334 1457 1714 1715 
4335 1900 1902 3110 
4336 433 434 656 
4337 403 404 652 
4338 1175 1176 1177 
4339 559 496 3007 
4340 1171 1172 1173 
4341 1240 1244 2997 
4342 2310 2636 3576 
4343 859 861 922 
4344 1179 1180 1181 
4345 1193 1194 1195 
4346 3763 576 3864 
4347 1173 1174 1175 
4348 1093 1092 1097 
4349 2853 2854 3431 
4350 430 431 3041 
4351 841 842 843 
4352 888 1207 3068 
4353 493 641 3017 
4354 1167 1168 1169 
4355 431 432 539 
4356 2513 2514 3142 
4357 2080 2887 3297 
4358 1181 1190 1191 
4359 1206 1563 3099 
4360 361 611 2963 
4361 1191 1192 1193 
4362 2879 1234 3138 
4363 1315 1316 1317 
4364 1089 1088 1090 
4365 2473 2201 3542 
4366 2272 3156 3841 
4367 1160 1161 1162 
4368 923 684 3129 
4369 2593 3359 3790 
4370 439 440 3062 
4371 872 875 3090 
4372 1165 1166 1167 
4373 2209 2210 2554 
4374 849 850 3118 
4375 641 494 3010 
4376 428 429 657 
4377 610 2952 2953 
4378 1162 1164 1165 
4379 2909 2910 3292 
4380 1472 1213 1489 
4381 437 438 3063 
4382 1917 877 3075 
4383 1195 1312 1313 
4384 3492 1819 3616 
4385 1212 1213 1472 
4386 1247 1443 1682 
4387 379 608 2955 
4388 1444 1607 1608 
4389 1313 1314 1315 
4390 821 824 825 
4391 772 771 773 
4392 426 427 538 
4393 2441 3151 3827 
4394 1472 1489 1749 
4395 1498 1499 1664 
4396 3422 2593 3642 
4397 1317 1377 1378 
4398 558 492 3017 
4399 1428 2544 3641 
4400 1637 1734 1910 
4401 1212 1211 1213 
4402 434 435 3064 
4403 1030 1031 1032 
4404 1085 1084 1088 
4405 3406 2456 3756 
4406 491 558 3018 
4407 2172 2130 3634 
4408 2903 2513 3142 
4409 1665 1941 2090 
4410 1591 1590 1646 
4411 1639 1496 3025 
4412 1589 1393 1590 
4413 1378 1417 1418 
4414 768 767 769 
4415 2166 2163 3087 
4416 2016 2426 2480 
4417 423 424 658 
4418 2154 2020 2417 
4419 854 857 3027 
4420 1139 1400 1401 
4421 2339 2340 2341 
4422 420 421 3051 
4423 2950 2139 3707 
4424 1433 1309 1434 
4425 2484 2485 2486 
4426 432 433 3066 
4427 1745 2856 3540 
4428 2197 1994 2464 
4429 2323 1892 3229 
4430 611 362 2972 
4431 2230 2338 2339 
4432 405 406 3056 
4433 2405 1040 2428 
4434 1665 1940 1941 
4435 3000 3043 3122 
4436 831 832 833 
4437 1774 1773 1775 
4438 421 422 537 
4439 922 1211 1212 
4440 2951 1403 3089 
4441 1414 1666 3076 
4442 2579 2580 3319 
4443 2227 2229 2230 
4444 642 490 3018 
4445 1776 1775 1777 
4446 1964 1919 3185 
4447 817 819 820 
4448 1286 1551 3164 
4449 429 430 3070 
4450 1156 1157 1158 
4451 2196 1968 2441 
4452 922 861 1211 
4453 1918 1924 3183 
4454 415 416 3054 
4455 11 12 3251 
4456 928 3110 3150 
4457 418 419 659 
4458 2341 2483 2484 
4459 1448 1429 1449 
4460 2128 2226 2227 
4461 843 844 3136 
4462 1927 970 3219 
4463 1158 1159 1160 
4464 489 642 3021 
4465 1130 1110 1132 
4466 2163 2164 3087 
4467 416 417 536 
4468 1498 1201 1499 
4469 862 865 3104 
4470 881 1208 3075 
4471 1083 1082 1084 
4472 2105 2106 3182 
4473 1978 1976 1979 
4474 1683 2441 3827 
4475 2913 589 3182 
4476 2111 2127 2128 
4477 909 911 3122 
4478 1308 1305 1309 
4479 2831 1086 2834 
4480 847 849 1218 
4481 1890 2173 3229 
4482 1757 1656 1830 
4483 503 567 3174 
4484 413 414 661 
4485 1426 1425 1427 
4486 2088 3068 3160 
4487 764 763 765 
4488 2888 2086 3163 
4489 557 488 3021 
4490 2109 2110 2111 
4491 502 503 3174 
4492 406 407 534 
4493 408 409 660 
4494 1141 1143 3193 
4495 825 826 827 
4496 1256 1263 3126 
4497 2065 2459 2908 
4498 547 382 3201 
4499 411 412 535 
4500 2054 2053 2234 
4501 1971 2808 3141 
4502 1486 1615 1640 
4503 419 420 3081 
4504 1100 3542 3586 
4505 3382 2410 3432 
4506 807 809 810 
4507 811 813 814 
4508 2833 2830 3402 
4509 2876 1249 3159 
4510 1028 1029 1030 
4511 2094 1735 2095 
4512 1640 1615 2011 
4513 2092 1830 2093 
4514 1719 1718 1735 
4515 2788 2234 3524 
4516 414 415 3083 
4517 1330 1252 1397 
4518 675 677 2250 
4519 2018 1812 2200 
4520 363 549 2972 
4521 1667 1397 1668 
4522 45 46 3128 
4523 417 418 3082 
4524 1080 1079 1082 
4525 2091 871 3090 
4526 2023 2879 3334 
4527 3068 1207 3160 
4528 637 502 3174 
4529 562 2657 3249 
4530 1422 1411 1423 
4531 2383 2385 2386 
4532 1406 1408 1557 
4533 2904 2350 3355 
4534 896 927 3161 
4535 1453 1221 1486 
4536 1720 1796 2490 
4537 1265 1413 1680 
4538 837 838 3125 
4539 1554 3046 3210 
4540 1321 1319 3157 
4541 2333 2093 2334 
4542 346 666 3119 
4543 833 834 3138 
4544 1827 2195 2382 
4545 2045 2108 2109 
4546 1220 1219 1221 
4547 841 843 1226 
4548 1218 849 1219 
4549 412 413 3085 
4550 407 408 3084 
4551 1282 2731 3272 
4552 2771 2769 2772 
4553 869 1210 3078 
4554 2280 2174 3442 
4555 1137 1136 1395 
4556 2763 1073 2768 
4557 1640 2011 2012 
4558 3010 559 3011 
4559 1664 1499 1665 
4560 1786 1870 3091 
4561 1077 1076 1079 
4562 1634 1633 1736 
4563 2195 2194 3341 
4564 154 1022 3124 
4565 549 364 2980 
4566 2122 2121 3169 
4567 1253 1613 1614 
4568 803 805 806 
4569 756 755 757 
4570 1815 1814 3120 
4571 2059 1685 2060 
4572 1403 1651 3089 
4573 671 161 2346 
4574 1218 1219 1220 
4575 3281 2727 3778 
4576 875 1209 3090 
4577 1220 1221 1453 
4578 2051 2884 3419 
4579 1014 1013 1015 
4580 2043 2044 2045 
4581 2614 546 3368 
4582 850 853 3118 
4583 2901 2957 3197 
4584 2355 937 3216 
4585 3546 2646 3859 
4586 1632 1631 1633 
4587 1614 1845 3139 
4588 2725 2724 3672 
4589 1304 1302 1305 
4590 1070 1069 1071 
4591 1026 1023 1027 
4592 799 801 802 
4593 1556 1311 3526 
4594 1278 1280 3164 
4595 1953 1951 1954 
4596 2372 1008 2373 
4597 814 815 816 
4598 1558 1578 1579 
4599 1524 1605 1606 
4600 1828 2276 2277 
4601 752 751 753 
4602 2169 2166 3087 
4603 3066 656 3472 
4604 1275 1274 1487 
4605 2631 2630 2633 
4606 1488 1487 1684 
4607 1075 1074 1076 
4608 1315 1655 3428 
4609 1088 1084 1127 
4610 1072 1071 1074 
4611 1212 1472 3073 
4612 365 612 2980 
4613 2086 3099 3163 
4614 931 2904 3355 
4615 1608 1686 1875 
4616 532 378 2955 
4617 1851 1684 1852 
4618 1226 843 2100 
4619 1226 2100 2138 
4620 1160 1337 3584 
4621 1067 1066 1069 
4622 481 644 3029 
4623 838 841 3125 
4624 1268 1934 3167 
4625 2459 1697 3139 
4626 1307 1306 1310 
4627 1311 1310 1338 
4628 831 833 1233 
4629 2625 2756 3257 
4630 2835 2834 2836 
4631 1666 1815 3076 
4632 2300 2302 2303 
4633 3060 894 3161 
4634 742 741 743 
4635 1837 1715 1854 
4636 1300 983 1945 
4637 2608 2607 2609 
4638 555 480 3029 
4639 612 366 2985 
4640 1791 1855 1856 
4641 1576 1534 2073 
4642 1933 2208 3175 
4643 2084 928 3150 
4644 3213 3540 3567 
4645 2314 1538 3866 
4646 479 555 3032 
4647 3013 2010 3176 
4648 793 795 796 
4649 1945 983 3186 
4650 2506 1729 2637 
4651 2 1017 2380 
4652 748 747 749 
4653 1856 2042 2043 
4654 141 590 3378 
4655 2874 1269 3178 
4656 2179 1852 2180 
4657 1667 1668 2964 
4658 579 2579 3560 
4659 1644 1758 3101 
4660 1738 2135 2839 
4661 972 981 3219 
4662 1645 1483 2121 
4663 1630 1629 1631 
4664 789 791 792 
4665 1547 1338 1548 
4666 2943 2049 3188 
4667 1860 1505 1861 
4668 1211 861 3104 
4669 825 827 1237 
4670 844 847 3136 
4671 646 478 3032 
4672 2063 1982 2085 
4673 2194 2508 3683 
4674 1646 1590 1724 
4675 820 821 3140 
4676 2048 2876 3353 
4677 2124 2122 2187 
4678 1554 3210 3265 
4679 1386 1430 1530 
4680 1286 1376 1551 
4681 1468 3208 3279 
4682 806 807 3048 
4683 2685 2180 2686 
4684 2784 2785 3660 
4685 477 646 3034 
4686 367 545 2985 
4687 569 2750 3207 
4688 1846 2193 3113 
4689 2787 2786 3660 
4690 1065 1064 1066 
4691 816 817 3159 
4692 2190 2189 2291 
4693 736 735 737 
4694 1628 1627 1629 
4695 1517 1537 1586 
4696 2693 2691 2695 
4697 1063 1062 1064 
4698 3111 2458 3701 
4699 2007 2065 3460 
4700 554 476 3034 
4701 1741 1937 3069 
4702 2089 1756 2252 
4703 1016 1015 1018 
4704 1393 1236 1444 
4705 3099 1672 3163 
4706 3440 1924 3510 
4707 2325 2324 2326 
4708 2350 2071 3355 
4709 1233 833 1234 
4710 1714 1456 1859 
4711 1963 1962 1972 
4712 1060 1059 1062 
4713 1273 1340 1386 
4714 1935 3020 3344 
4715 2517 2378 3844 
4716 785 787 788 
4717 3517 2379 3532 
4718 1513 1515 1516 
4719 781 783 784 
4720 2927 2224 3314 
4721 1482 1325 1483 
4722 732 731 733 
4723 3120 1971 3141 
4724 1233 1234 1235 
4725 1235 1234 1236 
4726 1235 1236 1393 
4727 557 3021 3022 
4728 1646 1724 2053 
4729 1753 1752 1823 
4730 2053 1724 2209 
4731 686 923 3004 
4732 1981 986 1982 
4733 1053 1052 1055 
4734 1704 1676 3198 
4735 810 811 3149 
4736 3122 929 3203 
4737 377 532 2989 
4738 1626 1625 1627 
4739 2286 2285 3324 
4740 2267 3492 3616 
4741 796 797 798 
4742 1787 1786 3091 
4743 157 1040 2405 
4744 894 896 3161 
4745 2302 3001 3783 
4746 2001 1639 3025 
4747 1457 1456 1714 
4748 3002 3060 3161 
4749 1870 3058 3091 
4750 613 376 2989 
4751 2994 636 3156 
4752 1651 1787 3089 
4753 1642 1544 1643 
4754 1323 1321 1368 
4755 1773 1737 3170 
4756 1688 1479 3230 
4757 814 816 1248 
4758 1237 827 2103 
4759 471 553 3001 
4760 1058 1057 1059 
4761 1056 1055 1057 
4762 1253 1614 1638 
4763 834 837 3138 
4764 1489 1594 3109 
4765 1051 1050 1052 
4766 1352 1349 3208 
4767 1220 1588 3248 
4768 2091 3090 3183 
4769 2284 2287 3112 
4770 777 779 780 
4771 2795 2696 3133 
4772 133 134 3302 
4773 821 825 3140 
4774 2399 1245 3531 
4775 685 687 761 
4776 2303 2304 2305 
4777 1799 2345 2371 
4778 3090 1209 3183 
4779 1958 1859 2189 
4780 24 25 3308 
4781 1812 1810 3135 
4782 307 308 885 
4783 26 607 3307 
4784 3403 1710 3509 
4785 1781 1779 1876 
4786 1219 849 3118 
4787 2586 2587 3618 
4788 2867 2033 3245 
4789 726 725 727 
4790 1019 1018 1021 
4791 3029 2388 3585 
4792 1845 2244 3139 
4793 3257 782 3381 
4794 1699 2074 2232 
4795 1509 1511 1512 
4796 828 831 3158 
4797 1418 1417 1456 
4798 1957 1888 3316 
4799 773 775 776 
4800 1239 829 3192 
4801 827 828 3158 
4802 1982 986 3205 
4803 1668 1397 1950 
4804 3161 927 3240 
4805 929 2935 3203 
4806 3347 2112 3377 
4807 1079 1076 1111 
4808 375 613 2990 
4809 1638 1614 1697 
4810 3682 2140 3690 
4811 305 306 707 
4812 1940 1499 3145 
4813 2270 1749 3109 
4814 1091 1093 3350 
4815 2001 2707 3315 
4816 1049 1048 1050 
4817 2127 3693 3699 
4818 1669 1450 3641 
4819 984 920 3189 
4820 2007 1697 2065 
4821 3133 2699 3384 
4822 1434 1507 1508 
4823 2992 1554 3265 
4824 2010 2231 3176 
4825 2039 2038 2965 
4826 1409 1199 3231 
4827 1207 1571 3160 
4828 1749 1489 3109 
4829 1638 1697 2007 
4830 1047 1046 1048 
4831 2100 843 3136 
4832 2527 2546 3284 
4833 2466 2467 3409 
4834 1624 1623 1625 
4835 2213 2008 3217 
4836 1687 1644 3101 
4837 1378 1377 1417 
4838 1785 2006 3232 
4839 1368 1321 3157 
4840 1317 1316 1377 
4841 807 810 3048 
4842 116 117 3359 
4843 3150 2104 3210 
4844 1252 1251 1253 
4845 2464 1994 2465 
4846 1594 1872 3109 
4847 2638 2637 2954 
4848 2403 647 3530 
4849 720 719 721 
4850 1295 1293 1297 
4851 382 383 3201 
4852 679 681 1332 
4853 1334 1288 1379 
4854 1315 1314 1316 
4855 639 2875 3419 
4856 1250 1251 1252 
4857 1758 2246 3101 
4858 2696 2695 2698 
4859 63 64 3339 
4860 769 771 772 
4861 1250 1249 1251 
4862 1248 816 1249 
4863 931 3355 3411 
4864 1248 1249 1250 
4865 1668 1950 1951 
4866 798 799 3178 
4867 2246 1846 3113 
4868 1917 3075 3185 
4869 2360 885 2722 
4870 1417 1377 1598 
4871 811 814 3149 
4872 2187 2122 3169 
4873 1951 1950 1952 
4874 1449 1451 1473 
4875 2663 2124 3615 
4876 306 307 2359 
4877 3300 2993 3361 
4878 2950 38 3369 
4879 1958 2189 2190 
4880 2777 573 3508 
4881 2533 2534 2535 
4882 3247 1926 3342 
4883 2088 2993 3300 
4884 792 793 3167 
4885 765 767 768 
4886 2066 2381 3517 
4887 1622 1621 1623 
4888 2380 1017 2381 
4889 1386 1530 1966 
4890 463 649 3042 
4891 796 798 1268 
4892 1381 1267 1382 
4893 1731 1804 3239 
4894 1235 1589 3273 
4895 2193 2644 3113 
4896 1316 1314 1745 
4897 2143 989 2217 
4898 2923 664 3302 
4899 1427 1429 1448 
4900 2399 3256 3372 
4901 1737 1736 3170 
4902 1714 1859 1958 
4903 548 462 3042 
4904 1443 1637 3131 
4905 1984 1521 2500 
4906 3023 1053 3194 
4907 39 587 3369 
4908 3075 1208 3185 
4909 1503 1241 3191 
4910 1313 1312 1314 
4911 1676 1909 3198 
4912 155 3124 3328 
4913 1470 1471 3092 
4914 461 548 3050 
4915 2315 1454 2316 
4916 759 763 764 
4917 714 713 715 
4918 1195 1194 1312 
4919 675 676 677 
4920 1420 1329 3114 
4921 2979 668 3791 
4922 1244 1247 3134 
4923 1024 150 2411 
4924 841 1226 3125 
4925 2000 2175 3424 
4926 1423 1425 1426 
4927 1201 1130 3145 
4928 3000 3122 3203 
4929 831 1233 3158 
4930 1741 1807 1937 
4931 1193 1192 1194 
4932 2041 2191 3093 
4933 1024 2411 2412 
4934 1133 1123 1134 
4935 1858 1822 3071 
4936 1045 1043 1046 
4937 817 820 3159 
4938 1928 3000 3203 
4939 956 1411 1422 
4940 1620 1619 1621 
4941 547 3665 3682 
4942 1071 1069 1108 
4943 1144 1142 3235 
4944 1487 1274 1678 
4945 2599 2598 2600 
4946 1756 1664 3162 
4947 776 777 3077 
4948 3049 2440 3520 
4949 650 459 3049 
4950 1508 1509 3072 
4951 2748 1101 3346 
4952 847 1218 3136 
4953 2529 2531 2539 
4954 3530 554 3696 
4955 1446 954 3102 
4956 1305 1302 3301 
4957 1830 1656 2076 
4958 1775 1773 1965 
4959 885 308 2361 
4960 2532 654 3564 
4961 2131 2041 3093 
4962 1966 1967 2072 
4963 3519 3072 3778 
4964 1341 1297 1342 
4965 668 2967 3345 
4966 1561 1470 3092 
4967 3049 460 3050 
4968 1585 1541 3100 
4969 1191 1190 1192 
4970 2072 1967 2265 
4971 1797 1463 3117 
4972 1966 1530 1967 
4973 1909 2348 3204 
4974 1579 1580 1581 
4975 456 546 3024 
4976 2601 2600 2602 
4977 1665 2090 3162 
4978 2922 2924 3214 
4979 517 632 3330 
4980 1937 2336 2409 
4981 302 303 1008 
4982 753 755 756 
4983 1234 833 3138 
4984 1852 1684 1874 
4985 1181 1180 1190 
4986 2603 2602 2604 
4987 1179 1178 1180 
4988 1866 1054 2703 
4989 1272 1273 1274 
4990 1270 1271 1272 
4991 1268 1269 1270 
4992 602 159 2349 
4993 2535 2536 2537 
4994 2537 2538 2544 
4995 1177 1176 1178 
4996 2686 2180 2688 
4997 2818 2819 3605 
4998 1122 1107 1123 
4999 749 751 752 
5000 691 693 695 
5001 3539 2911 3760 
5002 1404 1196 3256 
5003 1272 1271 1273 
5004 2452 2647 3260 
5005 1106 1102 1107 
5006 1541 1722 3100 
5007 2573 1979 3362 
5008 2647 2656 3260 
5009 401 531 3035 
5010 954 1495 3102 
5011 1268 798 1269 
5012 1486 1640 3137 
5013 2467 3146 3409 
5014 1262 1260 3206 
5015 304 305 2362 
5016 1064 1062 1100 
5017 970 972 3219 
5018 1978 1979 2572 
5019 1270 1269 1271 
5020 1618 1617 1619 
5021 708 706 709 
5022 745 747 748 
5023 1664 1665 3162 
5024 1736 1843 2216 
5025 499 565 3285 
5026 1413 1720 3144 
5027 1312 1194 1650 
5028 1750 1543 3290 
5029 2200 1812 3135 
5030 1453 1486 3137 
5031 2447 2152 3686 
5032 1612 1453 3137 
5033 997 995 1102 
5034 1308 1309 1433 
5035 2013 3243 3267 
5036 859 922 3148 
5037 2174 2992 3317 
5038 793 796 3167 
5039 1175 1174 1176 
5040 1796 1827 3147 
5041 404 405 3264 
5042 1919 1917 3185 
5043 577 516 3330 
5044 822 690 3434 
5045 1263 1265 3146 
5046 1445 3245 3393 
5047 1697 1614 3139 
5048 2500 1521 3224 
5049 1104 148 2380 
5050 3002 3161 3240 
5051 2598 2595 2797 
5052 1499 1201 3145 
5053 1040 156 3328 
5054 2935 1897 3288 
5055 2381 2261 3751 
5056 857 859 3148 
5057 1130 1132 3145 
5058 1600 1342 1601 
5059 2217 989 3221 
5060 1173 1172 1174 
5061 1479 1477 3230 
5062 1209 1918 3183 
5063 483 556 3262 
5064 1932 1601 2087 
5065 927 2888 3240 
5066 1171 1170 1172 
5067 2980 612 3611 
5068 1371 1369 3212 
5069 3639 560 3824 
5070 3208 2077 3279 
5071 2 300 1017 
5072 448 653 3059 
5073 446 542 3036 
5074 1426 1427 3098 
5075 1041 1038 1042 
5076 1304 1305 1308 
5077 739 741 742 
5078 1169 1168 1170 
5079 640 498 3285 
5080 1712 2184 3361 
5081 3027 857 3148 
5082 2976 1611 3862 
5083 981 1752 1753 
5084 825 1237 3140 
5085 542 447 3059 
5086 2448 2351 3863 
5087 977 1946 3246 
5088 2455 3017 3756 
5089 1581 1582 1816 
5090 1616 1296 1617 
5091 1348 1592 2077 
5092 1036 1035 1037 
5093 1028 1030 3333 
5094 644 482 3262 
5095 1308 1433 1975 
5096 3408 2138 3456 
5097 1682 1443 3131 
5098 756 983 1299 
5099 551 356 3351 
5100 1875 2804 3503 
5101 1611 2977 3500 
5102 2977 2256 3506 
5103 1892 1890 3229 
5104 154 153 1022 
5105 2116 2115 3306 
5106 1329 1649 3114 
5107 696 698 1343 
5108 3046 2084 3210 
5109 2008 2051 3217 
5110 2884 2881 3419 
5111 3152 1938 3279 
5112 1422 1423 3108 
5113 1783 1785 3232 
5114 2059 2060 2640 
5115 1119 2225 3305 
5116 2084 3150 3210 
5117 2535 2537 3040 
5118 609 354 3392 
5119 158 157 2405 
5120 2083 3444 3480 
5121 1736 1633 1843 
5122 1433 1434 3215 
5123 2997 1244 3134 
5124 1156 1153 1157 
5125 2443 450 3513 
5126 1637 1910 3131 
5127 756 757 983 
5128 1993 2114 2142 
5129 799 802 3178 
5130 2237 2236 3453 
5131 1167 1166 1168 
5132 149 1104 2411 
5133 733 735 736 
5134 350 351 3387 
5135 1464 1420 3114 
5136 705 703 706 
5137 303 304 2492 
5138 3198 1909 3204 
5139 1247 1682 3134 
5140 1463 1464 3117 
5141 1182 1184 1793 
5142 1937 2409 3179 
5143 981 1753 3219 
5144 2980 3611 3720 
5145 482 483 3262 
5146 2484 2483 2485 
5147 1030 1033 3333 
5148 1249 816 3159 
5149 729 731 732 
5150 1929 2874 3237 
5151 3154 2064 3155 
5152 3210 2104 3265 
5153 2151 2153 3263 
5154 1165 1164 1166 
5155 655 439 3062 
5156 1656 1262 3206 
5157 2341 2340 2483 
5158 2339 2338 2340 
5159 2339 2341 3365 
5160 2367 2366 3735 
5161 438 655 3063 
5162 1151 1149 3200 
5163 2060 1685 3244 
5164 1357 1356 3321 
5165 777 780 3077 
5166 1349 1348 3208 
5167 1162 1161 1164 
5168 1763 1595 3377 
5169 1928 3203 3288 
5170 2336 1807 2337 
5171 2006 2050 3003 
5172 301 302 2372 
5173 1722 1446 3102 
5174 2627 2625 3257 
5175 2238 1797 3117 
5176 1190 1180 1474 
5177 540 437 3063 
5178 1981 2063 2096 
5179 1509 1512 3072 
5180 2859 2525 3318 
5181 1975 1976 1977 
5182 677 676 678 
5183 1299 1300 1301 
5184 1038 1037 3218 
5185 2038 1585 3100 
5186 752 753 3116 
5187 1596 2147 2249 
5188 2331 2330 2332 
5189 2085 1982 3374 
5190 1057 1055 1096 
5191 2191 2039 2965 
5192 2252 1756 3162 
5193 1994 1503 3191 
5194 1542 1371 1543 
5195 2230 2229 2338 
5196 1965 1773 3170 
5197 2134 2131 3093 
5198 702 701 703 
5199 742 986 1980 
5200 2147 3638 3726 
5201 800 2806 3598 
5202 1178 1176 1603 
5203 2059 2640 2641 
5204 723 725 726 
5205 1977 1978 2324 
5206 1301 1302 1303 
5207 431 539 3041 
5208 1854 1715 3181 
5209 656 434 3064 
5210 1194 1192 3195 
5211 1034 1032 1035 
5212 1149 1147 1339 
5213 1977 2325 3363 
5214 1160 1159 1161 
5215 2216 1843 2262 
5216 1699 1688 2074 
5217 814 1248 3149 
5218 2227 2226 2229 
5219 1346 979 3246 
5220 1715 1714 3181 
5221 1303 1304 1306 
5222 700 699 701 
5223 433 656 3066 
5224 2063 2085 2370 
5225 2129 1561 3092 
5226 2235 1748 3870 
5227 2103 827 3158 
5228 1245 1158 3584 
5229 2849 2486 3495 
5230 1590 1393 3153 
5231 539 432 3066 
5232 1964 3300 3361 
5233 2290 1809 2584 
5234 1484 3133 3384 
5235 1310 1306 1460 
5236 3537 1598 3567 
5237 1968 1643 3151 
5238 1645 2122 2123 
5239 2308 1858 3071 
5240 2077 2078 3152 
5241 1645 2121 2122 
5242 430 3041 3070 
5243 1137 1395 3154 
5244 1284 1282 3272 
5245 698 697 699 
5246 1548 1685 1740 
5247 2516 2027 3313 
5248 1537 1738 3165 
5249 155 154 3124 
5250 742 743 986 
5251 1981 1982 2063 
5252 748 749 3121 
5253 2128 2127 2226 
5254 151 150 1024 
5255 1393 1444 3153 
5256 2100 3136 3248 
5257 2863 3349 3478 
5258 657 429 3070 
5259 714 1465 1991 
5260 736 1290 1318 
5261 2204 3067 3626 
5262 726 989 1989 
5263 2033 2300 3245 
5264 717 719 720 
5265 1318 1319 1320 
5266 700 702 704 
5267 720 1298 1990 
5268 2111 2110 2127 
5269 1122 1133 1135 
5270 1134 1288 1334 
5271 1753 1823 3096 
5272 1320 1321 1322 
5273 696 694 697 
5274 1740 2059 3190 
5275 2856 2829 3540 
5276 12 667 3251 
5277 1548 1338 1685 
5278 1158 1157 1159 
5279 1482 1483 1645 
5280 1975 1433 1976 
5281 711 713 714 
5282 693 692 694 
5283 1680 1413 3144 
5284 1362 1360 1535 
5285 3213 1745 3540 
5286 1791 1529 1855 
5287 2490 1796 3147 
5288 1990 2029 2030 
5289 1979 1976 3215 
5290 421 537 3051 
5291 2885 584 3803 
5292 1348 1346 1592 
5293 708 991 992 
5294 1861 1862 1962 
5295 1354 1352 1468 
5296 979 977 3246 
5297 1974 1730 2202 
5298 1741 1476 1807 
5299 1720 2490 3144 
5300 1977 1976 1978 
5301 1030 1029 1031 
5302 3126 1263 3146 
5303 691 690 692 
5304 1382 1384 3294 
5305 1827 2382 3147 
5306 1334 1521 1983 
5307 614 371 3303 
5308 736 737 1290 
5309 2030 2398 2423 
5310 3203 2935 3288 
5311 3136 1218 3248 
5312 555 3029 3585 
5313 1028 1027 1029 
5314 2109 2108 2110 
5315 2241 1948 3665 
5316 1629 1627 1867 
5317 1322 1323 1324 
5318 420 3051 3081 
5319 1724 1590 3153 
5320 3288 1897 3314 
5321 1265 1680 3146 
5322 1050 1048 1087 
5323 689 688 690 
5324 1987 1673 1988 
5325 732 733 3123 
5326 1923 3373 3447 
5327 416 536 3054 
5328 1135 1458 1459 
5329 1324 1325 1326 
5330 2742 2743 3755 
5331 1468 1352 3208 
5332 406 534 3056 
5333 357 610 3351 
5334 1299 983 1300 
5335 1174 1172 1447 
5336 659 419 3081 
5337 2540 2536 3648 
5338 1303 1302 1304 
5339 1326 1482 1505 
5340 415 3054 3083 
5341 2534 3036 3648 
5342 2239 3488 3555 
5343 1983 1984 2055 
5344 1427 1448 3098 
5345 688 686 3004 
5346 3073 1768 3487 
5347 1301 1300 1302 
5348 2074 1688 3230 
5349 1949 3002 3240 
5350 992 993 994 
5351 418 659 3082 
5352 2455 2117 3455 
5353 2006 3003 3232 
5354 3067 57 3626 
5355 2045 2044 2108 
5356 1170 1168 1484 
5357 2482 1480 3823 
5358 1459 1717 1718 
5359 148 2 2380 
5360 536 417 3082 
5361 1269 798 3178 
5362 661 414 3083 
5363 1625 1623 1728 
5364 546 2614 3687 
5365 2055 2185 2275 
5366 687 686 688 
5367 1186 1188 1519 
5368 538 2512 3747 
5369 1861 1505 1862 
5370 2352 2297 3453 
5371 1253 1638 3168 
5372 994 995 996 
5373 726 727 989 
5374 1423 1426 3108 
5375 1730 1731 3239 
5376 3158 1233 3273 
5377 3030 3031 3261 
5378 157 156 1040 
5379 2251 2562 3670 
5380 413 661 3085 
5381 2653 1709 3640 
5382 1129 2650 3459 
5383 371 372 3303 
5384 79 568 3590 
5385 2143 2217 2218 
5386 1740 1685 2059 
5387 534 407 3084 
5388 408 660 3084 
5389 2095 2327 2328 
5390 535 412 3085 
5391 996 997 998 
5392 1397 1252 3168 
5393 2043 2042 2044 
5394 1006 1369 1370 
5395 2812 1535 3321 
5396 2546 3202 3284 
5397 3104 865 3275 
5398 3338 1957 3404 
5399 2175 3387 3424 
5400 624 78 3590 
5401 523 584 3426 
5402 796 1268 3167 
5403 1736 2216 3170 
5404 2013 2204 3243 
5405 1750 3290 3400 
5406 1980 986 1981 
5407 3137 2013 3267 
5408 679 678 680 
5409 372 533 3303 
5410 1252 1253 3168 
5411 150 149 2411 
5412 2936 1836 3327 
5413 3001 553 3783 
5414 720 721 1298 
5415 2077 1592 2078 
5416 3021 642 3196 
5417 1208 2088 3300 
5418 1334 1379 1521 
5419 685 684 686 
5420 2992 3265 3317 
5421 2080 3297 3358 
5422 2123 2122 2124 
5423 149 148 1104 
5424 2412 3458 3702 
5425 1856 1855 2042 
5426 1434 1508 3215 
5427 753 756 3116 
5428 2362 2363 2364 
5429 714 715 1465 
5430 648 2823 3416 
5431 1621 1619 1698 
5432 1320 1319 1321 
5433 2957 952 3197 
5434 1032 1031 3253 
5435 1543 1371 3212 
5436 3222 2250 3223 
5437 1954 1951 3177 
5438 2746 2747 3797 
5439 2438 2615 3520 
5440 683 682 684 
5441 1318 1290 1319 
5442 652 404 3264 
5443 2809 570 3512 
5444 757 759 3186 
5445 1643 1881 3151 
5446 1951 1952 3177 
5447 1322 1321 1323 
5448 1937 1807 2336 
5449 681 680 682 
5450 2103 3158 3273 
5451 2507 2506 3633 
5452 1513 1516 3281 
5453 1586 1537 3165 
5454 498 499 3285 
5455 1042 1038 3218 
5456 1326 1325 1482 
5457 1804 2331 3239 
5458 1950 1397 3168 
5459 1166 1164 1373 
5460 1818 1609 3456 
5461 749 752 3121 
5462 2897 2896 3571 
5463 1324 1323 1325 
5464 3618 3277 3706 
5465 2104 2105 3265 
5466 3261 3031 3366 
5467 952 956 3197 
5468 1370 1371 1372 
5469 2539 2542 3291 
5470 405 3056 3264 
5471 1401 1400 3166 
5472 355 551 3392 
5473 1799 1746 2345 
5474 3086 3546 3581 
5475 1738 2839 3165 
5476 1804 2330 2331 
5477 1122 1123 1133 
5478 1962 1862 2223 
5479 1037 1035 2125 
5480 630 522 3426 
5481 1400 1524 3166 
5482 1106 1107 1122 
5483 1294 1616 3397 
5484 1714 1958 3181 
5485 1161 1159 1374 
5486 667 2909 3292 
5487 708 709 991 
5488 1600 1932 1933 
5489 1483 1325 3242 
5490 2465 1994 3191 
5491 1007 2813 3375 
5492 2095 1735 2327 
5493 1859 1456 3209 
5494 2076 1656 3206 
5495 3022 3021 3196 
5496 2642 2192 3607 
5497 1017 300 2379 
5498 1643 1880 1881 
5499 997 1102 1106 
5500 1136 1121 3305 
5501 513 634 3420 
5502 1372 1542 1544 
5503 1605 1828 3171 
5504 540 3063 3202 
5505 2070 2219 3280 
5506 2563 2564 3846 
5507 2451 2450 3473 
5508 1989 989 2143 
5509 2673 2674 3446 
5510 1933 2206 2207 
5511 1990 1298 2029 
5512 1002 1000 1112 
5513 1986 3275 3347 
5514 2412 2411 3458 
5515 3092 2268 3816 
5516 1010 1007 3375 
5517 2108 2044 2263 
5518 1099 3323 3350 
5519 705 706 708 
5520 2296 651 3612 
5521 2153 2178 3263 
5522 1037 2125 2126 
5523 2030 2029 2398 
5524 3171 2277 3172 
5525 2423 2398 2424 
5526 1395 1396 1661 
5527 3118 853 3297 
5528 1384 1693 1694 
5529 156 155 3328 
5530 1022 153 2392 
5531 1273 1386 3184 
5532 1983 1521 1984 
5533 2343 2092 3871 
5534 1568 1730 1974 
5535 2336 2337 3199 
5536 109 579 3451 
5537 2300 2303 3245 
5538 89 90 3505 
5539 2422 594 3594 
5540 1133 1134 3271 
5541 1210 2112 3347 
5542 1678 1274 3184 
5543 2393 1024 3551 
5544 1218 1220 3248 
5545 2055 1984 2185 
5546 702 703 705 
5547 1011 1113 3276 
5548 2512 3354 3747 
5549 1135 1133 1458 
5550 1294 1295 1296 
5551 1608 1875 3295 
5552 2630 2627 3257 
5553 1460 3238 3363 
5554 1991 1465 2181 
5555 1650 1194 3195 
5556 2027 2028 3313 
5557 2722 1848 3664 
5558 2062 2403 3696 
5559 1617 1296 1635 
5560 3168 1638 3326 
5561 388 1 3647 
5562 733 736 3123 
5563 1295 1297 1341 
5564 1 162 3647 
5565 2042 1855 2399 
5566 2331 2332 2357 
5567 743 745 3205 
5568 677 678 679 
5569 2210 3153 3295 
5570 2337 1807 3335 
5571 1274 1273 3184 
5572 983 757 3186 
5573 3082 659 3180 
5574 992 991 993 
5575 591 2941 3777 
5576 1459 1458 1717 
5577 1048 1046 3236 
5578 1718 1717 2067 
5579 2902 2901 3470 
5580 1661 1673 1985 
5581 435 436 3322 
5582 572 512 3420 
5583 2059 2641 3190 
5584 1526 2734 3461 
5585 1348 2077 3208 
5586 1985 1987 2394 
5587 700 701 702 
5588 1386 1966 3184 
5589 1612 3137 3267 
5590 1006 1004 1369 
5591 698 699 700 
5592 2495 2172 3472 
5593 994 993 995 
5594 996 995 997 
5595 1606 1605 3171 
5596 1976 1433 3215 
5597 737 739 3211 
5598 1480 1232 3823 
5599 1941 2199 3343 
5600 1200 1267 1381 
5601 1483 3242 3627 
5602 2702 3717 3752 
5603 1292 1293 1294 
5604 696 697 698 
5605 693 694 696 
5606 1678 3184 3340 
5607 1341 1342 1600 
5608 1384 1694 3294 
5609 1512 1513 3281 
5610 585 2679 3549 
5611 436 540 3322 
5612 2267 1612 3267 
5613 689 690 691 
5614 691 692 693 
5615 2931 3440 3510 
5616 1381 1382 1454 
5617 1524 1606 3166 
5618 1896 2146 3438 
5619 547 3201 3665 
5620 3133 1484 3282 
5621 780 781 3352 
5622 1376 1702 3385 
5623 1947 2058 3325 
5624 1592 1346 3246 
5625 574 2892 3432 
5626 1417 1598 3209 
5627 1456 1417 3209 
5628 687 688 689 
5629 1974 2202 2811 
5630 1600 1601 1932 
5631 1950 3168 3326 
5632 2231 2079 3803 
5633 2872 3635 3828 
5634 865 3078 3275 
5635 1828 2277 3171 
5636 1598 1377 3213 
5637 1542 1543 1750 
5638 473 647 3371 
5639 1126 1139 3329 
5640 2617 531 3771 
5641 2401 2304 3783 
5642 1649 1284 3272 
5643 2991 2791 3724 
5644 2905 3104 3275 
5645 2605 1641 3769 
5646 1323 1368 3242 
5647 3315 599 3396 
5648 3064 435 3322 
5649 2441 1968 3151 
5650 1023 1021 3364 
5651 1294 1293 1295 
5652 1973 1928 3288 
5653 1643 1544 1880 
5654 1099 1109 3323 
5655 2372 2373 3532 
5656 685 686 687 
5657 2525 2529 3318 
5658 727 729 3221 
5659 124 125 3286 
5660 3241 1028 3333 
5661 3184 1966 3340 
5662 1121 1119 3305 
5663 2239 2036 3510 
5664 986 743 3205 
5665 3238 1975 3363 
5666 1316 1745 3213 
5667 2307 3423 3490 
5668 756 1299 3116 
5669 2975 2321 3553 
5670 1031 1029 1101 
5671 664 133 3302 
5672 3201 2241 3665 
5673 721 723 3225 
5674 715 717 3226 
5675 1684 1487 3220 
5676 2319 2458 3780 
5677 2953 2952 3298 
5678 553 472 3371 
5679 1526 1362 3234 
5680 679 680 681 
5681 3054 2309 3083 
5682 2307 3490 3572 
5683 2289 2290 3588 
5684 1379 1596 3224 
5685 2316 1454 3294 
5686 1986 3347 3377 
5687 2636 2309 3576 
5688 759 764 3186 
5689 2337 3335 3461 
5690 3387 2175 3396 
5691 638 126 3592 
5692 9 389 3649 
5693 1090 1088 3349 
5694 1495 3065 3851 
5695 1377 1316 3213 
5696 1556 2370 3729 
5697 1290 737 3211 
5698 25 26 3307 
5699 2202 1730 3239 
5700 681 682 683 
5701 1370 1369 1371 
5702 314 9 3649 
5703 683 684 685 
5704 1018 1015 1094 
5705 3153 1444 3295 
5706 1874 1684 3220 
5707 2385 2384 3585 
5708 804 801 3773 
5709 1487 1678 3220 
5710 1372 1371 1542 
5711 58 581 3626 
5712 2805 2660 3293 
5713 458 650 3368 
5714 3366 3031 3429 
5715 956 1422 3197 
5716 709 711 3233 
5717 3424 574 3432 
5718 2180 1852 3228 
5719 1395 1136 1396 
5720 1933 1932 2206 
5721 1035 1032 3253 
5722 3406 3011 3772 
5723 2220 2448 3777 
5724 1429 1428 3641 
5725 1973 3288 3314 
5726 552 2824 3563 
5727 605 21 3497 
5728 22 669 3497 
5729 3069 1937 3179 
5730 1233 1235 3273 
5731 1292 1101 1293 
5732 545 368 3441 
5733 2888 1889 3338 
5734 2575 2576 3312 
5735 2688 2180 3228 
5736 2572 2573 3672 
5737 1031 1101 1292 
5738 127 586 3592 
5739 3403 2367 3735 
5740 1836 1993 3327 
5741 1852 1874 3228 
5742 546 457 3368 
5743 3236 2507 3633 
5744 1799 2371 3395 
5745 3138 837 3334 
5746 2207 2206 3268 
5747 2470 2469 3825 
5748 1153 1151 3227 
5749 2862 2864 3522 
5750 1888 2139 3316 
5751 516 517 3330 
5752 3157 1319 3386 
5753 2629 2631 3628 
5754 1037 2126 3218 
5755 4 345 3677 
5756 2659 532 3845 
5757 1430 1929 3691 
5758 2697 3283 3759 
5759 1557 1558 3379 
5760 2170 2169 3457 
5761 2175 2001 3315 
5762 1381 1454 2061 
5763 736 1318 3123 
5764 123 576 3763 
5765 2364 2365 2366 
5766 2224 1973 3314 
5767 989 727 3221 
5768 356 357 3351 
5769 1444 1608 3295 
5770 2887 3118 3297 
5771 806 2869 3496 
5772 3522 1131 3534 
5773 853 3027 3297 
5774 526 603 3548 
5775 1066 1064 3304 
5776 1923 1921 3373 
5777 2566 2389 3736 
5778 3009 993 3418 
5779 30 31 3445 
5780 1189 2421 3831 
5781 468 648 3416 
5782 2368 3037 3390 
5783 2256 1898 3506 
5784 2423 2553 3394 
5785 1024 2412 3551 
5786 658 424 3354 
5787 2135 3030 3439 
5788 1709 1576 3640 
5789 1574 1949 3404 
5790 2384 2195 3341 
5791 3265 2105 3317 
5792 1205 1611 3500 
5793 745 748 3205 
5794 1308 1975 3238 
5795 1985 1673 1987 
5796 1298 721 3225 
5797 688 3004 3434 
5798 3469 2266 3616 
5799 1661 1396 1673 
5800 1460 1306 3238 
5801 1964 3185 3300 
5802 1521 1379 3224 
5803 3546 2218 3581 
5804 1735 1718 3259 
5805 2394 1987 2460 
5806 1149 1339 3200 
5807 1064 1100 3304 
5808 2277 2276 3521 
5809 2403 2062 3746 
5810 392 591 3569 
5811 2480 2482 3494 
5812 2978 2975 3553 
5813 3509 1925 3532 
5814 658 2732 3631 
5815 2851 624 3543 
5816 1306 1304 3238 
5817 1465 715 3226 
5818 1360 1357 3321 
5819 349 350 3396 
5820 552 467 3416 
5821 64 629 3339 
5822 739 742 3211 
5823 2958 525 3548 
5824 1894 1416 3506 
5825 1416 1203 3500 
5826 652 2617 3771 
5827 1988 1673 3463 
5828 509 635 3512 
5829 3407 2793 3656 
5830 742 1980 3211 
5831 1338 1310 3244 
5832 765 768 3367 
5833 1579 1581 1926 
5834 1147 1144 3235 
5835 1134 1334 3271 
5836 2719 1945 3468 
5837 2353 2352 3331 
5838 991 709 3233 
5839 2094 2095 3290 
5840 2116 2760 3600 
5841 788 789 3429 
5842 1304 1308 3238 
5843 619 116 3359 
5844 2023 3334 3408 
5845 2931 2112 3440 
5846 3030 1566 3439 
5847 2364 2363 2365 
5848 424 425 3354 
5849 2639 643 3710 
5850 370 614 3433 
5851 1641 1195 3769 
5852 117 118 3680 
5853 1818 3469 3616 
5854 2554 2210 3503 
5855 1087 1048 3236 
5856 2077 3152 3279 
5857 3187 2286 3324 
5858 2897 1996 3594 
5859 1601 1683 3827 
5860 1300 1945 3301 
5861 2061 1454 2315 
5862 3195 1192 3250 
5863 1458 1133 3271 
5864 3373 2184 3447 
5865 3358 1742 3449 
5866 2317 3241 3333 
5867 2939 2188 3573 
5868 3248 1588 3320 
5869 3240 2888 3338 
5870 1226 2138 3408 
5871 663 391 3569 
5872 3212 1369 3278 
5873 597 385 3704 
5874 2038 3100 3332 
5875 2475 3596 3671 
5876 1192 1190 3250 
5877 1396 1136 3305 
5878 729 732 3221 
5879 2967 2968 3345 
5880 2687 2686 3502 
5881 1009 3276 3450 
5882 19 20 3568 
5883 629 2788 3524 
5884 1334 1983 3271 
5885 2138 2100 3320 
5886 1956 1663 3632 
5887 1529 1404 3256 
5888 726 1989 3225 
5889 720 1990 3226 
5890 3010 3011 3406 
5891 3159 820 3353 
5892 1031 1292 3253 
5893 1474 1180 3252 
5894 1596 2249 3224 
5895 570 508 3512 
5896 1627 1625 3258 
5897 485 643 3483 
5898 2071 2069 3355 
5899 714 1991 3233 
5900 1886 2471 3663 
5901 2289 3588 3617 
5902 2440 2438 3520 
5903 49 594 3782 
5904 1190 1474 3250 
5905 1093 1099 3350 
5906 530 5 3697 
5907 810 3149 3356 
5908 1645 2123 3255 
5909 662 2939 3573 
5910 3051 537 3306 
5911 723 726 3225 
5912 2952 550 3298 
5913 1862 1505 3255 
5914 1139 1401 3329 
5915 1438 3016 3335 
5916 700 704 3277 
5917 3185 1208 3300 
5918 1310 1460 3244 
5919 1180 1178 3252 
5920 1362 1535 3234 
5921 3351 610 3755 
5922 1942 1940 3623 
5923 1325 1323 3242 
5924 1302 1300 3301 
5925 2606 2608 3654 
5926 2491 2653 3640 
5927 717 720 3226 
5928 3385 2343 3871 
5929 1178 1603 3252 
5930 1151 3200 3227 
5931 1920 1922 3488 
5932 1685 1338 3244 
5933 1638 2007 3326 
5934 705 2585 3499 
5935 1903 1997 3539 
5936 2947 3098 3856 
5937 1157 1153 3227 
5938 1603 1176 3266 
5939 1505 1482 3255 
5940 2965 2038 3332 
5941 18 19 3593 
5942 1113 1568 3276 
5943 2856 1745 3514 
5944 1184 1186 3254 
5945 2753 1726 3869 
5946 1718 2067 3259 
5947 2348 2102 3389 
5948 2023 3408 3456 
5949 611 3561 3654 
5950 556 484 3483 
5951 2105 3182 3317 
5952 3148 1742 3358 
5953 711 714 3233 
5954 2080 3358 3449 
5955 1343 698 3277 
5956 2529 2539 3318 
5957 1290 3211 3386 
5958 3335 3016 3461 
5959 2879 3138 3334 
5960 2069 2068 3411 
5961 2183 3132 3625 
5962 1867 1627 3258 
5963 1004 1002 3278 
5964 3693 2658 3699 
5965 837 3125 3334 
5966 1176 1174 3266 
5967 1952 1950 3326 
5968 2048 3353 3444 
5969 1963 2500 3820 
5970 1623 1621 3270 
5971 457 458 3368 
5972 5 11 3697 
5973 2514 538 3541 
5974 1949 3240 3338 
5975 1921 1964 3373 
5976 147 4 3677 
5977 2234 2908 3799 
5978 2125 1035 3253 
5979 2100 3248 3320 
5980 2090 1941 3343 
5981 1482 1645 3255 
5982 2608 2609 3298 
5983 2817 634 3688 
5984 1131 2898 3559 
5985 2270 3109 3310 
5986 2741 2098 3380 
5987 2417 2020 3479 
5988 2509 2481 3481 
5989 472 473 3371 
5990 396 543 3599 
5991 3109 1872 3310 
5992 2933 1842 3574 
5993 1447 1172 3269 
5994 1625 1728 3258 
5995 1535 1360 3321 
5996 3135 1810 3436 
5997 1615 2034 3528 
5998 1174 1447 3266 
5999 3275 3078 3347 
6000 595 2950 3707 
6001 1793 1184 3254 
6002 3297 3027 3358 
6003 2603 2972 3812 
6004 1172 1170 3269 
6005 2112 2091 3440 
6006 1339 1147 3235 
6007 1029 1027 3346 
6008 2481 2426 3620 
6009 354 355 3392 
6010 2133 3443 3727 
6011 1591 1646 3589 
6012 604 139 3775 
6013 2970 582 3407 
6014 1728 1623 3270 
6015 2884 2051 3723 
6016 3132 1942 3623 
6017 1993 2142 3327 
6018 627 395 3599 
6019 1188 1200 3274 
6020 1170 1484 3269 
6021 2327 1735 3259 
6022 3063 655 3284 
6023 453 651 3489 
6024 1090 3349 3534 
6025 3116 1935 3344 
6026 541 2915 3578 
6027 1484 1168 3282 
6028 475 554 3530 
6029 2892 609 3382 
6030 2427 2567 3865 
6031 1781 1876 3436 
6032 1341 3175 3348 
6033 2018 2200 3479 
6034 1089 1091 3807 
6035 1088 1127 3349 
6036 1454 1382 3294 
6037 1196 1155 3372 
6038 134 3 3711 
6039 3 135 3711 
6040 1910 1734 3494 
6041 23 6 3712 
6042 6 24 3712 
6043 3183 1924 3440 
6044 2374 2339 3365 
6045 1864 2749 3809 
6046 1966 2072 3340 
6047 752 3116 3344 
6048 2379 2372 3532 
6049 2614 2432 3687 
6050 1621 1698 3270 
6051 1401 3166 3324 
6052 1168 1166 3282 
6053 1855 1529 3256 
6054 1830 2076 3410 
6055 3062 2526 3646 
6056 1476 1438 3335 
6057 3361 2184 3373 
6058 544 452 3489 
6059 803 806 3496 
6060 2646 1744 3859 
6061 1103 2826 3818 
6062 1131 1092 3534 
6063 1106 2873 3466 
6064 621 3615 3805 
6065 1860 1861 3750 
6066 1807 1476 3335 
6067 781 784 3352 
6068 1619 1617 3287 
6069 2757 571 3448 
6070 2171 2221 3819 
6071 38 39 3369 
6072 3214 2924 3708 
6073 647 474 3530 
6074 3719 2134 3738 
6075 2380 2381 3751 
6076 443 654 3504 
6077 2993 1712 3361 
6078 2854 2851 3543 
6079 2016 2480 3494 
6080 3202 3063 3284 
6081 1087 3236 3633 
6082 2360 2722 3664 
6083 2876 3159 3353 
6084 1298 3225 3405 
6085 386 665 3704 
6086 1635 1296 3348 
6087 3499 2332 3842 
6088 3078 1210 3347 
6089 3344 3020 3554 
6090 2796 2687 3552 
6091 1164 1161 3283 
6092 3215 1508 3362 
6093 1698 1619 3287 
6094 1373 1164 3283 
6095 3149 2838 3356 
6096 451 544 3513 
6097 2949 2948 3602 
6098 1595 1986 3377 
6099 820 3140 3353 
6100 1166 1373 3282 
6101 2544 2538 3501 
6102 1611 3014 3862 
6103 2309 3054 3576 
6104 764 765 3367 
6105 1343 3277 3618 
6106 1186 1519 3254 
6107 1927 3219 3336 
6108 1027 1023 3364 
6109 3001 2301 3601 
6110 2848 3763 3864 
6111 1880 1544 3296 
6112 1996 2037 3594 
6113 25 3307 3308 
6114 792 3167 3366 
6115 541 442 3504 
6116 3048 810 3356 
6117 567 2994 3525 
6118 1296 1295 3348 
6119 2723 3406 3772 
6120 2403 3530 3696 
6121 1942 3132 3643 
6122 2399 1855 3256 
6123 2106 1912 3760 
6124 1002 1112 3278 
6125 1161 1374 3283 
6126 1842 2118 3574 
6127 3127 2366 3657 
6128 3121 752 3344 
6129 140 141 3378 
6130 3211 1980 3386 
6131 3270 1698 3312 
6132 2754 672 3415 
6133 698 700 3277 
6134 1519 1188 3274 
6135 1544 1542 3296 
6136 602 2349 3798 
6137 1127 1084 3529 
6138 466 552 3563 
6139 1374 1159 3309 
6140 384 597 3714 
6141 2004 2002 3413 
6142 3663 2471 3814 
6143 2982 577 3389 
6144 1369 1004 3278 
6145 1465 3226 3412 
6146 1983 2055 3425 
6147 1962 2223 3401 
6148 3320 2266 3469 
6149 3245 2303 3393 
6150 1996 2897 3843 
6151 1982 3205 3374 
6152 2927 3314 3438 
6153 3495 2596 3527 
6154 2081 1799 3395 
6155 1568 1974 3276 
6156 1105 1098 3667 
6157 87 88 3376 
6158 3167 1934 3366 
6159 1617 1635 3287 
6160 470 3001 3601 
6161 991 3233 3418 
6162 1021 1018 3311 
6163 3446 1722 3575 
6164 3290 2095 3400 
6165 2321 2975 3862 
6166 3129 931 3411 
6167 2846 1876 3622 
6168 1775 1965 3465 
6169 3448 2853 3800 
6170 3132 2891 3643 
6171 1097 1131 3559 
6172 351 574 3387 
6173 2137 2224 3684 
6174 2872 1967 3635 
6175 2791 2790 3724 
6176 3181 1958 3459 
6177 2053 2209 3524 
6178 1426 3098 3417 
6179 487 557 3710 
6180 2630 3257 3381 
6181 428 657 3541 
6182 445 3036 3564 
6183 1508 3072 3362 
6184 1745 1314 3514 
6185 3027 3148 3358 
6186 2115 2113 3636 
6187 3480 3053 3650 
6188 3144 2197 3761 
6189 369 370 3433 
6190 2136 2251 3435 
6191 2139 1887 3707 
6192 3246 1946 3398 
6193 3314 1897 3438 
6194 2365 2363 3511 
6195 2775 2770 3795 
6196 467 468 3416 
6197 1013 1010 3375 
6198 1990 2030 3412 
6199 2819 2017 3421 
6200 3387 574 3424 
6201 2478 2479 3454 
6202 3508 1952 3840 
6203 2791 2991 3762 
6204 2201 1995 3586 
6205 2679 48 3782 
6206 1159 1157 3309 
6207 2173 2280 3855 
6208 1981 2096 3485 
6209 2946 2947 3856 
6210 2051 1711 3723 
6211 2835 3537 3567 
6212 3235 1866 3752 
6213 2988 572 3484 
6214 441 541 3578 
6215 2057 2000 3424 
6216 1295 1341 3348 
6217 1200 1381 3274 
6218 1629 1867 3422 
6219 692 822 3837 
6220 648 469 3601 
6221 1979 3215 3362 
6222 3056 534 3357 
6223 2125 3253 3397 
6224 1975 1977 3363 
6225 2758 1954 3658 
6226 1573 1574 3723 
6227 3037 2137 3390 
6228 3123 1936 3399 
6229 1101 1029 3346 
6230 2906 547 3682 
6231 455 3024 3612 
6232 1875 1686 3545 
6233 2881 639 3419 
6234 3355 2069 3411 
6235 538 427 3541 
6236 368 369 3441 
6237 3253 1292 3397 
6238 1542 1750 3296 
6239 2975 2976 3862 
6240 654 444 3564 
6241 2544 1428 3810 
6242 1879 2289 3848 
6243 2249 2147 3726 
6244 1558 1579 3379 
6245 2126 2504 3808 
6246 3464 2583 3639 
6247 2306 2307 3572 
6248 617 2583 3464 
6249 108 109 3451 
6250 512 513 3420 
6251 2650 3181 3459 
6252 2633 2630 3381 
6253 785 788 3557 
6254 1823 3044 3597 
6255 1753 3096 3336 
6256 2083 3480 3650 
6257 643 486 3710 
6258 3219 1753 3336 
6259 2243 1769 3606 
6260 3306 537 3678 
6261 1789 3009 3587 
6262 1551 1376 3385 
6263 2456 2455 3756 
6264 3164 1551 3538 
6265 2858 1111 3674 
6266 1899 2509 3481 
6267 522 523 3426 
6268 3205 748 3374 
6269 2280 3442 3593 
6270 3062 440 3578 
6271 3225 1989 3405 
6272 2217 3221 3399 
6273 2205 3666 3787 
6274 670 2889 3700 
6275 3201 383 3714 
6276 689 691 3591 
6277 2117 2739 3455 
6278 651 454 3612 
6279 616 2559 3624 
6280 3100 1722 3446 
6281 2184 2213 3447 
6282 596 30 3445 
6283 631 399 3779 
6284 2291 2189 3787 
6285 548 3042 3370 
6286 3331 1669 3595 
6287 636 2991 3724 
6288 748 3121 3374 
6289 400 3035 3779 
6290 423 658 3631 
6291 2205 3209 3537 
6292 641 3010 3406 
6293 822 3179 3837 
6294 2825 465 3563 
6295 628 2778 3460 
6296 2303 2305 3393 
6297 1312 1650 3514 
6298 3035 2391 3779 
6299 1592 3246 3398 
6300 1018 1094 3311 
6301 3226 1990 3412 
6302 2411 1104 3458 
6303 2794 2022 3478 
6304 3044 2293 3597 
6305 567 3525 3801 
6306 1381 2061 3274 
6307 2431 3024 3687 
6308 2502 2099 3822 
6309 1708 1925 3509 
6310 3324 2285 3507 
6311 584 2958 3803 
6312 3554 3020 3729 
6313 1972 1962 3401 
6314 1157 3227 3309 
6315 3233 1991 3418 
6316 2441 1683 3806 
6317 2547 2140 3682 
6318 1762 1996 3843 
6319 3334 3125 3408 
6320 1880 3765 3858 
6321 2363 2652 3511 
6322 1876 1779 3622 
6323 1079 1111 3580 
6324 3462 804 3773 
6325 2114 2116 3600 
6326 3221 732 3399 
6327 2583 560 3639 
6328 3041 539 3634 
6329 3179 2409 3837 
6330 537 422 3631 
6331 2924 3391 3708 
6332 3020 1556 3729 
6333 403 652 3771 
6334 2381 1017 3517 
6335 2093 1830 3410 
6336 1132 1110 3730 
6337 2700 2697 3759 
6338 2252 3162 3430 
6339 1043 1042 3698 
6340 1313 1315 3428 
6341 3451 579 3560 
6342 2154 2417 3753 
6343 3645 2645 3838 
6344 2169 3087 3740 
6345 426 538 3747 
6346 660 409 3629 
6347 1967 1530 3635 
6348 780 3352 3846 
6349 1897 1896 3438 
6350 1877 1548 3815 
6351 2482 3823 3853 
6352 3155 2064 3360 
6353 1581 1816 3342 
6354 369 3433 3441 
6355 1319 1290 3386 
6356 2682 2305 3867 
6357 1111 1076 3674 
6358 2561 1657 3719 
6359 1100 1062 3596 
6360 557 3022 3620 
6361 2327 3259 3639 
6362 792 3366 3429 
6363 2055 2275 3523 
6364 2670 2671 3716 
6365 1818 3456 3469 
6366 997 1106 3466 
6367 1401 3324 3507 
6368 2889 670 3649 
6369 2123 2124 3754 
6370 2870 599 3467 
6371 559 3007 3789 
6372 2095 2328 3400 
6373 531 402 3771 
6374 3346 1027 3364 
6375 3251 667 3802 
6376 2085 3554 3729 
6377 2132 3041 3634 
6378 2214 2659 3845 
6379 2034 2080 3449 
6380 1631 1629 3422 
6381 2107 2570 3493 
6382 1579 1926 3379 
6383 2902 3470 3583 
6384 2078 1592 3398 
6385 1473 1451 3652 
6386 2588 2255 3445 
6387 3197 1422 3470 
6388 789 792 3429 
6389 2113 3180 3636 
6390 732 3123 3399 
6391 3177 1952 3508 
6392 3267 3243 3784 
6393 1964 3361 3373 
6394 2063 2370 3518 
6395 1458 3271 3425 
6396 2174 3317 3442 
6397 2793 2356 3656 
6398 2916 2920 3854 
6399 1609 2023 3456 
6400 3200 3717 3731 
6401 2050 2942 3423 
6402 1988 3463 3645 
6403 2223 1862 3603 
6404 2901 3197 3470 
6405 1292 1294 3397 
6406 2297 2237 3453 
6407 2895 3310 3571 
6408 1810 1781 3436 
6409 2241 3201 3714 
6410 690 688 3434 
6411 1108 1069 3681 
6412 2707 2014 3467 
6413 2012 2011 3437 
6414 3349 2863 3534 
6415 2178 2177 3609 
6416 2883 3404 3833 
6417 2057 3424 3432 
6418 3125 1226 3408 
6419 1742 3073 3449 
6420 1337 2658 3693 
6421 3119 666 3673 
6422 2263 2044 3531 
6423 3188 660 3629 
6424 2486 2596 3495 
6425 2103 3053 3480 
6426 554 2508 3696 
6427 1936 3086 3581 
6428 2140 2677 3690 
6429 3249 2223 3603 
6430 3108 1426 3417 
6431 1932 2087 3547 
6432 1878 2101 3486 
6433 650 3049 3520 
6434 1094 1015 3452 
6435 1978 2572 3582 
6436 2258 1923 3447 
6437 1449 1473 3725 
6438 1945 3186 3468 
6439 3162 2090 3430 
6440 1112 1000 3515 
6441 2596 2597 3527 
6442 549 3720 3812 
6443 2182 2358 3818 
6444 3187 1606 3427 
6445 2754 3415 3839 
6446 2029 1298 3405 
6447 2767 2766 3613 
6448 2331 2357 3383 
6449 693 696 3482 
6450 1926 1581 3342 
6451 1843 1633 3642 
6452 2422 2679 3782 
6453 2652 1961 3511 
6454 3709 2753 3869 
6455 2705 1394 3498 
6456 2727 2725 3519 
6457 2404 2170 3457 
6458 702 705 3499 
6459 3353 3140 3444 
6460 3271 1983 3425 
6461 1934 3261 3366 
6462 2839 2135 3439 
6463 3363 2325 3474 
6464 666 2870 3477 
6465 1587 2682 3867 
6466 1050 1087 3556 
6467 1961 2498 3511 
6468 2870 3467 3477 
6469 3269 1484 3384 
6470 3022 3196 3481 
6471 2743 3351 3755 
6472 2181 1465 3412 
6473 3018 558 3455 
6474 2671 2673 3575 
6475 2778 2777 3508 
6476 2298 2443 3513 
6477 1863 2274 3737 
6478 993 991 3418 
6479 1071 1108 3692 
6480 568 2850 3502 
6481 3558 2643 3873 
6482 2091 3183 3440 
6483 1678 3340 3431 
6484 2581 2248 3835 
6485 3485 2096 3604 
6486 3458 1104 3751 
6487 1096 1055 3695 
6488 2561 3719 3738 
6489 484 485 3483 
6490 3404 1957 3833 
6491 1059 1057 3671 
6492 3182 589 3442 
6493 1717 1458 3425 
6494 3239 2331 3383 
6495 2942 535 3490 
6496 3011 2730 3772 
6497 2803 2801 3492 
6498 1015 1013 3452 
6499 3367 768 3830 
6500 2062 2589 3746 
6501 2443 2353 3491 
6502 2833 3402 3811 
6503 3488 2239 3510 
6504 2342 1907 3788 
6505 3345 2968 3391 
6506 2914 1972 3476 
6507 2175 3315 3396 
6508 2924 3345 3391 
6509 452 453 3489 
6510 1582 1969 3608 
6511 2014 2089 3477 
6512 90 621 3505 
6513 1356 1354 3734 
6514 1669 3501 3595 
6515 1777 1775 3465 
6516 2042 2399 3531 
6517 1958 2190 3459 
6518 764 3367 3468 
6519 3313 2028 3407 
6520 1841 3702 3866 
6521 2291 3787 3807 
6522 3220 1678 3431 
6523 3467 2014 3477 
6524 2334 2093 3462 
6525 2765 2775 3703 
6526 3276 1974 3450 
6527 576 3135 3864 
6528 2207 3268 3451 
6529 1768 2242 3487 
6530 3157 3386 3485 
6531 549 2980 3720 
6532 3413 2148 3785 
6533 2293 3045 3832 
6534 2188 2215 3573 
6535 3364 1021 3797 
6536 3196 642 3794 
6537 2347 3405 3651 
6538 2093 3410 3462 
6539 2863 3522 3534 
6540 2268 2680 3816 
6541 3140 1237 3444 
6542 1336 2676 3679 
6543 2020 2018 3479 
6544 3139 2244 3768 
6545 1949 3338 3404 
6546 2781 3460 3796 
6547 2897 3571 3843 
6548 2060 3244 3474 
6549 3389 2102 3688 
6550 3397 1616 3471 
6551 3425 2055 3523 
6552 2673 3446 3575 
6553 1598 3213 3567 
6554 2778 3508 3840 
6555 3236 1046 3698 
6556 442 443 3504 
6557 3549 2240 3555 
6558 3268 108 3451 
6559 3332 3100 3446 
6560 2541 3491 3595 
6561 3173 2277 3521 
6562 2202 3239 3383 
6563 2034 3487 3528 
6564 2475 2473 3542 
6565 1332 681 3850 
6566 2081 3097 3535 
6567 3036 542 3648 
6568 3237 3496 3742 
6569 1882 3538 3598 
6570 21 22 3497 
6571 1974 2811 3450 
6572 3337 2946 3725 
6573 1924 1920 3488 
6574 2766 2765 3562 
6575 1394 2442 3770 
6576 2628 2632 3577 
6577 663 3569 3863 
6578 3171 3172 3427 
6579 683 3173 3850 
6580 2537 2544 3810 
6581 2191 2497 3852 
6582 3444 1237 3480 
6583 2674 3332 3446 
6584 645 2907 3684 
6585 998 997 3466 
6586 3180 659 3636 
6587 140 3378 3775 
6588 508 509 3512 
6589 1311 1547 3526 
6590 1237 2103 3480 
6591 2759 2758 3658 
6592 3145 1132 3623 
6593 2217 3399 3581 
6594 3311 1094 3414 
6595 1422 3108 3470 
6596 1313 3428 3769 
6597 1203 1205 3500 
6598 1734 2016 3494 
6599 3553 2320 3793 
6600 3016 1526 3461 
6601 3474 2325 3669 
6602 2658 1336 3699 
6603 1013 3375 3452 
6604 1898 1894 3506 
6605 1695 2723 3772 
6606 3765 2560 3858 
6607 2963 611 3654 
6608 1473 3337 3725 
6609 3317 3182 3442 
6610 621 2663 3615 
6611 3237 802 3496 
6612 1599 1660 3565 
6613 2221 3533 3819 
6614 2321 2320 3553 
6615 2074 3069 3614 
6616 3400 3624 3694 
6617 2126 2125 3471 
6618 3024 546 3687 
6619 2177 2503 3609 
6620 1066 3304 3681 
6621 2863 2862 3522 
6622 2724 566 3672 
6623 687 689 3743 
6624 450 451 3513 
6625 802 803 3496 
6626 1374 3713 3759 
6627 3305 2225 3463 
6628 1606 3171 3427 
6629 3421 1127 3529 
6630 3121 3344 3554 
6631 2604 2606 3561 
6632 2036 2931 3510 
6633 2050 3423 3516 
6634 2257 3549 3555 
6635 2538 2541 3501 
6636 1673 1396 3463 
6637 2127 2110 3693 
6638 3399 1936 3581 
6639 788 3435 3557 
6640 3496 2869 3742 
6641 3354 425 3747 
6642 3458 2260 3702 
6643 2272 2271 3525 
6644 2824 2825 3563 
6645 2060 3474 3669 
6646 2108 2263 3675 
6647 588 2927 3619 
6648 2626 2628 3655 
6649 474 475 3530 
6650 3186 764 3468 
6651 644 3262 3736 
6652 3244 1460 3474 
6653 1882 3164 3538 
6654 2432 2431 3687 
6655 2624 2626 3767 
6656 2829 2831 3540 
6657 564 2640 3744 
6658 2982 3389 3688 
6659 1816 1582 3608 
6660 1557 3379 3825 
6661 3128 585 3829 
6662 3007 640 3607 
6663 1565 2886 3781 
6664 695 693 3482 
6665 2819 3529 3580 
6666 594 2897 3594 
6667 2991 570 3762 
6668 671 2783 3647 
6669 2507 3236 3698 
6670 3725 2946 3856 
6671 596 3445 3732 
6672 1512 3281 3778 
6673 1339 3235 3752 
6674 2119 3618 3706 
6675 427 428 3541 
6676 2676 1440 3834 
6677 1980 1981 3485 
6678 2892 3382 3432 
6679 2207 3451 3560 
6680 3310 1872 3571 
6681 2760 2116 3766 
6682 3352 2563 3846 
6683 2749 2142 3809 
6684 2994 3156 3525 
6685 3243 2803 3784 
6686 607 3553 3793 
6687 3386 1980 3485 
6688 2924 2923 3791 
6689 2752 2753 3566 
6690 3573 2215 3826 
6691 1848 1754 3664 
6692 1314 1312 3514 
6693 3341 2194 3683 
6694 2240 2239 3555 
6695 525 526 3548 
6696 2280 3568 3855 
6697 2419 3342 3776 
6698 1717 3425 3523 
6699 704 702 3499 
6700 2119 2586 3618 
6701 2402 2403 3746 
6702 2138 3320 3469 
6703 1904 1903 3539 
6704 3540 2831 3567 
6705 2896 2895 3571 
6706 2234 2053 3524 
6707 2274 2760 3579 
6708 998 3466 3515 
6709 2011 1615 3528 
6710 3445 2255 3732 
6711 607 2978 3553 
6712 1084 1082 3529 
6713 1000 998 3515 
6714 655 3062 3646 
6715 2085 3374 3554 
6716 2508 2062 3696 
6717 3376 564 3744 
6718 3342 1816 3776 
6719 2245 2134 3719 
6720 2388 2385 3585 
6721 2701 2700 3713 
6722 2970 3407 3656 
6723 2202 3383 3689 
6724 2096 2063 3518 
6725 2783 388 3647 
6726 2559 2560 3765 
6727 1092 1090 3534 
6728 444 445 3564 
6729 3476 561 3676 
6730 1447 3550 3562 
6731 3491 2353 3595 
6732 2102 2817 3688 
6733 3357 2269 3764 
6734 2679 2240 3549 
6735 3151 1881 3475 
6736 391 392 3569 
6737 3005 923 3728 
6738 3003 2050 3516 
6739 2258 3128 3829 
6740 2730 1695 3772 
6741 641 3406 3756 
6742 2729 2728 3552 
6743 2130 2132 3634 
6744 2831 2835 3567 
6745 2820 2818 3605 
6746 2125 3397 3471 
6747 606 2754 3839 
6748 3463 2225 3645 
6749 3628 1473 3652 
6750 1460 3363 3474 
6751 2943 3188 3629 
6752 1094 3452 3822 
6753 440 441 3578 
6754 3097 2120 3872 
6755 2782 1988 3838 
6756 2806 1882 3598 
6757 20 605 3568 
6758 2937 662 3573 
6759 3156 2272 3525 
6760 535 3085 3490 
6761 3175 2208 3637 
6762 770 2956 3602 
6763 465 466 3563 
6764 3525 2271 3801 
6765 2677 2214 3749 
6766 1017 2379 3517 
6767 1686 1819 3545 
6768 2148 3370 3785 
6769 1158 1160 3584 
6770 3585 2384 3836 
6771 2152 2150 3686 
6772 2807 635 3741 
6773 3295 1875 3503 
6774 2242 2243 3570 
6775 2505 2507 3748 
6776 590 2861 3721 
6777 3665 2547 3682 
6778 2192 2222 3607 
6779 2550 1956 3579 
6780 1922 2257 3555 
6781 3528 2242 3570 
6782 3009 3418 3587 
6783 2504 2505 3808 
6784 2208 2207 3560 
6785 2178 3663 3814 
6786 2526 2527 3646 
6787 3304 2787 3681 
6788 3349 1127 3478 
6789 2603 2604 3561 
6790 3717 2701 3731 
6791 1450 1429 3641 
6792 2011 3528 3570 
6793 2373 3403 3509 
6794 3157 3485 3604 
6795 2253 2176 3668 
6796 1087 3454 3556 
6797 1396 3305 3463 
6798 1646 2054 3589 
6799 1333 3107 3638 
6800 2718 3367 3830 
6801 3045 1610 3832 
6802 1103 1097 3559 
6803 2786 2784 3660 
6804 1631 3422 3642 
6805 2067 1717 3523 
6806 1777 3465 3622 
6807 565 2998 3558 
6808 2044 2042 3531 
6809 2325 2326 3669 
6810 2632 2629 3628 
6811 556 3483 3865 
6812 2276 2278 3685 
6813 3546 1333 3638 
6814 2678 2457 3849 
6815 78 79 3590 
6816 2236 2238 3565 
6817 2208 3319 3637 
6818 2819 3421 3529 
6819 784 785 3557 
6820 2506 2638 3633 
6821 2597 2599 3611 
6822 1969 3395 3608 
6823 2225 2984 3645 
6824 126 127 3592 
6825 395 396 3599 
6826 469 470 3601 
6827 3470 3108 3583 
6828 3065 1847 3851 
6829 2366 3127 3735 
6830 2358 2183 3625 
6831 2185 2914 3676 
6832 1694 3360 3701 
6833 589 18 3593 
6834 3473 1356 3734 
6835 691 695 3591 
6836 3322 540 3733 
6837 3329 1401 3507 
6838 3529 1082 3580 
6839 2702 2701 3717 
6840 2732 2550 3678 
6841 672 147 3677 
6842 3370 3042 3785 
6843 2269 2264 3764 
6844 2118 2457 3574 
6845 3418 1991 3587 
6846 3661 1877 3815 
6847 2722 2361 3659 
6848 1052 1050 3556 
6849 3262 2566 3736 
6850 2121 3627 3661 
6851 1291 2561 3738 
6852 2643 3558 3709 
6853 2426 2639 3620 
6854 2213 3217 3857 
6855 454 455 3612 
6856 2937 3573 3826 
6857 923 3129 3728 
6858 2891 2171 3643 
6859 1082 1079 3580 
6860 3456 2138 3469 
6861 1516 2796 3821 
6862 3086 1333 3546 
6863 3018 3455 3794 
6864 2206 1932 3547 
6865 2723 1695 3849 
6866 670 314 3649 
6867 2378 3131 3844 
6868 565 3558 3873 
6869 2068 3005 3728 
6870 3611 2599 3720 
6871 2680 1863 3737 
6872 3455 2739 3794 
6873 1750 3400 3694 
6874 3625 1132 3730 
6875 1948 2547 3665 
6876 2826 2182 3818 
6877 3680 569 3792 
6878 3550 2766 3562 
6879 3438 2146 3619 
6880 3527 2597 3611 
6881 2256 2974 3732 
6882 2037 2422 3594 
6883 2727 3519 3778 
6884 2767 3613 3739 
6885 3427 3172 3536 
6886 2121 1483 3627 
6887 422 423 3631 
6888 3521 1332 3850 
6889 2292 2293 3832 
6890 118 569 3680 
6891 2792 2791 3762 
6892 409 410 3629 
6893 3209 1598 3537 
6894 2096 3486 3604 
6895 57 58 3626 
6896 2783 671 3757 
6897 2215 3176 3826 
6898 3524 2209 3868 
6899 2238 3117 3577 
6900 3080 663 3863 
6901 1744 3722 3859 
6902 3457 2169 3740 
6903 3228 1874 3543 
6904 2589 1587 3804 
6905 3405 1989 3651 
6906 1904 3539 3760 
6907 3713 2700 3759 
6908 2210 3295 3503 
6909 3242 1368 3653 
6910 1022 2392 3535 
6911 389 2889 3649 
6912 2536 2534 3648 
6913 3604 3486 3653 
6914 2747 3364 3797 
6915 1663 2129 3632 
6916 1538 1841 3866 
6917 3703 2775 3795 
6918 1551 3385 3871 
6919 11 3251 3697 
6920 1447 3269 3550 
6921 1722 3102 3575 
6922 2643 2642 3873 
6923 2186 1886 3663 
6924 1769 2270 3606 
6925 2776 2644 3869 
6926 2209 2554 3868 
6927 2869 2342 3742 
6928 162 671 3647 
6929 2324 1978 3582 
6930 3085 661 3572 
6931 2266 2267 3616 
6932 3498 1394 3770 
6933 3169 2121 3661 
6934 2808 2807 3741 
6935 3054 536 3576 
6936 1819 1818 3616 
6937 3087 2164 3708 
6938 3302 134 3711 
6939 24 3308 3712 
6940 2218 2217 3581 
6941 3431 3340 3800 
6942 1635 3348 3637 
6943 1062 1059 3596 
6944 385 386 3704 
6945 3669 2326 3744 
6946 2196 2441 3806 
6947 1861 1963 3750 
6948 3490 3085 3572 
6949 3542 1100 3596 
6950 2835 2836 3666 
6951 3270 3312 3621 
6952 2219 2220 3777 
6953 2823 2235 3758 
6954 3557 2251 3670 
6955 3768 2054 3799 
6956 3360 3111 3701 
6957 3345 2924 3791 
6958 2318 2319 3780 
6959 3217 593 3857 
6960 383 384 3714 
6961 3255 2123 3603 
6962 540 3202 3733 
6963 2972 549 3812 
6964 1779 1777 3622 
6965 2144 1430 3691 
6966 2142 2114 3600 
6967 3395 2371 3608 
6968 1576 2073 3640 
6969 1793 3254 3544 
6970 3638 3107 3726 
6971 2497 1291 3852 
6972 3096 1823 3597 
6973 2541 2540 3715 
6974 3080 2247 3700 
6975 1680 3144 3761 
6976 1650 3195 3811 
6977 3423 2942 3490 
6978 1991 2181 3587 
6979 1530 2144 3635 
6980 3720 2601 3812 
6981 1940 3145 3623 
6982 1748 2254 3870 
6983 3053 1591 3650 
6984 2243 2981 3718 
6985 3281 1516 3821 
6986 2974 596 3732 
6987 2244 3589 3768 
6988 2212 2211 3733 
6989 2599 2601 3720 
6990 2124 2187 3615 
6991 3227 3200 3731 
6992 3266 1447 3562 
6993 632 2970 3656 
6994 1957 3316 3833 
6995 2907 3390 3684 
6996 3289 1881 3858 
6997 2244 2083 3650 
6998 646 3341 3683 
6999 3190 2187 3847 
7000 3452 2502 3822 
7001 3435 2251 3557 
7002 1022 3535 3872 
7003 3442 589 3593 
7004 2459 3768 3799 
7005 486 487 3710 
7006 2232 2074 3614 
7007 1098 1103 3667 
7008 2938 530 3697 
7009 2500 3224 3820 
7010 3556 2479 3695 
7011 3461 2734 3644 
7012 1451 1599 3652 
7013 135 2979 3711 
7014 2330 2119 3706 
7015 801 800 3773 
7016 669 23 3712 
7017 3379 2470 3825 
7018 3486 2096 3518 
7019 2626 3655 3767 
7020 2981 592 3718 
7021 1633 1631 3642 
7022 1683 2746 3806 
7023 2271 2273 3801 
7024 3284 655 3646 
7025 1232 1520 3823 
7026 608 2906 3690 
7027 3706 704 3842 
7028 1368 3157 3604 
7029 3304 1100 3586 
7030 2092 2333 3871 
7031 2079 2885 3803 
7032 3174 567 3801 
7033 634 2982 3688 
7034 2358 3667 3818 
7035 586 2916 3854 
7036 1695 2678 3849 
7037 345 3119 3677 
7038 3269 3384 3550 
7039 3105 2328 3824 
7040 1887 2368 3707 
7041 2211 3322 3733 
7042 3491 2541 3715 
7043 1726 2776 3869 
7044 2274 3632 3737 
7045 784 3557 3670 
7046 1076 1074 3674 
7047 1052 3556 3695 
7048 3254 1519 3588 
7049 122 123 3763 
7050 768 2928 3830 
7051 2601 2603 3812 
7052 2255 2256 3732 
7053 1195 1313 3769 
7054 653 3491 3715 
7055 1862 3255 3603 
7056 3119 672 3677 
7057 3343 2199 3721 
7058 3588 1519 3617 
7059 2644 2643 3709 
7060 3454 2479 3556 
7061 2503 602 3798 
7062 2304 2302 3783 
7063 425 426 3747 
7064 603 2937 3826 
7065 593 2930 3857 
7066 3691 2342 3788 
7067 2882 2883 3833 
7068 2640 2060 3669 
7069 668 3345 3791 
7070 659 3081 3636 
7071 1069 1066 3681 
7072 3326 2007 3840 
7073 2988 3484 3741 
7074 2178 3609 3663 
7075 657 3070 3727 
7076 1104 2380 3751 
7077 552 3416 3758 
7078 1711 1573 3723 
7079 3199 2337 3644 
7080 3034 646 3683 
7081 1880 3296 3765 
7082 3117 1464 3655 
7083 2353 3331 3595 
7084 1074 1071 3692 
7085 3348 3175 3637 
7086 3374 3121 3554 
7087 2671 3575 3716 
7088 2554 3339 3868 
7089 1989 2143 3651 
7090 139 140 3775 
7091 402 403 3771 
7092 48 49 3782 
7093 2120 3124 3872 
7094 1095 1089 3807 
7095 3402 1650 3811 
7096 1374 3309 3713 
7097 1057 1096 3671 
7098 3251 2938 3697 
7099 1912 1904 3760 
7100 2964 1953 3828 
7101 399 400 3779 
7102 2893 2149 3860 
7103 3307 607 3793 
7104 3312 2576 3621 
7105 1924 3488 3510 
7106 2087 1601 3827 
7107 3202 2212 3733 
7108 2334 3462 3773 
7109 1907 2964 3788 
7110 3613 2699 3739 
7111 2853 3431 3800 
7112 652 3264 3774 
7113 3223 1332 3685 
7114 3411 2068 3728 
7115 1110 1105 3730 
7116 635 2988 3741 
7117 3124 1022 3872 
7118 3655 1464 3767 
7119 1954 3177 3658 
7120 3484 2808 3741 
7121 3674 1074 3692 
7122 2110 2108 3675 
7123 2322 2323 3786 
7124 2640 3669 3744 
7125 1055 1052 3695 
7126 3577 3117 3655 
7127 2320 2322 3793 
7128 3176 603 3826 
7129 2164 3214 3708 
7130 3624 2559 3694 
7131 3103 1557 3825 
7132 560 3105 3824 
7133 1046 1043 3698 
7134 649 3413 3785 
7135 1910 3494 3853 
7136 2156 2154 3753 
7137 2054 2234 3799 
7138 1883 2035 3813 
7139 2330 3706 3842 
7140 3014 2321 3862 
7141 1728 3270 3621 
7142 2337 3461 3644 
7143 3229 2173 3855 
7144 2229 2226 3679 
7145 608 3690 3749 
7146 2226 2127 3699 
7147 2206 3547 3861 
7148 2699 2698 3739 
7149 1448 1449 3725 
7150 2273 3174 3801 
7151 3102 1495 3716 
7152 3277 704 3706 
7153 2811 2202 3689 
7154 3156 636 3724 
7155 2527 3284 3646 
7156 3437 2011 3570 
7157 3017 641 3756 
7158 3487 2242 3528 
7159 2252 3430 3839 
7160 2332 2330 3842 
7161 3107 1860 3726 
7162 2459 3139 3768 
7163 2979 3302 3711 
7164 3108 3417 3583 
7165 2366 2365 3657 
7166 2955 608 3749 
7167 2189 2205 3787 
7168 3308 669 3712 
7169 2728 3281 3821 
7170 2370 2085 3729 
7171 694 692 3837 
7172 3059 653 3715 
7173 1878 3486 3518 
7174 2642 3285 3873 
7175 3575 3102 3716 
7176 3651 2143 3722 
7177 2908 2459 3799 
7178 1599 3565 3705 
7179 761 687 3743 
7180 2143 2218 3722 
7181 3058 2272 3841 
7182 610 2953 3755 
7183 1354 1468 3734 
7184 2439 2893 3860 
7185 2400 2402 3804 
7186 2402 3746 3804 
7187 2257 2258 3829 
7188 1603 3703 3795 
7189 3679 2226 3699 
7190 3011 559 3789 
7191 1548 1740 3815 
7192 2134 3093 3738 
7193 2680 3737 3816 
7194 2914 3476 3676 
7195 3190 2641 3805 
7196 3135 3436 3864 
7197 3788 2964 3828 
7198 2628 3577 3655 
7199 642 3018 3794 
7200 3169 3815 3847 
7201 3804 1587 3867 
7202 3678 2550 3766 
7203 2400 3804 3867 
7204 1710 3403 3735 
7205 3569 2448 3863 
7206 1872 1762 3843 
7207 669 3308 3786 
7208 3195 2773 3811 
7209 2065 2908 3796 
7210 1740 3190 3847 
7211 2457 2723 3849 
7212 3285 565 3873 
7213 3447 2213 3630 
7214 1519 3274 3617 
7215 3417 2949 3583 
7216 3222 2278 3659 
7217 656 3064 3745 
7218 1464 3114 3767 
7219 2262 1843 3790 
7220 562 3249 3754 
7221 3316 2882 3833 
7222 3535 3097 3872 
7223 1042 3218 3748 
7224 3129 3411 3728 
7225 1368 3604 3653 
7226 2289 3617 3848 
7227 3815 1740 3847 
7228 3042 649 3785 
7229 3483 2427 3865 
7230 2540 3059 3715 
7231 2305 2400 3867 
7232 2144 3788 3828 
7233 3544 3254 3588 
7234 1603 3266 3703 
7235 3352 784 3670 
7236 3072 1512 3778 
7237 3032 555 3836 
7238 3690 2677 3749 
7239 532 2955 3845 
7240 2205 3537 3666 
7241 2072 3448 3800 
7242 3264 2203 3774 
7243 3746 2589 3804 
7244 3093 2191 3852 
7245 2927 3438 3619 
7246 2451 3473 3734 
7247 1929 3237 3742 
7248 569 3207 3792 
7249 3749 2214 3845 
7250 3617 2061 3848 
7251 3040 2537 3810 
7252 3200 1339 3717 
7253 2229 3679 3834 
7254 2129 3092 3816 
7255 2089 3415 3673 
7256 2861 3343 3721 
7257 3737 2129 3816 
7258 3443 657 3727 
7259 2955 3749 3845 
7260 3224 2249 3820 
7261 3274 2061 3617 
7262 1448 3725 3856 
7263 3565 2238 3705 
7264 3501 2541 3595 
7265 3460 2065 3796 
7266 605 3229 3855 
7267 3430 606 3839 
7268 2326 3376 3744 
7269 1336 3679 3699 
7270 3571 1872 3843 
7271 2968 3457 3740 
7272 3296 1750 3694 
7273 3131 1910 3844 
7274 2275 2185 3817 
7275 3263 2178 3814 
7276 3390 2137 3684 
7277 3400 2328 3624 
7278 3844 1910 3853 
7279 2338 2229 3834 
7280 2267 3267 3784 
7281 3077 780 3846 
7282 629 3524 3868 
7283 3384 2699 3613 
7284 3477 2089 3673 
7285 681 683 3850 
7286 3787 1095 3807 
7287 2258 3447 3630 
7288 3266 3562 3703 
7289 2371 2345 3831 
7290 3268 2206 3861 
7291 2328 2327 3824 
7292 3679 2676 3834 
7293 3309 3227 3731 
7294 2187 3169 3847 
7295 666 3477 3673 
7296 3472 656 3745 
7297 2253 3668 3757 
7298 3098 1448 3856 
7299 2632 3628 3652 
7300 3359 2262 3790 
7301 2322 3307 3793 
7302 667 3292 3802 
7303 3738 3093 3852 
7304 3558 2753 3709 
7305 2517 3844 3853 
7306 3748 3218 3808 
7307 3652 1599 3705 
7308 1881 1880 3858 
7309 3577 2632 3705 
7310 2475 3542 3596 
7311 3283 1374 3759 
7312 3391 2968 3740 
7313 3252 1603 3795 
7314 3409 1680 3761 
7315 1291 3738 3852 
7316 3537 2835 3666 
7317 2238 3577 3705 
7318 2061 2315 3848 
7319 3416 2823 3758 
7320 2290 3544 3588 
7321 3562 2765 3703 
7322 3218 2126 3808 
7323 3550 3384 3613 
7324 2199 3533 3721 
7325 3609 2186 3663 
7326 3486 2101 3653 
7327 1021 3311 3797 
7328 3339 629 3868 
7329 592 3437 3718 
7330 2505 3748 3808 
7331 2641 3505 3805 
7332 2632 3652 3705 
7333 3549 2257 3829 
7334 3340 2072 3800 
7335 1952 3326 3840 
7336 3609 2503 3798 
7337 3675 1337 3693 
7338 2766 3550 3613 
7339 2035 3357 3764 
7340 3173 3521 3850 
7341 585 3549 3829 
7342 3436 2848 3864 
7343 3414 1094 3822 
7344 3570 2243 3718 
7345 3561 2606 3654 
7346 2796 3552 3821 
7347 2185 3676 3817 
7348 3494 2482 3853 
7349 3437 3570 3718 
7350 3492 2267 3784 
7351 1988 3645 3838 
7352 2186 3609 3798 
7353 3533 590 3721 
7354 2803 3492 3784 
7355 2930 3630 3857 
7356 2550 3579 3766 
7357 3589 2054 3768 
7358 704 3499 3842 
7359 3498 2439 3860 
7360 2358 3625 3730 
7361 2110 3675 3693 
7362 555 3585 3836 
7363 3713 3309 3731 
7364 3505 621 3805 
7365 3630 2213 3857 
7366 3579 2760 3766 
7367 3533 2199 3819 
7368 2218 3546 3859 
7369 3632 2129 3737 
7370 2701 3713 3731 
7371 3552 2728 3821 
7372 2249 3750 3820 
7373 3296 3694 3765 
7374 3568 605 3855 
7375 2142 3600 3809 
7376 3694 2559 3765 
7377 3764 2264 3813 
7378 3169 3661 3815 
7379 3635 2144 3828 
7380 3643 2171 3819 
7381 3667 1103 3818 
7382 2144 3691 3788 
7383 3753 586 3854 
7384 2035 3764 3813 
7385 3750 1963 3820 
7386 3722 2218 3859 
7387 2644 3709 3869 
7388 2156 3753 3854 
2 19 2 7044
7389 4992 5967 6457 
7390 3930 6659 6712 
7391 3919 5543 6478 
7392 3993 5958 6711 
7393 4117 4114 6291 
7394 6122 5686 6180 
7395 6455 5630 6934 
7396 5104 5102 6276 
7397 5618 6807 6866 
7398 4998 5952 6771 
7399 4929 6030 6139 
7400 5524 5132 6930 
7401 6147 5218 6888 
7402 5952 5950 6771 
7403 5160 5540 5833 
7404 4929 6028 6030 
7405 6021 4709 6917 
7406 5184 5712 5755 
7407 5833 5540 6487 
7408 5306 5315 5843 
7409 5977 6288 6289 
7410 5132 5524 6737 
7411 4344 6154 7032 
7412 5071 5921 6601 
7413 4847 5160 6490 
7414 4439 5822 6953 
7415 6170 6169 6902 
7416 5543 3919 6629 
7417 5577 3918 6251 
7418 5515 3882 6409 
7419 3977 6160 6763 
7420 5219 6190 6191 
7421 5744 3990 5745 
7422 6630 4978 6662 
7423 6807 5410 6866 
7424 6101 5608 6215 
7425 6123 5104 6276 
7426 5804 5409 5996 
7427 4953 5635 7175 
7428 5160 5833 6490 
7429 4114 4113 6291 
7430 4992 5966 5967 
7431 6143 6147 6888 
7432 5987 6119 6456 
7433 3975 5699 6673 
7434 6347 4266 6348 
7435 5612 3877 6427 
7436 3918 5577 6131 
7437 6158 6157 6484 
7438 6119 4732 6456 
7439 5037 5662 6637 
7440 6151 6158 6484 
7441 5924 6312 6731 
7442 3911 6029 6031 
7443 5608 3969 6100 
7444 5958 5957 6711 
7445 5635 4953 6400 
7446 6160 6159 6763 
7447 4044 4042 5796 
7448 5113 5732 5909 
7449 3891 6236 6393 
7450 4344 4346 6154 
7451 6092 4323 6670 
7452 3954 6315 6904 
7453 3978 6150 6855 
7454 5281 5794 6622 
7455 6150 6152 6855 
7456 5649 4004 6426 
7457 3988 5567 6269 
7458 5921 5933 6601 
7459 5800 6021 6917 
7460 4866 6470 7000 
7461 5843 5315 6257 
7462 6203 5433 6686 
7463 5729 4824 5914 
7464 3963 5566 6000 
7465 5576 6347 6348 
7466 4028 4104 6516 
7467 5807 6752 7104 
7468 6439 5227 6679 
7469 6659 5482 6712 
7470 6641 5952 6642 
7471 5686 5045 6180 
7472 3887 5638 5640 
7473 5174 4847 5725 
7474 3960 5618 5959 
7475 5421 6005 6559 
7476 6169 4446 6902 
7477 6296 6641 6642 
7478 5174 5729 5914 
7479 5578 6167 7101 
7480 5409 5052 5996 
7481 4038 6455 6934 
7482 5681 4783 5683 
7483 6769 5740 7005 
7484 6315 5946 6904 
7485 4019 4017 6422 
7486 5732 5113 5908 
7487 5708 5841 7000 
7488 5219 6189 6190 
7489 5822 4439 7038 
7490 4626 4671 5779 
7491 5578 5787 6167 
7492 5834 5416 6498 
7493 5656 5796 6987 
7494 5739 5440 6725 
7495 4961 5847 6814 
7496 5182 5751 7117 
7497 5796 6542 6987 
7498 4001 5622 5892 
7499 4824 5729 5730 
7500 5608 5310 6215 
7501 6845 6072 6895 
7502 4926 5777 5778 
7503 5725 4847 6490 
7504 3973 6769 7005 
7505 5642 3991 5644 
7506 6218 6560 6762 
7507 3996 449 5786 
7508 4866 5759 6470 
7509 5724 5409 5804 
7510 6005 5421 6741 
7511 5703 5304 5995 
7512 5308 6513 6550 
7513 3882 5515 6977 
7514 5593 5049 5925 
7515 6550 6513 7135 
7516 6319 5599 6320 
7517 5164 5227 6940 
7518 410 411 6286 
7519 5374 5529 5692 
7520 4162 4161 5809 
7521 3992 464 6168 
7522 5789 5633 5927 
7523 5485 6092 6670 
7524 4823 5823 5824 
7525 5522 6028 6508 
7526 5227 6027 6679 
7527 5840 5534 6308 
7528 5174 5726 5729 
7529 5945 4984 5947 
7530 184 3931 5931 
7531 5162 6144 6888 
7532 6028 4929 6508 
7533 5693 4875 5694 
7534 6455 4038 6825 
7535 4926 5776 5777 
7536 5805 6495 6559 
7537 5546 5182 7117 
7538 5951 3893 6306 
7539 5576 5575 6347 
7540 4816 5974 6680 
7541 6199 4993 6745 
7542 5977 6287 6288 
7543 5974 4816 6971 
7544 6797 4430 6976 
7545 5683 4783 5797 
7546 5731 3987 7079 
7547 4979 4785 5908 
7548 5847 5469 6814 
7549 6635 5531 7145 
7550 5653 3879 6425 
7551 3924 6586 6969 
7552 6089 6654 6757 
7553 4308 5840 6308 
7554 4383 5733 5771 
7555 5699 5961 6673 
7556 4823 5824 5852 
7557 6058 6060 6061 
7558 5794 4811 6622 
7559 5174 5725 5726 
7560 411 3878 6286 
7561 6586 5547 6969 
7562 5604 5724 5804 
7563 4795 5700 6081 
7564 6317 5599 6319 
7565 4993 6199 6857 
7566 5813 5269 6590 
7567 5756 5635 6400 
7568 6155 6664 6816 
7569 6030 6845 6895 
7570 4532 4528 5763 
7571 5963 5966 6615 
7572 3987 5731 6372 
7573 5923 6630 6662 
7574 6025 6024 6736 
7575 4984 5945 5953 
7576 5977 5976 6287 
7577 449 450 5786 
7578 5273 5691 5961 
7579 6085 6296 6642 
7580 5227 6439 6940 
7581 6309 5859 6656 
7582 5543 3981 6822 
7583 6555 6621 6836 
7584 6312 3974 6731 
7585 3981 5543 6629 
7586 5586 6237 6324 
7587 5871 3884 5873 
7588 5012 5887 6844 
7589 6033 6037 6047 
7590 4103 4040 5752 
7591 6292 6245 6926 
7592 5959 5618 7160 
7593 5449 6254 6255 
7594 5807 5809 6752 
7595 3911 6031 6933 
7596 6710 6061 6811 
7597 5618 3960 6807 
7598 5866 5864 5888 
7599 5340 5531 6635 
7600 6296 6085 7098 
7601 6953 5818 7014 
7602 5976 4121 6287 
7603 5921 5071 6964 
7604 3969 5608 6101 
7605 4042 4103 5796 
7606 5596 5689 5846 
7607 3952 5739 6725 
7608 5159 5714 5764 
7609 5273 4940 6547 
7610 4104 6515 6516 
7611 5374 5692 5748 
7612 4735 4310 6388 
7613 3894 6723 6735 
7614 5809 4161 5810 
7615 4119 6053 6063 
7616 5841 4866 7000 
7617 3875 6002 6332 
7618 4532 5688 6574 
7619 6237 5586 6949 
7620 5859 6309 7005 
7621 6116 6115 6176 
7622 3946 5574 6891 
7623 5574 3946 6519 
7624 5873 3997 5874 
7625 6448 3959 6967 
7626 5433 6203 6773 
7627 5981 6797 6976 
7628 5628 5625 5719 
7629 4814 5611 6435 
7630 5172 5675 5928 
7631 6245 6292 6945 
7632 5624 4483 5719 
7633 5930 6455 6825 
7634 5874 3997 5875 
7635 6349 5352 6458 
7636 5661 4424 6584 
7637 6113 4817 6595 
7638 5304 5703 7007 
7639 6115 4421 6176 
7640 6002 5672 6332 
7641 3887 5640 5641 
7642 6776 6192 6784 
7643 5003 4828 6674 
7644 5691 5273 6547 
7645 5671 6448 6967 
7646 4346 4348 6793 
7647 5500 5499 6263 
7648 5830 6192 6776 
7649 6347 5575 6777 
7650 5660 5659 5661 
7651 4732 5589 6456 
7652 5966 4992 6615 
7653 4122 4121 6724 
7654 5662 5659 6637 
7655 4626 5779 5785 
7656 5755 5712 6894 
7657 5613 3926 6949 
7658 4382 5789 5927 
7659 4424 4369 6584 
7660 6005 5289 6382 
7661 6098 4734 6346 
7662 5771 5733 5772 
7663 5113 4979 5908 
7664 5675 5172 5700 
7665 5546 6399 6700 
7666 269 5605 6702 
7667 6236 5783 6393 
7668 5700 4795 6726 
7669 4849 4652 6064 
7670 6098 5651 6414 
7671 4040 4037 5752 
7672 6098 6346 6859 
7673 5589 4732 6211 
7674 5961 5691 6732 
7675 5654 5176 5656 
7676 5597 5346 7213 
7677 5648 6025 6736 
7678 5503 5500 6263 
7679 3990 5744 6714 
7680 6061 6062 6811 
7681 3938 5711 6733 
7682 5887 5012 6984 
7683 5811 5813 6590 
7684 6413 5475 7070 
7685 6723 5739 6735 
7686 3994 5637 5638 
7687 3915 6159 6827 
7688 6197 5217 6563 
7689 6560 5394 6762 
7690 5745 3990 5746 
7691 4917 6226 6227 
7692 5102 5185 6276 
7693 3923 5897 6147 
7694 5270 6027 6304 
7695 3948 5666 6572 
7696 3877 5612 6700 
7697 6901 6341 6909 
7698 464 465 6168 
7699 6258 5869 6405 
7700 4693 6098 6414 
7701 5695 5003 6674 
7702 5049 5593 6565 
7703 6082 5242 6539 
7704 6664 4699 6816 
7705 5346 5597 6180 
7706 5605 269 7023 
7707 5181 5750 5751 
7708 6040 4716 6626 
7709 5694 4875 6422 
7710 5906 6695 7013 
7711 3926 5613 6653 
7712 4051 4335 5928 
7713 5909 3899 7208 
7714 5136 5789 6536 
7715 4532 5763 5764 
7716 6269 5567 6270 
7717 5822 5820 6953 
7718 6211 6185 6444 
7719 5444 5220 6970 
7720 6394 5458 6424 
7721 5652 5649 6426 
7722 5036 5834 6498 
7723 4866 4742 5759 
7724 5666 3948 6840 
7725 5539 6089 6757 
7726 5616 3980 6517 
7727 5689 5596 7100 
7728 5178 5793 5794 
7729 5566 3963 6744 
7730 4768 6383 7153 
7731 5401 6378 6668 
7732 5905 5906 7013 
7733 4817 6113 6114 
7734 5258 6277 6348 
7735 4026 4028 6516 
7736 3894 6086 6723 
7737 6016 4678 6017 
7738 3980 5616 6909 
7739 6094 5308 6550 
7740 5679 4103 5752 
7741 5658 5659 5660 
7742 5562 6284 6623 
7743 5817 5818 6953 
7744 5611 4814 6387 
7745 5194 5522 6182 
7746 6058 6059 6060 
7747 4528 4526 5763 
7748 5226 5862 6338 
7749 6182 5522 6508 
7750 3925 6309 6656 
7751 4411 6041 6537 
7752 5877 5875 6379 
7753 6015 4678 6016 
7754 6096 6901 6909 
7755 5184 5755 7045 
7756 4768 4767 6383 
7757 5589 6211 6444 
7758 6086 3894 6694 
7759 5612 6427 6486 
7760 4461 4463 5738 
7761 4530 4532 6574 
7762 4121 5976 6724 
7763 4824 5730 5908 
7764 6154 4346 6793 
7765 5719 6672 6850 
7766 6132 4774 6401 
7767 5633 5789 6887 
7768 183 184 5931 
7769 6744 5994 6819 
7770 5176 4044 5796 
7771 5182 5181 5751 
7772 5889 5555 6545 
7773 4463 4469 5738 
7774 5830 3957 6708 
7775 4455 5912 6836 
7776 5719 5738 6672 
7777 5449 6255 6256 
7778 6808 6189 6965 
7779 5922 6662 6903 
7780 4351 5710 5716 
7781 4017 5590 6422 
7782 6159 6158 6827 
7783 5148 5290 5749 
7784 5721 5025 6474 
7785 6666 5533 6693 
7786 6144 5162 6835 
7787 4001 5892 6075 
7788 4716 6040 6138 
7789 4926 4762 5776 
7790 6167 3895 7101 
7791 5288 6062 6644 
7792 5281 5178 5794 
7793 4762 4805 5776 
7794 5820 5819 6953 
7795 3956 5672 6007 
7796 6132 6401 7184 
7797 6495 5421 6559 
7798 5637 3994 5639 
7799 5625 5624 5719 
7800 6207 6241 6865 
7801 5758 5053 6470 
7802 5025 5721 6214 
7803 4969 5075 6297 
7804 5907 6053 6420 
7805 5870 5866 5888 
7806 6094 6189 6808 
7807 4483 5624 5718 
7808 6037 6045 6047 
7809 4020 4022 6566 
7810 5933 5210 6601 
7811 5592 7069 7093 
7812 6258 6405 6921 
7813 5950 5948 6771 
7814 5602 5107 5657 
7815 6288 4117 6291 
7816 5789 5788 6536 
7817 5781 5778 5958 
7818 5190 6012 7194 
7819 5912 4455 6858 
7820 6958 5530 7148 
7821 6407 5554 7088 
7822 6214 6079 6477 
7823 5107 4726 5657 
7824 6970 5220 7004 
7825 5667 3966 5669 
7826 5533 5634 6693 
7827 6054 6056 6057 
7828 5075 4971 5819 
7829 7069 5203 7093 
7830 4495 4506 5812 
7831 4742 4481 5759 
7832 4359 4362 5803 
7833 4166 5807 5808 
7834 5951 6306 6997 
7835 4167 4166 5808 
7836 5819 5817 6953 
7837 5181 5749 5750 
7838 5672 3956 6332 
7839 5137 6005 6382 
7840 6147 5897 6846 
7841 5104 6123 6349 
7842 5644 3991 6944 
7843 4759 6843 6849 
7844 6057 4115 6063 
7845 4831 5194 6782 
7846 6410 5355 6780 
7847 5760 3929 7096 
7848 5597 6122 6180 
7849 5584 3940 7029 
7850 4853 4850 6059 
7851 5710 4351 5835 
7852 4971 4973 5819 
7853 6758 6462 7016 
7854 6027 4077 6304 
7855 5778 5777 5958 
7856 5348 6486 6531 
7857 5530 6533 7148 
7858 3929 5760 6935 
7859 5692 5529 7141 
7860 5175 5287 5792 
7861 6068 5916 6862 
7862 6309 3973 7005 
7863 4349 4713 6156 
7864 5555 5889 7124 
7865 4774 6153 6434 
7866 6662 5551 6903 
7867 6165 5352 6349 
7868 5075 5821 6297 
7869 5308 6094 6808 
7870 5656 5176 5796 
7871 6475 4475 6968 
7872 6261 5503 6263 
7873 4166 4162 5809 
7874 5163 5635 5756 
7875 6771 5948 7112 
7876 5943 4902 5953 
7877 5372 5690 5741 
7878 6654 6089 7140 
7879 5130 6153 6268 
7880 5178 5792 5793 
7881 6130 4451 7024 
7882 4048 4051 5928 
7883 6012 6013 7194 
7884 6401 4774 6434 
7885 3991 5642 6166 
7886 5137 5698 6005 
7887 4280 5805 6559 
7888 5916 6068 7015 
7889 6621 4455 6836 
7890 5690 5066 5741 
7891 4475 6475 6966 
7892 3874 5960 6668 
7893 4000 6786 6884 
7894 5653 6425 6523 
7895 6283 5419 6636 
7896 6212 4149 6391 
7897 4458 4459 5718 
7898 6384 5475 6413 
7899 6197 6563 6774 
7900 5737 4424 5801 
7901 4451 6130 7003 
7902 5622 4001 6697 
7903 5797 4775 5826 
7904 6032 6033 6047 
7905 4368 4424 5737 
7906 5873 3884 6847 
7907 5090 5425 5712 
7908 5885 4767 6634 
7909 5700 5172 6081 
7910 4680 5606 6927 
7911 6666 4472 6802 
7912 4015 6462 6758 
7913 6467 5463 6671 
7914 4875 4019 6422 
7915 3899 5909 6605 
7916 6250 3938 6733 
7917 6204 6203 6686 
7918 5358 5076 5910 
7919 4671 4926 5779 
7920 3974 5734 6731 
7921 5373 6737 6755 
7922 4421 6115 6351 
7923 6015 6009 6314 
7924 5915 3909 6049 
7925 4785 4824 5908 
7926 3907 241 6848 
7927 5812 4506 6446 
7928 5634 4434 6693 
7929 4023 4021 6247 
7930 4678 6015 6314 
7931 5623 295 6911 
7932 5567 3988 7027 
7933 4850 4849 6059 
7934 6284 3970 6623 
7935 5744 3896 6714 
7936 4895 5053 5758 
7937 5025 6214 6477 
7938 5158 5697 6355 
7939 295 5623 6936 
7940 3986 5768 5770 
7941 5540 5807 7104 
7942 4923 4921 5772 
7943 5183 4923 5772 
7944 5411 5258 6348 
7945 6060 4849 6064 
7946 3940 5584 7057 
7947 5864 5886 5888 
7948 5608 6100 6791 
7949 6520 3916 7001 
7950 6378 3874 6668 
7951 6275 6404 6603 
7952 5484 6212 6391 
7953 5774 5639 6367 
7954 6486 4003 6531 
7955 6157 4836 6484 
7956 5638 3887 6832 
7957 6193 6072 6845 
7958 6062 6064 6644 
7959 4814 4735 6388 
7960 4465 4478 6216 
7961 4652 4648 6064 
7962 5148 5749 5806 
7963 5704 5049 7002 
7964 6602 5410 6807 
7965 5907 6420 7189 
7966 5837 3886 7178 
7967 6144 6143 6888 
7968 6786 5857 6884 
7969 6602 6807 6982 
7970 5030 6185 6305 
7971 5821 5981 6297 
7972 4350 4349 6156 
7973 223 224 6102 
7974 5176 5654 5839 
7975 6241 4474 6865 
7976 6328 6838 6870 
7977 5931 3931 6962 
7978 3896 5744 7126 
7979 5761 4497 5762 
7980 5910 5909 7208 
7981 5341 5678 5997 
7982 5138 5773 5774 
7983 6283 4147 6753 
7984 5945 5943 5953 
7985 6089 5539 7149 
7986 4723 4631 5767 
7987 5687 6879 7086 
7988 6328 3888 6838 
7989 4588 5742 6715 
7990 5919 5920 5921 
7991 5757 4730 5758 
7992 4628 4624 5785 
7993 4767 4754 6634 
7994 6470 5053 7078 
7995 5606 4680 7018 
7996 4466 4450 5896 
7997 4459 4483 5718 
7998 5104 6349 6458 
7999 6053 4119 6420 
8000 3884 5871 6258 
8001 4731 4908 5886 
8002 5770 5358 5910 
8003 5378 5546 6700 
8004 3992 6168 6756 
8005 5683 5797 5826 
8006 6970 6585 6996 
8007 6012 5190 6018 
8008 4131 6772 6778 
8009 5780 5782 6841 
8010 5221 6861 6869 
8011 4115 6057 6271 
8012 5862 5861 6338 
8013 6772 6374 6778 
8014 3970 5837 6623 
8015 4357 6125 7181 
8016 3916 223 6102 
8017 5919 5921 6964 
8018 5960 5750 6668 
8019 6379 5875 6907 
8020 4499 4588 6715 
8021 6054 6055 6056 
8022 5677 4143 6941 
8023 6371 6262 6557 
8024 5981 5821 6797 
8025 5621 5191 6065 
8026 4399 4411 6537 
8027 6153 5130 6434 
8028 5717 3876 6330 
8029 265 3906 5920 
8030 4734 5832 6575 
8031 5400 5753 6302 
8032 5463 5733 6671 
8033 4310 4953 6388 
8034 6192 3888 6784 
8035 4468 4730 5757 
8036 4730 4895 5758 
8037 5070 5815 5816 
8038 4382 5788 5789 
8039 4014 5689 7100 
8040 6753 4147 6805 
8041 3888 6192 6838 
8042 4489 4497 5761 
8043 5138 5013 5773 
8044 292 293 6256 
8045 6861 5713 6869 
8046 4305 4308 6017 
8047 4893 5033 5997 
8048 6494 5430 7170 
8049 4359 5803 6125 
8050 5175 5792 5854 
8051 6268 5956 6432 
8052 3995 5751 5960 
8053 5368 5370 5858 
8054 4016 4013 5590 
8055 5952 4998 6642 
8056 5698 5137 6004 
8057 4379 4382 5927 
8058 4434 5634 7150 
8059 4817 6114 6593 
8060 5070 5816 5817 
8061 5554 5541 7088 
8062 5749 5290 5750 
8063 3916 6520 6851 
8064 5249 5484 6699 
8065 5346 5787 7213 
8066 5315 6744 6819 
8067 4116 4119 6063 
8068 5712 5425 6894 
8069 5676 5677 6881 
8070 5520 5596 5846 
8071 5222 5658 5660 
8072 3928 199 6022 
8073 6114 6116 6593 
8074 5740 3927 6228 
8075 5837 5836 6623 
8076 5687 5631 6879 
8077 6843 6320 6849 
8078 6110 4411 6117 
8079 5984 3907 6848 
8080 6072 6193 6272 
8081 4863 5720 5860 
8082 5458 6394 6649 
8083 5138 5774 5775 
8084 4450 5132 5896 
8085 4865 4866 5841 
8086 4836 5697 6463 
8087 6485 5857 6786 
8088 4921 5228 5772 
8089 4049 4046 5839 
8090 4335 5172 5928 
8091 5197 5993 6076 
8092 5075 5819 5820 
8093 6007 5571 6333 
8094 6346 4734 6575 
8095 5903 3921 6632 
8096 4115 4116 6063 
8097 4854 4853 6055 
8098 4296 4731 5886 
8099 3944 4018 5925 
8100 5475 5476 7070 
8101 6158 6151 6827 
8102 6017 4308 6675 
8103 5920 3906 5921 
8104 3878 6285 6286 
8105 4018 5593 5925 
8106 4151 6283 6636 
8107 5805 4280 6326 
8108 4713 5844 6156 
8109 3930 6225 6659 
8110 5603 5602 7045 
8111 5163 5756 5842 
8112 6777 5575 6957 
8113 6082 6539 7137 
8114 5210 5933 5935 
8115 5368 5858 5898 
8116 4640 4636 6091 
8117 333 4367 5736 
8118 5531 6282 7145 
8119 4836 6463 6484 
8120 4631 4630 5767 
8121 6441 6290 6760 
8122 5401 5734 6378 
8123 4871 5135 5891 
8124 3957 5830 6776 
8125 6513 5559 7135 
8126 6881 5677 6941 
8127 5194 6182 6782 
8128 5352 6165 6200 
8129 5297 6101 6215 
8130 4636 4444 6091 
8131 3879 5653 6919 
8132 6185 5030 6444 
8133 4875 5693 6247 
8134 5896 5132 6737 
8135 6121 5350 6803 
8136 5720 4863 5853 
8137 6026 4077 6027 
8138 6090 6091 6689 
8139 5338 6130 6929 
8140 4737 4628 5785 
8141 3926 6237 6949 
8142 3886 5837 6942 
8143 5228 5771 5772 
8144 6299 6245 6945 
8145 6243 6245 6299 
8146 5792 5287 5793 
8147 6000 5566 6592 
8148 5851 3897 6377 
8149 5604 5603 6801 
8150 5826 4775 5828 
8151 5593 4020 6566 
8152 5907 6052 6053 
8153 5135 5494 5891 
8154 5988 4357 7181 
8155 5416 5834 6983 
8156 5033 5341 5997 
8157 5604 6801 7094 
8158 6090 6689 6707 
8159 342 3945 5689 
8160 5547 5355 6410 
8161 5978 4323 6092 
8162 4701 5126 5832 
8163 4021 4875 6247 
8164 6226 4917 6747 
8165 6485 5588 7062 
8166 6705 6415 6862 
8167 4413 4421 6351 
8168 4449 4465 6216 
8169 6922 5299 6975 
8170 5000 6485 7062 
8171 4838 6013 7059 
8172 4004 5649 6915 
8173 6053 6054 6063 
8174 5606 4588 6927 
8175 4068 4067 6004 
8176 5766 4630 5896 
8177 6632 5895 6818 
8178 5630 5687 6934 
8179 4143 5677 7116 
8180 5425 5736 6894 
8181 7011 6126 7100 
8182 6737 5524 6755 
8183 4940 5342 6547 
8184 5768 3986 5982 
8185 5070 4975 5815 
8186 5374 5748 5771 
8187 4573 4571 5853 
8188 4008 6126 7011 
8189 5533 6666 6802 
8190 4078 4077 6026 
8191 5684 5830 6708 
8192 4483 4461 5738 
8193 5130 6268 6432 
8194 5013 5141 5773 
8195 5732 5731 7079 
8196 6282 6281 6594 
8197 4046 5176 5839 
8198 3920 5961 6732 
8199 4716 6138 6625 
8200 5855 3881 5856 
8201 4678 4305 6017 
8202 6289 6288 6290 
8203 4362 4368 5803 
8204 4478 5911 6216 
8205 5780 6841 7113 
8206 4390 6032 6046 
8207 5488 5858 5859 
8208 6165 4194 6200 
8209 6013 4838 7194 
8210 6055 4853 6056 
8211 4109 6243 6299 
8212 4382 4384 5788 
8213 6104 6107 6117 
8214 4493 4495 5812 
8215 4067 5698 6004 
8216 3963 5994 6744 
8217 4630 5766 5767 
8218 4624 4626 5785 
8219 4167 5808 6535 
8220 3966 5667 6925 
8221 5066 4723 5767 
8222 4857 4854 6055 
8223 4751 4750 5814 
8224 324 5049 5704 
8225 5303 5604 5804 
8226 5798 3901 6360 
8227 6399 5546 6607 
8228 3957 6646 6708 
8229 4240 4238 5999 
8230 5733 5183 5772 
8231 5907 6051 6052 
8232 4428 4438 6179 
8233 5720 5721 5860 
8234 6236 3891 6713 
8235 4588 5606 6874 
8236 5607 5127 5862 
8237 5001 6084 6085 
8238 5807 4166 5809 
8239 5719 4483 5738 
8240 5049 6565 7002 
8241 5020 5090 5712 
8242 4726 4610 5657 
8243 4275 4101 6018 
8244 5886 4908 5888 
8245 259 6611 7204 
8246 4165 6777 6957 
8247 4308 6308 6675 
8248 3956 6007 6333 
8249 5442 5539 6757 
8250 5383 5515 5838 
8251 5588 6485 6786 
8252 5661 5659 5662 
8253 5707 5710 5835 
8254 5993 5992 6076 
8255 6721 3933 6876 
8256 254 3959 6448 
8257 3967 6031 6571 
8258 5947 4984 5948 
8259 6367 5639 6955 
8260 6059 4849 6060 
8261 6650 5665 6651 
8262 5228 5374 5771 
8263 5459 6649 7021 
8264 5444 6970 6996 
8265 3959 5901 5902 
8266 5591 5836 5837 
8267 5330 5331 6125 
8268 4991 4812 5852 
8269 6012 6011 6013 
8270 4376 5222 6676 
8271 5922 5918 5923 
8272 6162 6923 6948 
8273 5515 6409 6815 
8274 5222 5660 6676 
8275 5697 5158 6463 
8276 6056 4853 6059 
8277 4520 4870 5831 
8278 4750 5891 6606 
8279 5741 5066 5767 
8280 5559 5605 7135 
8281 5903 6632 7201 
8282 4022 4675 6566 
8283 5621 6565 6566 
8284 5913 6555 6836 
8285 5689 3945 5846 
8286 4863 4573 5853 
8287 6005 5698 6559 
8288 6238 3926 6653 
8289 4912 4458 5718 
8290 5811 4493 5812 
8291 5289 6005 6741 
8292 4934 6932 6993 
8293 5941 4902 5943 
8294 6046 6032 6047 
8295 5342 5795 6541 
8296 4526 5761 5763 
8297 6138 6476 6625 
8298 5935 3962 5936 
8299 5045 5686 6728 
8300 5605 7023 7135 
8301 5076 5113 5910 
8302 4764 5861 5862 
8303 4097 6010 6012 
8304 5653 5086 5979 
8305 4767 5885 6383 
8306 4741 5863 5864 
8307 5507 6371 6557 
8308 5651 6098 6859 
8309 264 265 5920 
8310 5143 4317 5978 
8311 4973 5070 5819 
8312 5172 4337 6081 
8313 6027 5270 6679 
8314 6041 4411 7082 
8315 5917 3961 5918 
8316 5690 5372 6748 
8317 4805 5138 5776 
8318 5751 5750 5960 
8319 5484 6391 6699 
8320 4622 4620 6074 
8321 5041 5923 6655 
8322 5628 5719 6850 
8323 199 200 6022 
8324 4660 4721 6087 
8325 4481 5757 5759 
8326 5828 4775 5831 
8327 3893 5951 6641 
8328 5823 4823 5825 
8329 6431 4909 6604 
8330 4630 4466 5896 
8331 4357 4359 6125 
8332 5753 5400 6775 
8333 5503 6261 6371 
8334 5669 3966 6719 
8335 5430 6494 6818 
8336 4798 5000 5904 
8337 5369 5898 5899 
8338 5662 5037 7044 
8339 5939 5938 5940 
8340 5897 3923 6682 
8341 4097 4094 6010 
8342 4954 6319 6320 
8343 5862 5226 7156 
8344 4337 4339 6081 
8345 5440 5753 6725 
8346 5734 5678 6731 
8347 6646 5717 6708 
8348 5127 4764 5862 
8349 4698 4701 5832 
8350 4728 5302 5834 
8351 6255 292 6256 
8352 5342 6541 6547 
8353 5883 3885 6402 
8354 5001 6083 6084 
8355 5917 5918 5922 
8356 5591 5257 5836 
8357 5442 6757 7165 
8358 4103 5679 6542 
8359 4870 4522 6140 
8360 5882 5876 5885 
8361 5692 340 5748 
8362 4998 4660 6087 
8363 4158 4156 5991 
8364 5930 5626 6455 
8365 4488 4489 5761 
8366 3935 6410 6780 
8367 6305 6187 6437 
8368 4881 4752 5020 
8369 5900 6358 6390 
8370 6061 6060 6062 
8371 6107 6110 6117 
8372 4741 4294 5863 
8373 3947 5747 6800 
8374 7045 5602 7209 
8375 6010 6011 6012 
8376 6277 5576 6348 
8377 4764 4702 5861 
8378 6322 6266 6645 
8379 5853 4571 6198 
8380 5302 5107 5303 
8381 5964 4129 5965 
8382 4995 5400 6302 
8383 293 3932 6256 
8384 5184 5020 5712 
8385 5268 6860 6875 
8386 5036 6498 6703 
8387 5269 5813 6722 
8388 6057 6058 6271 
8389 6864 5619 7028 
8390 4881 5020 5184 
8391 4101 4098 6018 
8392 6218 3936 6560 
8393 5113 5909 5910 
8394 5811 5812 5813 
8395 5856 3881 5857 
8396 4783 4514 5797 
8397 5793 6155 6816 
8398 5110 5383 5838 
8399 5165 4784 5954 
8400 4586 5174 5914 
8401 5090 5424 5425 
8402 5350 6121 7183 
8403 4625 4622 6074 
8404 4518 4520 5831 
8405 4609 4752 4881 
8406 6651 5665 7129 
8407 6075 3880 6974 
8408 5051 5052 5268 
8409 5272 5685 7034 
8410 4713 4715 5844 
8411 6923 4454 6948 
8412 4308 4306 5840 
8413 3885 5883 6991 
8414 5655 6077 6577 
8415 5594 5082 5905 
8416 4784 4688 5954 
8417 3880 6075 7021 
8418 5934 3962 5935 
8419 5242 4991 5852 
8420 5564 6721 6876 
8421 4888 4780 5806 
8422 5068 4868 6048 
8423 3921 257 5894 
8424 5954 4693 6414 
8425 6440 5424 6738 
8426 224 3969 6102 
8427 5678 5341 6731 
8428 4486 4487 4488 
8429 5829 5828 5937 
8430 6291 4113 6945 
8431 3923 215 6682 
8432 6253 5340 6635 
8433 4609 4542 4752 
8434 4053 4049 5839 
8435 6054 6057 6063 
8436 4892 4893 5997 
8437 6175 6173 6176 
8438 3959 255 5901 
8439 4421 4415 6175 
8440 5100 5686 6122 
8441 5302 5303 5804 
8442 5790 4008 7011 
8443 6128 7017 7035 
8444 4467 4468 5757 
8445 6088 4640 6091 
8446 4782 4821 5806 
8447 4728 4726 5107 
8448 5224 6632 6818 
8449 6932 5587 6993 
8450 5303 5603 5604 
8451 5858 5370 5859 
8452 4491 4493 5811 
8453 4156 4597 5991 
8454 334 333 5736 
8455 4130 4129 5964 
8456 4530 4528 4532 
8457 4484 4485 4486 
8458 4748 4871 5891 
8459 5303 5602 5603 
8460 5895 3958 6890 
8461 4244 4243 5998 
8462 6035 6040 6043 
8463 5828 5831 5937 
8464 4243 5990 5998 
8465 6457 5967 7110 
8466 6079 6080 6340 
8467 4056 4055 5854 
8468 5467 6006 7097 
8469 5803 5330 6125 
8470 5617 6922 6975 
8471 5895 5430 6818 
8472 4439 6953 7014 
8473 5492 5068 6048 
8474 5999 6275 6603 
8475 5030 6305 6437 
8476 5134 5483 5890 
8477 6047 6045 7095 
8478 5483 5199 6020 
8479 6290 6292 6760 
8480 4780 4782 5806 
8481 5937 5938 5939 
8482 6113 6595 7138 
8483 4463 4464 4467 
8484 4812 4823 5852 
8485 5222 5152 5632 
8486 5697 6209 6355 
8487 5933 3906 5934 
8488 5459 7021 7109 
8489 5810 4161 5991 
8490 5557 5388 6002 
8491 6274 5106 6720 
8492 4376 5152 5222 
8493 6079 6340 6477 
8494 4895 4919 5051 
8495 5190 4275 6018 
8496 5207 5143 6092 
8497 4421 6175 6176 
8498 5965 4129 6099 
8499 5968 5965 6099 
8500 4967 4969 6297 
8501 5369 5899 5900 
8502 263 3961 5917 
8503 6128 6201 7017 
8504 252 3903 5926 
8505 5312 5183 5463 
8506 5870 5888 5889 
8507 5685 5272 7085 
8508 4902 5941 6140 
8509 6024 4788 6736 
8510 4514 4516 5797 
8511 6077 4869 6577 
8512 6404 5047 6603 
8513 5098 6050 6368 
8514 5430 5895 6890 
8515 6089 6088 6090 
8516 4280 4065 6326 
8517 4728 5107 5302 
8518 5757 5758 5759 
8519 4478 4802 5911 
8520 6266 6322 7134 
8521 4930 4755 6025 
8522 4680 4505 6001 
8523 4461 4462 4463 
8524 5143 5978 6092 
8525 5672 5454 6007 
8526 5962 4133 5963 
8527 5963 5964 5966 
8528 5841 5708 6854 
8529 4540 4747 4748 
8530 5874 5876 5882 
8531 5817 5816 5818 
8532 6032 4404 6033 
8533 4828 5012 6674 
8534 4730 4877 4895 
8535 4486 4485 4487 
8536 4497 5811 6590 
8537 4675 6864 7028 
8538 5228 5229 5374 
8539 4173 4581 6080 
8540 4506 4539 4540 
8541 6130 6647 6929 
8542 5405 5064 5932 
8543 4274 4023 6247 
8544 5831 4870 5937 
8545 4059 4056 5854 
8546 4169 4167 6535 
8547 4368 5737 5803 
8548 5687 4032 6934 
8549 6221 5571 6330 
8550 5554 6407 6665 
8551 316 5715 5722 
8552 4071 4068 6004 
8553 4644 4646 6362 
8554 5901 3921 5903 
8555 4679 4510 6019 
8556 4917 6227 7066 
8557 4488 4487 4489 
8558 4333 4798 5904 
8559 4921 4920 5228 
8560 6155 5287 6473 
8561 4354 4355 4363 
8562 4975 4977 5815 
8563 5844 5442 5845 
8564 3924 6145 6146 
8565 5492 6048 7203 
8566 4497 4491 5811 
8567 5834 5302 5996 
8568 4902 4534 5953 
8569 5933 5934 5935 
8570 5463 5183 5733 
8571 4998 6087 6642 
8572 4243 4240 5999 
8573 4012 5666 6840 
8574 5573 5717 6330 
8575 4469 4467 4481 
8576 6116 6176 7154 
8577 5936 3962 6702 
8578 4456 4363 4457 
8579 5075 5820 5821 
8580 5312 6440 6738 
8581 4771 4768 7153 
8582 5992 4840 6076 
8583 5694 6422 6423 
8584 4878 6155 6473 
8585 4526 4488 5761 
8586 4489 4491 4497 
8587 5425 5735 5736 
8588 5929 5626 5930 
8589 4081 4078 6026 
8590 4387 4397 4484 
8591 6078 6079 6214 
8592 4522 4524 6140 
8593 4482 4481 4742 
8594 4743 4742 4865 
8595 4484 4397 4485 
8596 4087 4084 5842 
8597 4468 4480 4730 
8598 5627 5628 5629 
8599 6050 5344 6368 
8600 4368 4369 4424 
8601 5256 5591 5924 
8602 5761 5762 5763 
8603 5193 6184 6185 
8604 250 3960 5959 
8605 6792 6416 6830 
8606 4795 4344 7032 
8607 259 260 6611 
8608 6193 233 6272 
8609 6241 6170 6902 
8610 5146 5624 5625 
8611 4279 4087 5842 
8612 6254 5449 7103 
8613 5369 5900 6390 
8614 6057 6056 6058 
8615 4749 4748 4750 
8616 5894 3958 5895 
8617 5733 4383 6671 
8618 4865 4742 4866 
8619 6282 6594 7145 
8620 6013 6011 6014 
8621 5056 5035 5898 
8622 5999 4238 6275 
8623 4006 6423 7043 
8624 4352 4353 4354 
8625 4175 4173 6080 
8626 5097 4947 5304 
8627 5810 5991 6469 
8628 4032 5687 7086 
8629 4125 4122 6724 
8630 4459 4460 4461 
8631 3876 5717 6646 
8632 4485 5209 6578 
8633 5907 5151 6051 
8634 5278 4644 6362 
8635 4540 4539 4747 
8636 4748 4747 4871 
8637 6071 6070 6624 
8638 4909 6373 6604 
8639 4495 4498 4506 
8640 3994 5638 6832 
8641 4867 4865 4947 
8642 5020 5089 5090 
8643 6412 6522 6957 
8644 3927 5740 6769 
8645 4458 4457 4459 
8646 4093 6008 6009 
8647 5863 4296 5886 
8648 4506 4498 4539 
8649 3916 6102 7001 
8650 6037 6043 6044 
8651 6764 6137 6821 
8652 5571 6221 6333 
8653 3924 211 6145 
8654 4602 4788 6024 
8655 5801 5662 7044 
8656 3996 5786 6834 
8657 4529 4528 4530 
8658 4527 4526 4528 
8659 5858 5056 5898 
8660 6232 4006 7043 
8661 5626 5625 5627 
8662 6355 5418 6419 
8663 5026 4685 6088 
8664 4525 4488 4526 
8665 6037 6035 6043 
8666 6009 6008 6314 
8667 6233 4258 6438 
8668 4821 5148 5806 
8669 6203 3949 6773 
8670 4925 4923 5183 
8671 4571 4188 6198 
8672 4585 4586 5914 
8673 4369 4371 6584 
8674 4516 4775 5797 
8675 6424 5458 6979 
8676 6634 4753 6661 
8677 3944 4016 4017 
8678 4055 5175 5854 
8679 4531 4530 4542 
8680 5026 6088 6089 
8681 5268 5052 5409 
8682 5795 5047 6541 
8683 5193 6185 6211 
8684 248 3904 5994 
8685 3922 5917 5922 
8686 6156 5845 6718 
8687 5902 5901 5903 
8688 6207 5501 6241 
8689 5001 4761 6083 
8690 5145 5144 5146 
8691 4467 4464 4468 
8692 5749 4888 5806 
8693 4541 4840 5992 
8694 5739 3952 6735 
8695 3876 6221 6330 
8696 5193 6183 6184 
8697 4084 4083 5842 
8698 5228 4920 5229 
8699 5047 5795 6603 
8700 6074 5963 6615 
8701 4403 6104 6117 
8702 5135 5291 5493 
8703 5630 5629 5631 
8704 4895 5051 5053 
8705 4901 4751 4920 
8706 4481 4467 5757 
8707 4534 4536 5953 
8708 246 3963 6000 
8709 4392 4404 6032 
8710 4715 4985 5844 
8711 5146 5626 5929 
8712 4694 4734 6098 
8713 5911 5450 5912 
8714 4543 4542 4609 
8715 4871 5133 5135 
8716 4134 4133 5962 
8717 6033 6035 6037 
8718 5821 5820 5822 
8719 5158 6355 6419 
8720 4463 4462 4464 
8721 5369 5368 5898 
8722 4948 4947 5097 
8723 4161 4158 5991 
8724 6662 4978 6980 
8725 244 3905 6006 
8726 6592 5466 7097 
8727 4362 4366 4368 
8728 5701 4448 7010 
8729 4411 6110 7082 
8730 4286 4284 6209 
8731 5087 5690 6994 
8732 5915 6049 6925 
8733 4750 4748 5891 
8734 5865 5868 6202 
8735 3906 266 5934 
8736 5090 5142 5424 
8737 273 274 6190 
8738 4342 4344 4795 
8739 5374 5229 5529 
8740 6011 6009 6015 
8741 5466 6592 6946 
8742 6093 3968 6094 
8743 5829 5937 5939 
8744 4319 4323 5978 
8745 5847 5072 5848 
8746 3914 6195 6196 
8747 4985 5311 5442 
8748 5200 5652 5979 
8749 5921 3906 5933 
8750 5923 5041 6630 
8751 5764 5714 7174 
8752 6104 4416 6105 
8753 5341 5924 6731 
8754 5043 5087 5989 
8755 5087 5066 5690 
8756 5171 5097 5191 
8757 5713 4899 6869 
8758 6106 6113 6118 
8759 5051 4919 5052 
8760 5935 5936 6765 
8761 5990 4243 5999 
8762 5086 5024 5979 
8763 4721 5001 6087 
8764 6499 6133 7184 
8765 4317 4316 5978 
8766 4859 4860 6139 
8767 4613 4615 6431 
8768 5666 4012 7129 
8769 5627 5625 5628 
8770 5338 6129 6130 
8771 4741 5864 5865 
8772 5520 5519 5596 
8773 4886 5913 6633 
8774 5851 6377 7026 
8775 4276 4059 5854 
8776 5705 5707 5835 
8777 4985 5442 5844 
8778 6078 4178 6079 
8779 6048 6841 7203 
8780 6284 5562 7120 
8781 5135 5133 5291 
8782 5151 4861 6051 
8783 6128 4451 7003 
8784 4926 5778 5779 
8785 4348 4350 4352 
8786 4384 4387 5788 
8787 4741 5865 6202 
8788 4294 4292 5863 
8789 5900 6233 6438 
8790 5955 5208 6220 
8791 5494 5493 5495 
8792 4354 4353 4355 
8793 4461 4460 4462 
8794 3958 259 7204 
8795 5175 4273 5286 
8796 4339 4342 6081 
8797 4448 5701 7073 
8798 4685 4640 6088 
8799 5268 5409 6860 
8800 5894 5895 6632 
8801 3900 5982 7053 
8802 6085 6084 6086 
8803 6029 3911 6845 
8804 238 3966 6049 
8805 5286 5654 5655 
8806 5338 5115 6129 
8807 4965 4967 5980 
8808 4775 4518 5831 
8809 5740 5488 7005 
8810 4152 4151 6003 
8811 5074 4912 5144 
8812 3931 6269 6270 
8813 5496 5495 5519 
8814 5964 5965 5966 
8815 5565 5131 6073 
8816 6362 4899 6363 
8817 5177 4276 5178 
8818 5493 5291 5584 
8819 5619 5191 5621 
8820 6684 6375 7179 
8821 5865 5864 5866 
8822 5303 5107 5602 
8823 5146 5144 5624 
8824 5000 6246 6485 
8825 4750 6606 7157 
8826 4363 4355 5988 
8827 4376 4377 5152 
8828 4802 5062 5911 
8829 4363 5988 6327 
8830 4313 4312 4314 
8831 236 3909 6067 
8832 5128 5127 5274 
8833 4818 4784 5024 
8834 5126 4764 5127 
8835 4315 4314 4316 
8836 4603 4600 6148 
8837 4093 4090 6008 
8838 4311 4277 4312 
8839 5699 3975 6999 
8840 4821 4822 4892 
8841 4415 4418 6175 
8842 5602 5657 7209 
8843 5688 4532 7174 
8844 4707 4708 4779 
8845 5206 5143 5207 
8846 5714 5159 6951 
8847 4779 4780 4888 
8848 5635 5164 5636 
8849 5395 5298 5622 
8850 5918 3961 5919 
8851 4463 4467 4469 
8852 6104 6105 6107 
8853 5163 4278 5164 
8854 5541 5838 6815 
8855 4761 4800 6083 
8856 5084 6412 6573 
8857 4889 4888 5181 
8858 4963 5072 5847 
8859 4305 4304 4306 
8860 6185 6184 6305 
8861 4354 4363 4456 
8862 4632 4709 6021 
8863 4303 4302 4304 
8864 5274 5607 5612 
8865 4860 4929 6139 
8866 5043 4723 5066 
8867 3971 6120 6121 
8868 4244 5998 6376 
8869 5756 4279 5842 
8870 5168 5232 6506 
8871 4634 4333 5904 
8872 4701 4702 4764 
8873 4459 4461 4483 
8874 6107 6105 6108 
8875 4895 4877 4919 
8876 6107 6108 6109 
8877 4301 4279 4302 
8878 5062 5437 5450 
8879 5611 5095 6023 
8880 4620 5962 6074 
8881 6509 4949 6530 
8882 5892 5299 5893 
8883 5983 3907 5984 
8884 6153 5208 6268 
8885 5187 5109 5541 
8886 4408 4410 6111 
8887 5867 5866 5869 
8888 4217 5955 6220 
8889 4219 4217 6220 
8890 5214 6163 6201 
8891 5024 5165 5200 
8892 4693 4694 6098 
8893 5200 5201 5649 
8894 4894 5676 6881 
8895 4291 4290 4292 
8896 4289 4288 4290 
8897 4687 4688 4784 
8898 5419 6283 6753 
8899 4730 4480 4877 
8900 4287 4275 4288 
8901 5082 5017 5905 
8902 5401 5678 5734 
8903 4508 4679 6001 
8904 4321 4322 4687 
8905 6033 6034 6035 
8906 4319 4320 4321 
8907 4316 4318 4319 
8908 6127 5214 6128 
8909 5452 5672 6002 
8910 4961 4963 5847 
8911 4352 4350 4353 
8912 4459 4457 4460 
8913 5892 5893 6075 
8914 5214 5121 6163 
8915 5256 5257 5591 
8916 5033 5034 5256 
8917 4083 5163 5842 
8918 4055 4053 4273 
8919 4426 4428 6179 
8920 5148 4892 5149 
8921 5187 5555 6229 
8922 4601 4602 6024 
8923 5793 5287 6155 
8924 5209 6047 7095 
8925 4782 4820 4821 
8926 5730 5732 5908 
8927 5519 5495 5790 
8928 5386 5557 6020 
8929 5455 6274 6720 
8930 5966 5965 5967 
8931 5916 6705 6862 
8932 6341 3980 6909 
8933 5764 5763 7119 
8934 4061 4059 4276 
8935 5395 5856 6246 
8936 5005 5006 5298 
8937 5141 5637 5773 
8938 5062 5450 5911 
8939 5335 5086 5653 
8940 4379 4381 4382 
8941 4868 4718 6048 
8942 5498 5501 6207 
8943 4893 5032 5033 
8944 5471 5571 6007 
8945 5290 5149 5401 
8946 4325 4317 5143 
8947 5388 5452 6002 
8948 4903 4904 5005 
8949 4067 4065 4280 
8950 4406 4416 6104 
8951 4540 4748 4749 
8952 4512 4783 6019 
8953 5199 5386 6020 
8954 4536 4984 5953 
8955 5277 4613 6431 
8956 4199 4249 6187 
8957 6427 4003 6486 
8958 5043 5066 5087 
8959 4456 4457 4458 
8960 5616 5212 6095 
8961 258 3958 5894 
8962 5259 5412 5413 
8963 6053 6052 6054 
8964 4309 4310 4333 
8965 4798 4813 4903 
8966 4333 4735 4798 
8967 4749 4750 4751 
8968 4306 4307 4309 
8969 4704 4706 4707 
8970 4489 4490 4491 
8971 4073 4071 4277 
8972 5697 4286 6209 
8973 5413 5412 5414 
8974 4727 4726 4728 
8975 256 3921 5901 
8976 6035 6036 6040 
8977 6014 6015 6016 
8978 5641 5640 5695 
8979 5341 5256 5924 
8980 4908 4804 6229 
8981 5473 5474 5475 
8982 5146 5625 5626 
8983 5000 4903 6246 
8984 5208 5955 6268 
8985 4287 5192 6242 
8986 4387 4388 4397 
8987 5637 5580 5638 
8988 4373 4375 4376 
8989 272 3968 6093 
8990 4083 4081 4278 
8991 3914 227 6195 
8992 5982 3900 6963 
8993 4600 4598 6148 
8994 4505 4508 6001 
8995 6186 4201 6187 
8996 3949 173 6097 
8997 4179 4178 6078 
8998 5716 5710 6746 
8999 5383 5384 5473 
9000 4901 4920 4921 
9001 4355 4357 5988 
9002 4089 4087 4279 
9003 4384 4386 4387 
9004 5378 5182 5546 
9005 4133 4130 5964 
9006 5022 5376 6210 
9007 5454 5471 6007 
9008 5145 5146 5929 
9009 5716 6852 6875 
9010 4818 5179 6279 
9011 4927 4928 5109 
9012 5001 6085 6087 
9013 4469 4481 4482 
9014 343 342 5689 
9015 5496 5519 5520 
9016 4323 4321 6279 
9017 4298 4294 4741 
9018 4710 4732 6119 
9019 4702 4704 5861 
9020 5298 5299 5892 
9021 5848 5849 5850 
9022 4804 4884 4927 
9023 5627 5629 5630 
9024 226 3914 6100 
9025 5864 5863 5886 
9026 5564 5747 6721 
9027 4755 4607 6025 
9028 4296 4297 4731 
9029 4698 4700 4701 
9030 4105 4101 4275 
9031 4688 4690 5954 
9032 4731 4789 4804 
9033 4292 4293 4296 
9034 4482 4742 4743 
9035 3922 262 5917 
9036 4927 5187 6229 
9037 5327 5843 6257 
9038 4694 4696 4734 
9039 4743 4865 4867 
9040 6412 5417 6573 
9041 5258 5034 6277 
9042 5865 5866 5867 
9043 5163 5164 5635 
9044 4311 4312 4313 
9045 6216 5912 6809 
9046 6069 6068 6070 
9047 5395 5622 5855 
9048 5003 5695 6796 
9049 5074 5144 5145 
9050 5005 5395 6246 
9051 4821 4820 4822 
9052 5206 5207 5617 
9053 4313 4314 4315 
9054 6164 4194 6165 
9055 4460 4457 6327 
9056 3965 6067 6068 
9057 4303 4304 4305 
9058 5187 5541 5554 
9059 6885 5544 6929 
9060 6287 4117 6288 
9061 5177 5178 5281 
9062 4623 4622 4624 
9063 4301 4302 4303 
9064 4510 4512 6019 
9065 4315 4316 4317 
9066 5217 6197 6886 
9067 4818 5024 5086 
9068 5905 5151 5906 
9069 4287 4288 4289 
9070 4892 4822 4893 
9071 4305 4306 4308 
9072 5442 5311 5539 
9073 4725 4610 4726 
9074 4690 4692 4693 
9075 328 4013 4016 
9076 4055 4273 5175 
9077 4289 4290 4291 
9078 3944 327 4016 
9079 4753 6202 6661 
9080 4291 4292 4294 
9081 5064 4874 5932 
9082 5792 4276 5854 
9083 5175 5286 5287 
9084 4621 4620 4622 
9085 5005 5298 5395 
9086 4316 4319 5978 
9087 5070 5817 5819 
9088 5482 6293 6712 
9089 5955 5956 6268 
9090 4061 4276 5177 
9091 5024 5200 5979 
9092 5568 4460 6327 
9093 4325 5143 5206 
9094 5200 5649 5652 
9095 4211 4565 6141 
9096 4319 4321 4323 
9097 4687 4784 4818 
9098 5036 4728 5834 
9099 4067 4280 5698 
9100 4828 4793 5012 
9101 4798 4903 5000 
9102 5407 5004 6454 
9103 5345 5068 5491 
9104 4105 4275 4287 
9105 5128 5274 5348 
9106 5591 5837 7178 
9107 5383 5473 5515 
9108 4073 4277 4311 
9109 323 324 5704 
9110 4927 5109 5187 
9111 5126 5127 5128 
9112 5655 5654 5656 
9113 4083 4278 5163 
9114 5962 5963 6074 
9115 6038 6366 6537 
9116 4309 4333 4634 
9117 5832 5126 6575 
9118 5114 5338 5544 
9119 4089 4279 4301 
9120 4932 6396 6616 
9121 4292 4296 5863 
9122 4731 4804 4908 
9123 4788 6210 6588 
9124 6171 4429 6172 
9125 4687 4818 6279 
9126 5537 5169 5851 
9127 4925 5183 5312 
9128 4701 4764 5126 
9129 5108 6132 6133 
9130 387 388 6126 
9131 5109 5110 5838 
9132 5340 6253 6882 
9133 3960 251 5926 
9134 4368 4366 4369 
9135 4542 4530 6574 
9136 6171 6172 6173 
9137 5621 6065 7002 
9138 5033 5032 5034 
9139 4779 4708 4780 
9140 4311 5270 6304 
9141 4753 4298 6202 
9142 4098 4097 6018 
9143 6173 6199 6745 
9144 5196 4281 6164 
9145 4105 4287 6242 
9146 6090 6088 6091 
9147 5256 5034 5257 
9148 5286 4273 5654 
9149 4491 4492 4493 
9150 5432 5595 6758 
9151 5375 5091 5578 
9152 5861 4707 6338 
9153 5655 5656 6077 
9154 4493 4494 4495 
9155 5787 5578 7213 
9156 4495 4496 4498 
9157 6136 5371 6329 
9158 4733 5022 6210 
9159 4690 4693 5954 
9160 6051 4857 6052 
9161 4707 4706 4708 
9162 4871 4872 5133 
9163 5313 6135 6152 
9164 5413 5414 5562 
9165 4788 4604 6210 
9166 5450 5437 5913 
9167 5401 5149 5678 
9168 6069 6072 6272 
9169 5022 4834 5091 
9170 229 3967 6194 
9171 5103 5242 6082 
9172 5181 4888 5749 
9173 4524 4902 6140 
9174 5034 5032 6277 
9175 3971 221 6120 
9176 5876 5878 5885 
9177 5360 5154 6137 
9178 5141 5580 5637 
9179 3965 6069 6272 
9180 4486 4488 4525 
9181 5119 5214 6127 
9182 4619 4137 4620 
9183 6191 6190 7106 
9184 6396 5446 6616 
9185 6195 6194 6197 
9186 5017 4861 5151 
9187 4718 4628 4737 
9188 4696 4698 5832 
9189 4621 4622 4623 
9190 4601 4600 4602 
9191 5257 5259 5836 
9192 4623 4624 4628 
9193 4889 5181 5182 
9194 6161 5360 6162 
9195 4779 4888 4889 
9196 5017 5151 5905 
9197 5110 5382 5383 
9198 5958 3993 6863 
9199 4805 5013 5138 
9200 5462 5145 5929 
9201 6142 3923 6147 
9202 4920 4751 5814 
9203 5494 5495 5496 
9204 3918 219 6124 
9205 6237 206 6324 
9206 5479 5082 5594 
9207 5177 5805 6326 
9208 5650 5651 6766 
9209 3986 5770 6826 
9210 5046 4868 5068 
9211 5711 3938 7050 
9212 3961 264 5920 
9213 4619 4620 4621 
9214 4599 4598 4600 
9215 5956 6141 6294 
9216 4671 4762 4926 
9217 5274 5127 5607 
9218 4947 4865 5841 
9219 4111 4112 6271 
9220 5630 5631 5687 
9221 5141 5579 5580 
9222 4704 4707 5861 
9223 5642 5375 6166 
9224 6179 4438 7009 
9225 4377 4379 5927 
9226 5135 5493 5494 
9227 5178 4276 5792 
9228 5013 5140 5141 
9229 218 3918 6131 
9230 6244 5192 6300 
9231 5046 5068 5345 
9232 4762 4763 4805 
9233 4805 4806 5013 
9234 4073 4311 6304 
9235 5971 5972 5975 
9236 6522 4165 6957 
9237 4650 4654 4899 
9238 258 259 3958 
9239 256 257 3921 
9240 261 262 3922 
9241 4890 5220 5221 
9242 4390 4392 6032 
9243 5562 5414 5563 
9244 5969 5970 5971 
9245 5641 5696 5786 
9246 5108 4945 6132 
9247 5022 5091 5375 
9248 3940 5790 7029 
9249 5967 5968 5969 
9250 4281 4198 6164 
9251 4963 4965 5072 
9252 4718 4737 6048 
9253 5753 5180 6302 
9254 6358 5900 6438 
9255 5874 5875 5876 
9256 7041 4385 7091 
9257 5871 5867 6258 
9258 4097 6012 6018 
9259 5020 4752 5089 
9260 4867 4947 4948 
9261 4338 4336 6352 
9262 3904 249 5959 
9263 6052 4857 6055 
9264 4203 4201 6186 
9265 4709 6276 6917 
9266 254 255 3959 
9267 4671 4672 4762 
9268 4701 4700 4702 
9269 4599 4600 4601 
9270 4624 4625 4626 
9271 5024 4784 5165 
9272 6167 5347 6168 
9273 5193 4566 6183 
9274 6073 6354 7132 
9275 4626 4627 4671 
9276 4061 5177 6326 
9277 3901 5798 6798 
9278 5645 5644 6344 
9279 4889 5226 6338 
9280 326 3944 5925 
9281 4733 4834 5022 
9282 4607 4601 6024 
9283 5117 6127 6129 
9284 252 253 3903 
9285 5649 5201 5650 
9286 4597 4155 4598 
9287 4607 6024 6025 
9288 4734 4696 5832 
9289 5200 5165 5201 
9290 4316 4314 4318 
9291 5923 5918 6655 
9292 6034 4404 6366 
9293 5232 6231 6506 
9294 6249 7025 7033 
9295 4687 4322 4688 
9296 6509 6530 6667 
9297 4841 5098 6368 
9298 5114 5115 5338 
9299 4585 4584 4586 
9300 4597 4598 4599 
9301 4821 4892 5148 
9302 4312 4277 5137 
9303 4223 4557 6188 
9304 6186 6187 6305 
9305 341 340 5692 
9306 5282 6157 6158 
9307 4321 4320 4322 
9308 3933 170 6204 
9309 6014 6011 6015 
9310 6196 6195 6197 
9311 5312 5463 6440 
9312 4319 4318 4320 
9313 5148 5149 5290 
9314 4348 4352 6793 
9315 4840 4982 4995 
9316 4342 4795 6081 
9317 3955 6328 6870 
9318 4874 4755 4930 
9319 4602 4604 4788 
9320 6083 5441 6084 
9321 5898 5035 5899 
9322 4583 4582 4584 
9323 211 212 6145 
9324 4779 4889 6338 
9325 6066 5799 6749 
9326 5956 6294 6432 
9327 4995 5343 5400 
9328 3963 247 5994 
9329 4693 4692 4694 
9330 4874 4930 5932 
9331 5287 5286 6473 
9332 5348 5274 6486 
9333 4201 4199 6187 
9334 172 3949 6203 
9335 214 3923 6142 
9336 5617 5207 6103 
9337 5115 5117 6129 
9338 4948 5097 5171 
9339 4420 4429 6171 
9340 4969 4971 5075 
9341 6173 6172 6199 
9342 5938 4870 6140 
9343 5169 5064 5405 
9344 5622 5298 5892 
9345 4387 4484 5788 
9346 5810 6469 6489 
9347 3905 245 6000 
9348 4392 4394 4404 
9349 4811 5794 7077 
9350 4410 4413 6351 
9351 3965 6068 6069 
9352 4423 4426 6177 
9353 5169 5405 5851 
9354 4178 4175 6080 
9355 5164 4278 5227 
9356 4973 4975 5070 
9357 5658 5222 7191 
9358 5059 5440 5441 
9359 4499 4501 4588 
9360 4733 4833 4834 
9361 5947 5948 5949 
9362 5885 5878 6383 
9363 5033 5256 5341 
9364 3964 243 6006 
9365 6069 6070 6071 
9366 4583 4584 4585 
9367 4213 4211 6141 
9368 4306 4304 4307 
9369 5171 5191 5619 
9370 4781 4708 6359 
9371 6796 5579 6908 
9372 5298 5006 5299 
9373 263 264 3961 
9374 6243 5192 6244 
9375 4708 4706 6359 
9376 5005 4904 5006 
9377 5738 4469 6672 
9378 5720 5390 5721 
9379 4094 4093 6010 
9380 4604 4605 4733 
9381 4540 4749 6446 
9382 4602 4603 4604 
9383 4302 4279 5756 
9384 4566 4210 6183 
9385 5125 5360 6161 
9386 4591 4593 6181 
9387 5259 5411 5412 
9388 6350 5565 7132 
9389 4581 4582 4583 
9390 5037 5036 6703 
9391 267 3962 5934 
9392 4284 6208 6209 
9393 250 251 3960 
9394 6041 6038 6537 
9395 5694 6423 7206 
9396 4581 4172 4582 
9397 4503 4505 4680 
9398 4586 4847 5174 
9399 4333 4310 4735 
9400 4309 4307 4310 
9401 4323 6279 6670 
9402 4903 4813 4904 
9403 6076 4995 6302 
9404 4798 4735 4813 
9405 4812 4575 4823 
9406 4785 4589 4824 
9407 5541 5109 5838 
9408 4614 4612 6217 
9409 4574 4573 4575 
9410 5963 4133 5964 
9411 4388 4390 6046 
9412 4312 5137 6382 
9413 6099 4125 6600 
9414 5418 6188 6303 
9415 5131 5002 6073 
9416 4472 5992 5993 
9417 5780 5778 5781 
9418 5134 5199 5483 
9419 5282 5018 6157 
9420 5452 5454 5672 
9421 5475 5474 5476 
9422 6033 4404 6034 
9423 4259 4258 6532 
9424 5386 5388 5557 
9425 5076 4979 5113 
9426 5632 5152 5633 
9427 4109 6242 6243 
9428 4112 4115 6271 
9429 4137 4134 5962 
9430 4572 4571 4573 
9431 5782 5781 5783 
9432 6285 5392 6286 
9433 4424 5661 7123 
9434 5869 5866 5870 
9435 5441 5440 5739 
9436 4508 4510 4679 
9437 5844 5845 6156 
9438 5473 5384 5474 
9439 6473 5655 6577 
9440 5279 4663 6429 
9441 4977 5080 5114 
9442 6521 4145 6580 
9443 5196 6164 6165 
9444 5108 6134 6135 
9445 5815 5544 5816 
9446 4399 4401 4411 
9447 4230 5216 6208 
9448 4008 5790 7047 
9449 5278 6362 6363 
9450 5501 5502 6170 
9451 4292 4290 4293 
9452 6430 6734 7083 
9453 4833 5100 6122 
9454 4861 4858 6051 
9455 3909 237 6049 
9456 4352 4354 6619 
9457 5389 5390 5720 
9458 5768 5358 5770 
9459 4288 4275 5190 
9460 4471 4541 5992 
9461 6094 3968 6189 
9462 6038 6034 6366 
9463 5389 4182 5390 
9464 6093 6094 6550 
9465 4121 4118 6287 
9466 5109 4928 5110 
9467 6111 4410 6351 
9468 5471 5570 5571 
9469 5855 5622 6697 
9470 4927 4884 4928 
9471 5375 5578 6166 
9472 5508 5525 6169 
9473 5621 6566 7028 
9474 4113 4110 6299 
9475 3997 5873 6847 
9476 6261 6262 6371 
9477 4525 4526 4527 
9478 4541 4839 4840 
9479 5913 4886 6555 
9480 4527 4528 4529 
9481 3965 235 6067 
9482 4731 4297 4789 
9483 5573 5682 5717 
9484 4804 4789 4884 
9485 4296 4293 4297 
9486 4572 4573 4574 
9487 5383 5382 5384 
9488 315 316 5722 
9489 4632 4283 4709 
9490 4574 4575 4812 
9491 4586 4846 4847 
9492 5123 6161 6163 
9493 4512 4514 4783 
9494 3937 6239 6240 
9495 3924 6146 6586 
9496 4676 4667 6450 
9497 4800 5059 6083 
9498 6106 6112 6113 
9499 4593 4673 6181 
9500 4282 4281 4283 
9501 4454 6201 6948 
9502 5238 6278 6395 
9503 6010 6009 6011 
9504 248 249 3904 
9505 6260 6261 6263 
9506 4143 4140 6149 
9507 3967 6571 6886 
9508 3989 6375 6684 
9509 4570 4571 4572 
9510 335 334 5735 
9511 4594 4592 6219 
9512 3976 6142 6143 
9513 5144 4912 5718 
9514 5100 5435 5686 
9515 4225 4223 6188 
9516 5103 4991 5242 
9517 4570 4188 4571 
9518 3911 232 6193 
9519 5257 5258 5259 
9520 4129 4126 6099 
9521 4403 4406 6104 
9522 6201 6163 6948 
9523 4151 4148 6283 
9524 246 247 3963 
9525 5460 5103 6082 
9526 5563 5693 5694 
9527 5121 5123 6163 
9528 5249 5250 5484 
9529 4977 5114 5815 
9530 3904 5959 7160 
9531 4516 4518 4775 
9532 5684 5827 5830 
9533 6003 4151 6636 
9534 4673 5249 6181 
9535 265 266 3906 
9536 244 245 3905 
9537 5371 5048 6329 
9538 4025 4274 6472 
9539 5098 5357 6050 
9540 4318 4314 6382 
9541 4302 5756 6400 
9542 4995 4982 5343 
9543 4749 4900 6446 
9544 4452 4471 4472 
9545 6387 4814 6388 
9546 4155 4152 6003 
9547 5212 5039 6095 
9548 5777 5775 5957 
9549 4959 4961 6814 
9550 5789 5136 6887 
9551 4646 4650 6362 
9552 4529 4530 4531 
9553 4618 4831 4909 
9554 6037 6044 6045 
9555 4282 4283 4632 
9556 242 243 3964 
9557 5282 6159 6160 
9558 5785 5779 7113 
9559 5563 5694 5791 
9560 4406 4408 4416 
9561 4118 4117 6287 
9562 6086 6084 6723 
9563 3912 271 6093 
9564 6262 6265 6557 
9565 4858 4857 6051 
9566 4110 4109 6299 
9567 5977 6289 6680 
9568 5747 3947 7118 
9569 174 4015 6097 
9570 5053 5051 6852 
9571 5848 5072 5849 
9572 6242 5192 6243 
9573 5049 325 5925 
9574 5002 4835 5038 
9575 5702 5703 5995 
9576 6718 5845 6795 
9577 4880 4861 5017 
9578 4710 4568 4732 
9579 240 241 3907 
9580 5868 5867 5871 
9581 5636 6387 6388 
9582 5221 5220 5444 
9583 4295 4294 4298 
9584 228 6194 6195 
9585 4629 4628 4718 
9586 5637 5639 5773 
9587 6116 6538 6593 
9588 4249 4281 4282 
9589 5117 5119 6127 
9590 7166 5860 7196 
9591 5638 5580 5640 
9592 5002 5038 6073 
9593 3937 202 6239 
9594 4249 4198 4281 
9595 3969 6101 6102 
9596 4138 4137 4619 
9597 5081 5017 5082 
9598 5180 5197 6302 
9599 4520 4522 4870 
9600 4567 4566 4568 
9601 5670 6982 7167 
9602 5156 5365 6137 
9603 4531 4542 4543 
9604 267 268 3962 
9605 5490 5043 5989 
9606 5631 6530 6770 
9607 5418 6303 6419 
9608 4485 4397 5209 
9609 4683 4614 6217 
9610 5478 5082 5479 
9611 4232 4230 6208 
9612 4579 4577 6222 
9613 4944 4685 5026 
9614 4840 4995 6076 
9615 5289 4318 6382 
9616 4840 4839 4982 
9617 5259 5413 5836 
9618 238 239 3966 
9619 4470 6764 6821 
9620 4606 4601 4607 
9621 5535 5131 5565 
9622 373 374 6221 
9623 6095 5069 6096 
9624 257 258 5894 
9625 5376 5375 5642 
9626 4939 4723 5043 
9627 4719 4718 4868 
9628 3969 225 6100 
9629 4942 4828 5003 
9630 6373 5479 6374 
9631 5108 6133 6134 
9632 5346 5345 5347 
9633 4299 4298 4753 
9634 4794 4793 4828 
9635 4148 4147 6283 
9636 4609 4881 5657 
9637 4222 4219 6220 
9638 6534 4582 6535 
9639 5045 4868 5046 
9640 255 256 5901 
9641 6262 6264 6265 
9642 4246 4244 6376 
9643 236 237 3909 
9644 5762 6590 6685 
9645 4102 4101 4105 
9646 5872 5871 5873 
9647 4342 4343 4344 
9648 6260 3943 6261 
9649 5867 5869 6258 
9650 5967 5965 5968 
9651 4589 4585 5914 
9652 5210 5935 6765 
9653 5197 6076 6302 
9654 4610 4609 5657 
9655 4418 6171 6175 
9656 4156 4155 4597 
9657 4472 4471 5992 
9658 6035 6034 6036 
9659 4893 5031 5032 
9660 4754 4753 6634 
9661 5059 5441 6083 
9662 234 235 3965 
9663 4288 5190 6408 
9664 4324 4317 4325 
9665 4608 4607 4755 
9666 6943 6103 7152 
9667 5491 5068 5492 
9668 5119 5121 5214 
9669 4624 4622 4625 
9670 5528 5327 6257 
9671 5154 5156 6137 
9672 5676 4894 7214 
9673 4567 4568 4710 
9674 4396 4399 6537 
9675 4565 4210 4566 
9676 5911 5912 6216 
9677 5906 5151 5907 
9678 204 3926 6238 
9679 6225 6224 6226 
9680 4088 4087 4089 
9681 251 252 5926 
9682 4956 4594 6219 
9683 5039 4879 5069 
9684 5643 5642 5644 
9685 4756 4755 4874 
9686 5881 5879 5883 
9687 4307 4304 6400 
9688 4587 4585 4589 
9689 5141 5140 5579 
9690 5706 4050 5995 
9691 4805 4763 4806 
9692 4565 4566 4567 
9693 4909 4831 6782 
9694 4918 6336 6503 
9695 5179 5086 5335 
9696 5013 4806 5140 
9697 4188 4185 6198 
9698 222 3916 6120 
9699 4745 4560 4774 
9700 4673 5010 5249 
9701 231 232 3911 
9702 5760 3981 6935 
9703 6208 5216 6209 
9704 5063 4874 5064 
9705 5980 4967 6297 
9706 5525 5526 5701 
9707 6183 4206 6184 
9708 6228 5422 6339 
9709 4306 4309 5840 
9710 4182 4179 6078 
9711 6143 6142 6147 
9712 5313 5094 6135 
9713 4762 4672 4763 
9714 4413 4415 4421 
9715 5139 5064 5169 
9716 270 271 3912 
9717 220 3971 6124 
9718 262 263 5917 
9719 4082 4081 4083 
9720 5039 5069 6095 
9721 4559 4558 4560 
9722 6105 4416 6106 
9723 5971 5970 5972 
9724 6080 4581 6340 
9725 4524 4534 4902 
9726 6079 4178 6080 
9727 5614 5212 5616 
9728 6223 3982 6224 
9729 174 175 4015 
9730 4173 4172 4581 
9731 229 230 3967 
9732 5752 4037 7180 
9733 5788 4484 6536 
9734 5969 5968 5970 
9735 5501 6170 6241 
9736 5491 5492 6713 
9737 3968 273 6190 
9738 4852 4850 4853 
9739 5272 4683 6217 
9740 5955 4216 5956 
9741 4564 4562 6230 
9742 4945 4745 6132 
9743 5091 4834 5597 
9744 4344 4345 4346 
9745 5336 5335 5456 
9746 4194 4191 6200 
9747 4782 4819 4820 
9748 3976 6143 6144 
9749 5787 5347 6167 
9750 5170 5169 5537 
9751 4620 4137 5962 
9752 4671 4627 4672 
9753 5457 5456 5458 
9754 4126 4125 6099 
9755 3972 217 6131 
9756 5735 334 5736 
9757 6223 6224 6225 
9758 4072 4071 4073 
9759 228 229 6194 
9760 4856 4854 4857 
9761 4590 4589 4785 
9762 4877 4480 6497 
9763 7019 3904 7160 
9764 4468 4479 4480 
9765 5365 6205 6206 
9766 4950 4579 6222 
9767 6278 4272 6395 
9768 4860 4858 4861 
9769 4777 4652 4849 
9770 6336 5431 6503 
9771 5090 5089 5142 
9772 5349 5348 5392 
9773 226 227 3914 
9774 4626 4625 4627 
9775 5123 5125 6161 
9776 4387 4386 4388 
9777 4786 4785 4979 
9778 249 250 5959 
9779 6290 6291 6292 
9780 4066 4065 4067 
9781 5282 6158 6159 
9782 6128 5214 6201 
9783 4980 4979 5076 
9784 5505 5508 6169 
9785 5042 5575 5576 
9786 4773 4683 5272 
9787 4128 4126 4129 
9788 4598 6003 6148 
9789 4745 4774 6132 
9790 4136 4134 4137 
9791 4132 4130 4133 
9792 4008 387 6126 
9793 172 173 3949 
9794 4489 4487 4490 
9795 4382 4381 4384 
9796 272 273 3968 
9797 4183 4182 5389 
9798 4602 4600 4603 
9799 4557 4222 4558 
9800 171 6203 6204 
9801 6271 6058 7173 
9802 5094 4945 5108 
9803 4120 4118 4121 
9804 3914 6196 6791 
9805 4346 4347 4348 
9806 4445 4338 6352 
9807 4559 4560 4745 
9808 4536 4538 4984 
9809 4060 4059 4061 
9810 4298 4741 6202 
9811 5149 4892 5997 
9812 4124 4122 4125 
9813 195 3936 6218 
9814 4835 4632 6021 
9815 4154 4152 4155 
9816 4990 4812 4991 
9817 6108 6105 6118 
9818 224 225 3969 
9819 5077 5076 5358 
9820 5563 5414 5693 
9821 5391 4956 6219 
9822 4809 4286 4836 
9823 4146 4144 4147 
9824 4418 4420 6171 
9825 4142 4140 4143 
9826 4953 4307 6400 
9827 4293 4290 6408 
9828 4116 4114 4117 
9829 4112 4110 4113 
9830 5392 5348 6531 
9831 4557 4558 4559 
9832 4780 4781 4782 
9833 410 6286 6972 
9834 4150 4148 4151 
9835 4792 4772 4793 
9836 3976 213 6142 
9837 4198 4195 6164 
9838 5359 5358 5768 
9839 6107 6109 6110 
9840 6809 5912 6858 
9841 6150 5313 6152 
9842 5508 5510 5525 
9843 4108 4106 4109 
9844 4189 4188 4570 
9845 5094 5108 6135 
9846 5125 5154 5360 
9847 4086 4084 4087 
9848 4684 4943 6518 
9849 4770 4768 4771 
9850 4258 6233 6532 
9851 4236 4267 6275 
9852 222 223 3916 
9853 6105 6106 6118 
9854 4285 4284 4286 
9855 247 248 5994 
9856 4160 4158 4161 
9857 5476 5588 6786 
9858 6177 4426 6179 
9859 4100 4098 4101 
9860 5102 4991 5103 
9861 6171 6173 6175 
9862 5133 5134 5890 
9863 4733 4605 4833 
9864 4164 4162 4166 
9865 5993 5197 6524 
9866 5188 4956 5391 
9867 5097 5304 7007 
9868 282 3943 6260 
9869 4080 4078 4081 
9870 4556 4554 6248 
9871 5769 5768 5982 
9872 4766 4754 4767 
9873 220 221 3971 
9874 5114 5080 5115 
9875 5216 4229 5418 
9876 4300 6376 6417 
9877 4898 4564 6230 
9878 245 246 6000 
9879 4348 4349 4350 
9880 193 3982 6223 
9881 5422 4996 6339 
9882 5445 5251 6160 
9883 6290 6288 6291 
9884 4420 4423 4429 
9885 4096 4094 4097 
9886 5366 4950 6222 
9887 4411 4401 6117 
9888 4054 4053 4055 
9889 4604 4733 6210 
9890 5185 5103 5460 
9891 4722 4631 4723 
9892 4778 4632 4835 
9893 218 219 3918 
9894 5156 5362 5365 
9895 5232 5300 6681 
9896 243 244 6006 
9897 4477 4466 4630 
9898 266 267 5934 
9899 4598 4155 6003 
9900 4171 4169 4172 
9901 4376 4375 4377 
9902 4273 4053 5839 
9903 4604 4603 4605 
9904 4076 4074 4077 
9905 4355 4356 4357 
9906 4586 4584 4846 
9907 5743 5647 5744 
9908 6133 6132 7184 
9909 4879 4710 6119 
9910 4283 5196 6123 
9911 4109 4106 6242 
9912 5304 4947 5841 
9913 5502 5505 6170 
9914 5365 6206 6821 
9915 5461 5460 5798 
9916 5226 5182 5378 
9917 4987 4835 5002 
9918 4824 4589 5914 
9919 4177 4175 4178 
9920 5641 5695 5696 
9921 6263 5499 7197 
9922 4092 4090 4093 
9923 5542 5285 6986 
9924 275 276 3919 
9925 4070 4068 4071 
9926 5018 4809 6157 
9927 216 217 3972 
9928 5042 5576 6277 
9929 4658 4660 4998 
9930 4199 4198 4249 
9931 4809 4836 6157 
9932 5251 5018 5282 
9933 4181 4179 4182 
9934 171 172 6203 
9935 4952 4950 5366 
9936 4210 4207 6183 
9937 6327 5988 6988 
9938 4285 4286 4809 
9939 4206 4203 6186 
9940 5525 5510 5526 
9941 5087 6994 7065 
9942 5101 5002 5131 
9943 4704 4705 4706 
9944 5912 5450 6836 
9945 5763 5762 7119 
9946 6112 6111 6351 
9947 237 238 6049 
9948 5390 6078 6214 
9949 4450 4445 5132 
9950 4267 4235 4284 
9951 5166 5095 5611 
9952 5726 5538 5727 
9953 4804 4927 6229 
9954 169 170 3933 
9955 6273 6471 6973 
9956 214 215 3923 
9957 4847 4846 5160 
9958 5699 5273 5961 
9959 235 236 6067 
9960 4064 4062 4065 
9961 5147 5145 5462 
9962 5423 4898 6230 
9963 4575 4573 4863 
9964 4187 4185 4188 
9965 3926 205 6237 
9966 5251 5282 6160 
9967 5730 5728 5731 
9968 4911 4458 4912 
9969 6264 4007 6265 
9970 4936 4556 6248 
9971 5211 4940 5273 
9972 5189 5131 5535 
9973 5059 5180 5440 
9974 4216 4213 6141 
9975 5565 6350 6950 
9976 212 213 3976 
9977 284 4007 6264 
9978 4838 4293 6408 
9979 4195 4194 6164 
9980 4746 4710 4879 
9981 5565 6073 7132 
9982 4843 4331 4845 
9983 4709 4283 6123 
9984 6006 3905 7097 
9985 232 233 6193 
9986 4615 4618 6431 
9987 210 211 3924 
9988 4568 5193 6211 
9989 4619 5225 6149 
9990 5390 4182 6078 
9991 4267 4284 4285 
9992 4211 4210 4565 
9993 4560 5208 6153 
9994 3946 527 6280 
9995 6259 6260 6263 
9996 5536 5535 5985 
9997 6039 6042 6476 
9998 5364 5498 6207 
9999 4283 4281 5196 
10000 4903 5005 6246 
10001 4330 4300 4331 
10002 5498 5500 5501 
10003 5377 4898 5423 
10004 203 6238 6239 
10005 5416 4877 6497 
10006 4994 4879 5039 
10007 5936 5186 6985 
10008 4721 4761 5001 
10009 6113 6112 6114 
10010 4845 4876 4940 
10011 5038 4835 6021 
10012 4702 4703 4704 
10013 4193 4191 4194 
10014 6190 274 7106 
10015 4428 4432 4438 
10016 4442 4448 4452 
10017 6226 6224 6227 
10018 5484 5250 5685 
10019 4207 4206 6183 
10020 5780 5781 5782 
10021 6312 5924 7178 
10022 4197 4195 4198 
10023 207 208 3935 
10024 348 349 3942 
10025 527 528 6280 
10026 283 284 6264 
10027 4058 4056 4059 
10028 5484 5685 6212 
10029 4491 4490 4492 
10030 277 278 3981 
10031 5511 5514 6234 
10032 3930 6223 6225 
10033 227 228 6195 
10034 5900 5899 6233 
10035 5244 4997 6356 
10036 6040 6036 6138 
10037 5129 5039 5212 
10038 5505 6169 6170 
10039 271 272 6093 
10040 4871 4747 4872 
10041 4229 4225 6188 
10042 5114 5544 5815 
10043 173 174 6097 
10044 225 226 6100 
10045 5782 5783 6236 
10046 4457 4363 6327 
10047 3988 187 6250 
10048 4217 4216 5955 
10049 5291 5133 5890 
10050 351 352 3917 
10051 4093 6009 6010 
10052 5329 4936 6248 
10053 4486 4525 6536 
10054 5073 4912 5074 
10055 5069 4879 6119 
10056 5779 5778 5780 
10057 4568 4566 5193 
10058 4235 4232 6208 
10059 5371 6136 6750 
10060 346 347 4009 
10061 6172 4429 6174 
10062 5389 5853 6198 
10063 6115 6112 6351 
10064 204 205 3926 
10065 4774 4560 6153 
10066 4010 289 6252 
10067 5213 5212 5614 
10068 4570 5352 6200 
10069 3929 280 6259 
10070 4757 4745 4945 
10071 4052 4049 4053 
10072 5636 5164 6940 
10073 4205 4203 4206 
10074 4845 4940 5211 
10075 5211 5273 5699 
10076 4938 4936 5329 
10077 5370 5048 5371 
10078 4268 4250 4300 
10079 4560 4558 5208 
10080 4077 4074 6304 
10081 4321 4687 6279 
10082 4493 4492 4494 
10083 5425 5424 6878 
10084 5302 5804 5996 
10085 5249 5010 5250 
10086 5159 5764 7119 
10087 186 3988 6269 
10088 4223 4222 4557 
10089 221 222 6120 
10090 4836 4286 5697 
10091 7060 4682 7095 
10092 203 204 6238 
10093 5937 4870 5938 
10094 4495 4494 4496 
10095 4543 4609 4610 
10096 4732 4568 6211 
10097 4922 4921 4923 
10098 4694 4695 4696 
10099 4330 4331 4843 
10100 219 220 6124 
10101 4498 4496 4499 
10102 5009 4945 5094 
10103 4209 4207 4210 
10104 6365 5824 6963 
10105 201 202 3937 
10106 217 218 6131 
10107 5783 6392 6393 
10108 4910 5035 5056 
10109 4997 5353 6356 
10110 4452 4453 4471 
10111 5367 5056 5488 
10112 5777 5957 5958 
10113 6515 4104 6879 
10114 3936 196 6273 
10115 4471 4473 4541 
10116 5882 6634 6661 
10117 5046 5346 6180 
10118 4698 4699 4700 
10119 6184 4206 6186 
10120 4800 5058 5059 
10121 4215 4213 4216 
10122 4357 4358 4359 
10123 5956 4216 6141 
10124 3982 194 6218 
10125 4882 4670 4910 
10126 4238 4236 6275 
10127 4268 4300 4330 
10128 6261 3943 6262 
10129 5157 5094 5313 
10130 4599 4601 4606 
10131 4845 5211 6329 
10132 4696 4697 4698 
10133 386 387 4008 
10134 4688 4689 4690 
10135 6376 5998 6417 
10136 6890 3958 7204 
10137 4230 4229 5216 
10138 4277 4071 6004 
10139 170 171 6204 
10140 4845 4331 4876 
10141 4619 4621 5225 
10142 279 280 3929 
10143 198 199 3928 
10144 291 292 6255 
10145 4328 4327 4670 
10146 5365 5362 6205 
10147 213 214 6142 
10148 212 3976 6145 
10149 4046 4044 5176 
10150 5721 5390 6214 
10151 5930 4686 6961 
10152 5488 5056 5858 
10153 5505 5506 5508 
10154 4583 4585 4587 
10155 4940 4876 5342 
10156 384 385 3940 
10157 3930 192 6223 
10158 5734 3974 7122 
10159 5418 4229 6188 
10160 5314 5313 6150 
10161 4284 4235 6208 
10162 5211 6136 6329 
10163 5062 5078 5437 
10164 6229 5555 7124 
10165 6141 4565 6294 
10166 4017 4016 5590 
10167 4810 4809 5018 
10168 3981 5760 6822 
10169 5022 5375 5376 
10170 5626 5627 6455 
10171 6310 3947 6311 
10172 4623 4628 4629 
10173 348 3942 6213 
10174 5389 5720 5853 
10175 4339 4341 4342 
10176 195 196 3936 
10177 4221 4219 4222 
10178 5138 5775 5776 
10179 4910 4670 5035 
10180 6205 5364 6207 
10181 4065 4062 6326 
10182 4009 347 6213 
10183 3944 4017 4018 
10184 4570 4572 5352 
10185 5830 5827 6192 
10186 4541 4544 4839 
10187 4690 4691 4692 
10188 5961 3920 6673 
10189 6252 3941 6253 
10190 6259 281 6260 
10191 5046 5345 5346 
10192 347 348 6213 
10193 5353 4996 5422 
10194 193 194 3982 
10195 6217 6521 6580 
10196 4227 4225 4229 
10197 4436 4441 4442 
10198 5019 5018 5251 
10199 205 206 6237 
10200 4278 4081 6026 
10201 390 4006 6232 
10202 6758 5595 7182 
10203 4236 4235 4267 
10204 5188 5391 5426 
10205 6145 6144 6146 
10206 5928 5675 6842 
10207 5502 5504 5505 
10208 353 354 3952 
10209 5252 5251 5445 
10210 3938 189 6293 
10211 5133 4872 5134 
10212 4574 4812 4990 
10213 6265 6266 6267 
10214 191 192 3930 
10215 4234 4232 4235 
10216 5508 5509 5510 
10217 4725 4726 4727 
10218 188 3938 6250 
10219 389 390 6232 
10220 6831 5265 6898 
10221 5132 4445 6352 
10222 5889 5888 7124 
10223 4401 4403 6117 
10224 202 203 6239 
10225 4910 5056 5367 
10226 4269 4263 4327 
10227 4138 4619 6149 
10228 5367 5488 5740 
10229 4709 6123 6276 
10230 4328 4670 4882 
10231 5660 5661 6584 
10232 5227 6026 6027 
10233 4606 4607 4608 
10234 4183 5389 6198 
10235 4282 4632 4778 
10236 4189 4570 6200 
10237 5168 5231 5232 
10238 234 3965 6272 
10239 290 3941 6252 
10240 6087 6085 6642 
10241 4587 4589 4590 
10242 3937 5765 7125 
10243 4359 4361 4362 
10244 4335 4337 5172 
10245 4880 5017 5081 
10246 5362 5364 6205 
10247 4608 4755 4756 
10248 5089 4752 6574 
10249 4287 4289 5192 
10250 5219 6191 6779 
10251 3917 352 6235 
10252 5531 5248 5558 
10253 6243 6244 6245 
10254 280 281 6259 
10255 188 189 3938 
10256 5456 5335 6523 
10257 3955 6870 6954 
10258 281 282 6260 
10259 3931 185 6269 
10260 394 3970 6284 
10261 5865 5867 5868 
10262 5881 5883 5884 
10263 4269 4327 4328 
10264 4291 4294 4295 
10265 5478 5479 6373 
10266 5081 5082 5478 
10267 5343 5344 5518 
10268 4416 4408 6111 
10269 5196 6165 6349 
10270 4171 4172 4173 
10271 4154 4155 4156 
10272 5476 5477 5588 
10273 4160 4161 4162 
10274 4177 4178 4179 
10275 381 382 3890 
10276 6187 4249 6437 
10277 3925 6656 6750 
10278 390 391 4006 
10279 528 529 4005 
10280 4756 4874 5063 
10281 4164 4166 4167 
10282 352 353 6235 
10283 4985 4986 5311 
10284 194 195 6218 
10285 4590 4785 4786 
10286 6265 4007 6266 
10287 5063 5064 5139 
10288 4844 4843 5048 
10289 4567 4710 4746 
10290 5353 5422 5574 
10291 288 289 4010 
10292 290 291 3941 
10293 186 187 3988 
10294 4629 4718 4719 
10295 4150 4151 4152 
10296 196 197 6273 
10297 4990 4991 5102 
10298 4142 4143 4144 
10299 4860 4861 4880 
10300 392 393 3934 
10301 4786 4979 4980 
10302 5790 3940 7047 
10303 526 527 3946 
10304 3950 179 6321 
10305 4181 4182 4183 
10306 5048 4843 6329 
10307 528 4005 6280 
10308 6133 6499 7067 
10309 192 193 6223 
10310 6311 3947 6800 
10311 5376 5642 5643 
10312 4242 4240 4243 
10313 4980 5076 5077 
10314 5139 5169 5170 
10315 4719 4868 5045 
10316 4146 4147 4148 
10317 4900 4751 4901 
10318 4924 4923 4925 
10319 4910 5367 6339 
10320 4856 4857 4858 
10321 6188 4557 6303 
10322 5187 5554 5555 
10323 5259 5258 5411 
10324 5238 5240 6278 
10325 3942 349 6739 
10326 4187 4188 4189 
10327 4778 4835 4987 
10328 4136 4137 4138 
10329 4251 4250 4268 
10330 4987 5002 5101 
10331 5045 5046 6180 
10332 184 185 3931 
10333 6031 3967 6933 
10334 6316 3939 6317 
10335 4042 4040 4103 
10336 4852 4853 4854 
10337 4193 4194 4195 
10338 5110 5381 5382 
10339 5098 5099 5357 
10340 4090 4089 6008 
10341 5102 5103 5185 
10342 5368 5048 5370 
10343 6103 5207 7152 
10344 5419 6549 6636 
10345 6253 3941 6254 
10346 4197 4198 4199 
10347 5643 5644 5645 
10348 5346 5347 5787 
10349 5501 5500 5502 
10350 5077 5358 5359 
10351 4132 4133 4134 
10352 4362 4364 4366 
10353 6273 197 6471 
10354 6062 6060 6064 
10355 189 190 6293 
10356 4128 4129 4130 
10357 6318 6317 6319 
10358 4559 4745 4757 
10359 5004 5328 6454 
10360 5185 5460 5461 
10361 4303 4305 4678 
10362 5170 5537 5538 
10363 5257 5034 5258 
10364 4089 4301 6008 
10365 5801 4424 7123 
10366 187 188 6250 
10367 4707 4779 6338 
10368 4205 4206 4207 
10369 233 234 6272 
10370 289 290 6252 
10371 4124 4125 4126 
10372 6209 5216 6355 
10373 5101 5131 5189 
10374 5232 5231 5300 
10375 5359 5768 5769 
10376 4248 4246 4250 
10377 185 186 6269 
10378 4746 4879 4994 
10379 5779 5780 7113 
10380 4120 4121 4122 
10381 5974 5977 6680 
10382 5743 5744 5745 
10383 4777 4849 4850 
10384 4994 5039 5129 
10385 5379 5106 6274 
10386 5367 6228 6339 
10387 179 180 6321 
10388 4172 4169 6535 
10389 3941 291 6255 
10390 4250 4246 6376 
10391 4209 4210 4211 
10392 5395 5855 5856 
10393 181 3939 6316 
10394 6316 6317 6318 
10395 5461 5798 5799 
10396 5759 5758 6470 
10397 4309 4634 5840 
10398 5730 5731 5732 
10399 394 395 3970 
10400 3942 6658 6810 
10401 5607 5862 7156 
10402 6549 6148 6636 
10403 3921 5894 6632 
10404 5416 6497 6498 
10405 523 524 3927 
10406 6184 6186 6305 
10407 5189 5535 5536 
10408 6939 4402 7014 
10409 4794 4828 4942 
10410 4650 4899 6362 
10411 5726 5727 5728 
10412 4285 4809 4810 
10413 5511 5513 5514 
10414 6422 5590 6423 
10415 198 3928 6471 
10416 5808 6534 6535 
10417 4215 4216 4217 
10418 4011 165 6310 
10419 5342 5399 5795 
10420 4837 4897 6335 
10421 355 356 3894 
10422 5277 6431 6604 
10423 282 283 3943 
10424 166 167 3947 
10425 4311 4313 5270 
10426 5913 5437 6633 
10427 4757 4945 5009 
10428 5129 5212 5213 
10429 5536 5985 5986 
10430 4727 4728 5036 
10431 4325 5206 6023 
10432 4264 4263 4269 
10433 4261 4259 4263 
10434 3943 283 6264 
10435 4257 4255 4258 
10436 521 522 3973 
10437 166 3947 6310 
10438 4116 4117 4118 
10439 5009 5094 5157 
10440 4221 4222 4223 
10441 181 182 3939 
10442 5236 5238 6395 
10443 180 181 6316 
10444 4315 4317 4324 
10445 4567 4746 6294 
10446 164 4011 6322 
10447 4295 4298 4299 
10448 4429 4423 6177 
10449 4112 4113 4114 
10450 4715 4887 4985 
10451 4227 4229 4230 
10452 5373 5766 6737 
10453 4792 4793 4794 
10454 4802 5061 5062 
10455 163 164 6322 
10456 5248 5244 6356 
10457 5791 3934 7120 
10458 5213 5614 5615 
10459 4843 4845 6329 
10460 6253 6254 6882 
10461 293 294 3932 
10462 519 520 3925 
10463 4841 5007 5098 
10464 5095 4325 6023 
10465 3934 5791 6912 
10466 4102 4105 4106 
10467 357 358 3953 
10468 521 3973 6309 
10469 5229 4920 5814 
10470 4883 4882 4996 
10471 5015 5168 6506 
10472 5868 5871 5872 
10473 165 166 6310 
10474 4770 4771 4772 
10475 284 285 4007 
10476 164 165 4011 
10477 5888 4908 7124 
10478 5157 5313 5314 
10479 353 3952 6235 
10480 4299 4753 4754 
10481 5558 6356 6519 
10482 296 297 3948 
10483 178 179 3950 
10484 5678 5149 5997 
10485 4818 5086 5179 
10486 5072 4965 5980 
10487 298 299 4012 
10488 4234 4235 4236 
10489 396 397 3886 
10490 4108 4109 4110 
10491 180 6316 6321 
10492 4810 5018 5019 
10493 5872 5873 5874 
10494 4394 4396 6366 
10495 517 518 3975 
10496 4106 4105 6242 
10497 4330 4843 4844 
10498 5236 5237 5238 
10499 207 3935 6324 
10500 4251 4268 6358 
10501 5234 5663 5664 
10502 4545 4759 5236 
10503 4035 4033 4165 
10504 5238 5239 5240 
10505 4559 4757 6303 
10506 5019 5251 5252 
10507 4837 4674 4897 
10508 5836 5413 6623 
10509 206 207 6324 
10510 5702 4228 5703 
10511 5505 5504 5506 
10512 4525 5136 6536 
10513 4565 4567 6294 
10514 4027 4025 6472 
10515 5165 5954 6414 
10516 5624 5144 5718 
10517 4893 4822 5031 
10518 4545 5236 6342 
10519 4996 4882 6339 
10520 5314 6150 6151 
10521 6539 5242 6824 
10522 529 530 6281 
10523 359 360 3893 
10524 5177 5281 5805 
10525 4100 4101 4102 
10526 4997 4996 5353 
10527 379 380 3951 
10528 6036 6039 6138 
10529 4863 5860 7166 
10530 5762 4497 6590 
10531 5044 4837 6335 
10532 4442 4441 4448 
10533 515 516 3920 
10534 4766 4767 4768 
10535 5876 5875 5877 
10536 6058 6061 7173 
10537 5252 5445 5691 
10538 4650 4653 4654 
10539 5548 5202 6552 
10540 5508 5506 5509 
10541 6316 6318 6321 
10542 4257 4258 4259 
10543 4261 4263 4264 
10544 4663 4665 6429 
10545 5015 5167 5168 
10546 519 3925 6313 
10547 5211 5699 6136 
10548 4242 4243 4244 
10549 4557 4559 6303 
10550 4248 4250 4251 
10551 4834 4833 6122 
10552 513 514 3977 
10553 4558 4222 6220 
10554 5216 5418 6355 
10555 5516 5044 5517 
10556 5665 5235 5666 
10557 4844 5048 5368 
10558 7009 4438 7130 
10559 4882 4910 6339 
10560 4738 5004 5407 
10561 4050 5702 5995 
10562 4088 4089 4090 
10563 4096 4097 4098 
10564 4906 5014 5015 
10565 6275 4267 6404 
10566 4896 5233 5234 
10567 511 512 3915 
10568 5991 4597 6469 
10569 4915 4913 6345 
10570 5526 5510 6234 
10571 5128 5348 5349 
10572 322 4228 5702 
10573 5246 5244 5248 
10574 5234 5664 6357 
10575 5340 5248 5531 
10576 5899 5035 6449 
10577 380 381 6249 
10578 5234 5235 5663 
10579 6658 6050 6810 
10580 4086 4087 4088 
10581 5516 5517 5623 
10582 6254 3941 6255 
10583 361 362 3954 
10584 4654 4681 4890 
10585 6159 3915 6763 
10586 4452 4472 6666 
10587 4758 4896 6357 
10588 509 510 3978 
10589 4314 4312 6382 
10590 5663 5235 5665 
10591 4328 4882 4883 
10592 393 394 6284 
10593 524 525 6301 
10594 5234 5233 5235 
10595 4954 4758 6357 
10596 6123 5196 6349 
10597 4907 4905 6343 
10598 5517 5044 6335 
10599 4264 4269 4271 
10600 5168 5230 5231 
10601 4005 6281 6282 
10602 4331 4300 6417 
10603 5440 5180 5753 
10604 5598 5241 5599 
10605 5236 4759 5237 
10606 5254 5255 5447 
10607 5735 5425 6878 
10608 5032 5031 5042 
10609 4661 4663 5279 
10610 5590 4013 7043 
10611 5558 5248 6356 
10612 5245 5247 5254 
10613 5233 5044 5516 
10614 4092 4093 4094 
10615 507 508 3913 
10616 4939 5043 5490 
10617 5059 5058 5180 
10618 5972 5973 5974 
10619 4896 5044 5233 
10620 4082 4083 4084 
10621 4050 321 5702 
10622 5238 5237 5239 
10623 4547 6369 6389 
10624 4833 4999 5100 
10625 4890 4891 5220 
10626 5115 5116 5117 
10627 4914 4916 4918 
10628 4686 5930 6825 
10629 5773 5639 5774 
10630 5292 4915 6345 
10631 6058 6056 6059 
10632 4896 4837 5044 
10633 6358 4268 6390 
10634 5827 5829 6192 
10635 5367 5740 6228 
10636 3976 6144 6145 
10637 520 521 6309 
10638 5362 5363 5364 
10639 4918 5054 5055 
10640 5342 4876 5399 
10641 4918 5055 6336 
10642 4080 4081 4082 
10643 4667 4669 6450 
10644 4548 4758 4954 
10645 5949 5950 5951 
10646 5352 4572 6458 
10647 4452 4448 4453 
10648 505 506 3979 
10649 5796 4103 6542 
10650 4324 4325 5095 
10651 5032 5042 6277 
10652 208 209 6410 
10653 5776 5775 5777 
10654 4260 4262 4545 
10655 5814 4750 7157 
10656 5055 5351 5527 
10657 5050 4907 5271 
10658 363 364 3892 
10659 6262 3943 6264 
10660 5160 5337 5540 
10661 518 519 6313 
10662 5707 5709 5710 
10663 4758 4837 4896 
10664 4546 4262 4547 
10665 5328 5737 5801 
10666 5276 5550 5551 
10667 4260 4259 4261 
10668 4076 4077 4078 
10669 4917 4915 5292 
10670 5271 4907 6343 
10671 4548 4547 4674 
10672 5380 5379 5582 
10673 358 359 6295 
10674 5498 5499 5500 
10675 4545 4546 4759 
10676 4005 529 6281 
10677 4758 4674 4837 
10678 503 504 3910 
10679 4256 4255 4257 
10680 4897 4674 6389 
10681 5510 5509 5511 
10682 6369 5427 6389 
10683 5100 5173 5435 
10684 515 3920 6325 
10685 5121 5122 5123 
10686 5532 5202 5548 
10687 5985 3983 6628 
10688 4665 4667 4676 
10689 5974 5976 5977 
10690 4780 4708 4781 
10691 4943 5276 6518 
10692 4548 4674 4758 
10693 5364 5497 5498 
10694 4896 5234 6357 
10695 5447 5255 5448 
10696 5166 5611 6387 
10697 514 515 6325 
10698 4029 4027 4266 
10699 5246 5248 5340 
10700 4258 4255 6438 
10701 365 366 3955 
10702 5179 5335 5336 
10703 501 502 3980 
10704 5239 5241 5489 
10705 4883 4996 4997 
10706 5254 5247 5255 
10707 4304 4302 6400 
10708 4546 4547 4548 
10709 4545 4262 4546 
10710 5435 5436 5676 
10711 3913 6152 7105 
10712 5448 5255 5449 
10713 5489 5598 5931 
10714 4722 4723 4939 
10715 4254 4253 4255 
10716 5441 5739 6723 
10717 4191 4189 6200 
10718 4260 4261 4262 
10719 4257 4259 4260 
10720 5204 5305 5306 
10721 5239 5237 5241 
10722 5542 6986 7162 
10723 4937 4936 4938 
10724 5015 5014 5167 
10725 4975 4976 4977 
10726 5510 5511 6234 
10727 350 6730 6739 
10728 5795 5399 5990 
10729 4282 4778 6437 
10730 4252 4251 4253 
10731 4889 5182 5226 
10732 5192 4289 6300 
10733 5336 5456 5457 
10734 5339 5106 5379 
10735 5393 5392 6285 
10736 4072 4073 4074 
10737 5154 5155 5156 
10738 5105 4938 5106 
10739 5457 5458 5459 
10740 5156 5361 5362 
10741 5489 5241 5598 
10742 4977 5079 5080 
10743 6766 5651 6859 
10744 4285 4810 6404 
10745 5571 5570 6330 
10746 4642 4644 5278 
10747 6599 4539 6715 
10748 4300 4250 6376 
10749 5123 5124 5125 
10750 4264 4271 5427 
10751 499 500 3908 
10752 4237 4236 4238 
10753 5335 5653 6523 
10754 510 511 6331 
10755 4254 4256 4272 
10756 4547 4262 6369 
10757 6471 5601 6973 
10758 4669 4848 5203 
10759 4070 4071 4072 
10760 5264 5262 5307 
10761 253 254 6448 
10762 4247 4246 4248 
10763 5125 5153 5154 
10764 360 361 6306 
10765 5119 5120 5121 
10766 5426 5391 6787 
10767 4185 4183 6198 
10768 4256 4257 6342 
10769 4477 4630 4631 
10770 6069 6071 6072 
10771 5261 5263 5267 
10772 4973 4974 4975 
10773 4239 4238 4240 
10774 4245 4244 4246 
10775 4969 4970 4971 
10776 4066 4067 4068 
10777 5117 5118 5119 
10778 367 368 3888 
10779 4233 4232 4234 
10780 4471 4453 4473 
10781 3887 5641 6856 
10782 5168 5167 5230 
10783 4226 4225 4227 
10784 4330 4844 6390 
10785 5245 5246 5247 
10786 4254 4255 4256 
10787 4241 4240 4242 
10788 497 498 3983 
10789 6189 3968 6190 
10790 5343 4982 5344 
10791 5345 5491 6756 
10792 4253 4251 6358 
10793 6064 4648 6644 
10794 5514 5513 5564 
10795 5245 5244 5246 
10796 377 378 3875 
10797 4224 4223 4225 
10798 5849 5980 5981 
10799 5837 3970 6942 
10800 4971 4972 4973 
10801 4958 4898 5377 
10802 506 507 6334 
10803 5011 5296 6307 
10804 4404 4394 6366 
10805 5050 5271 5316 
10806 4541 4473 4544 
10807 4231 4230 4232 
10808 3934 393 6284 
10809 5050 5316 5480 
10810 4212 4211 4213 
10811 4574 4990 6458 
10812 4931 5609 6663 
10813 4220 4219 4221 
10814 4646 4649 4650 
10815 5919 3961 5920 
10816 6077 5656 6987 
10817 495 496 3902 
10818 5654 4273 5839 
10819 504 505 6337 
10820 3919 276 6629 
10821 4265 4555 5085 
10822 5035 4670 6449 
10823 4271 4269 6381 
10824 4228 5704 6065 
10825 5377 6792 6830 
10826 398 399 3974 
10827 4214 4213 4215 
10828 6036 6038 6039 
10829 4290 4288 6408 
10830 4248 4251 4252 
10831 5111 5112 5585 
10832 4064 4065 4066 
10833 4291 4295 6300 
10834 375 376 3956 
10835 4257 4260 6342 
10836 4060 4061 4062 
10837 6734 6430 7051 
10838 493 494 3984 
10839 5225 4621 6507 
10840 4208 4207 4209 
10841 4260 4545 6342 
10842 511 3915 6331 
10843 4252 4253 4254 
10844 4218 4217 4219 
10845 4618 4830 4831 
10846 5360 6137 6764 
10847 4196 4195 4197 
10848 370 371 3957 
10849 5480 5316 5567 
10850 4204 4203 4205 
10851 4832 4556 4936 
10852 4931 4955 5609 
10853 5243 5244 5245 
10854 5349 5392 5393 
10855 4462 4460 5568 
10856 4820 4819 5084 
10857 362 363 6315 
10858 5231 5230 5482 
10859 4815 5092 5111 
10860 4831 5027 5194 
10861 491 492 3901 
10862 4967 4968 4969 
10863 5994 3904 6819 
10864 4245 4247 4549 
10865 500 501 6341 
10866 5029 4952 5161 
10867 4932 4933 4934 
10868 4200 4199 4201 
10869 4328 4883 6381 
10870 320 4050 5705 
10871 5570 5573 6330 
10872 397 398 6312 
10873 4190 4189 4191 
10874 4829 4564 4898 
10875 4673 4740 5010 
10876 4261 4264 6369 
10877 5243 4997 5244 
10878 378 379 6298 
10879 328 329 4013 
10880 4074 4073 6304 
10881 4269 4328 6381 
10882 6168 5347 6756 
10883 4262 4261 6369 
10884 345 346 6462 
10885 4951 4950 4952 
10886 4906 4907 5014 
10887 5194 5195 5522 
10888 5014 4907 5050 
10889 326 327 3944 
10890 489 490 3985 
10891 3927 524 6301 
10892 4584 4582 6534 
10893 4549 4905 4906 
10894 372 373 3876 
10895 4202 4201 4203 
10896 4245 4246 4247 
10897 4883 4997 5243 
10898 496 497 6350 
10899 4355 4353 4356 
10900 6049 3966 6925 
10901 5208 4558 6220 
10902 5812 6446 7168 
10903 4782 4781 4819 
10904 5230 5167 5711 
10905 4192 4191 4193 
10906 4839 4544 4841 
10907 4906 4905 4907 
10908 4058 4059 4060 
10909 327 328 4016 
10910 3935 208 6410 
10911 6008 4301 6314 
10912 5449 6256 6525 
10913 5496 5520 5521 
10914 487 488 3900 
10915 494 495 6353 
10916 4563 4796 4931 
10917 4810 5047 6404 
10918 4839 4841 6368 
10919 4184 4183 4185 
10920 381 3890 6249 
10921 5705 4050 5706 
10922 4506 4540 6446 
10923 4242 4244 4245 
10924 5502 5503 5504 
10925 6106 6111 6112 
10926 364 365 6323 
10927 4268 4330 6390 
10928 4237 4238 4239 
10929 5940 5938 5941 
10930 240 3907 6719 
10931 4918 4916 5054 
10932 4844 5368 5369 
10933 4844 5369 6390 
10934 492 493 6360 
10935 4289 4291 6300 
10936 4247 4248 6386 
10937 6028 6029 6030 
10938 6515 5620 6516 
10939 4253 6358 6438 
10940 5616 6095 6909 
10941 4618 4909 6431 
10942 6301 5574 7146 
10943 4549 4247 4905 
10944 4906 5015 6442 
10945 4702 4700 4703 
10946 4965 4966 4967 
10947 5522 5523 6028 
10948 485 486 3986 
10949 4369 4370 4371 
10950 4186 4185 4187 
10951 4264 5427 6369 
10952 490 491 6361 
10953 4054 4055 4056 
10954 4180 4179 4181 
10955 4239 4240 4241 
10956 5552 5067 5553 
10957 4234 4236 4237 
10958 4239 4241 4270 
10959 4581 4583 6340 
10960 4963 4964 4965 
10961 5320 5667 5668 
10962 5296 5297 6215 
10963 6039 6041 6042 
10964 4611 4613 5277 
10965 4394 4395 4396 
10966 4578 4736 4932 
10967 3966 239 6719 
10968 6343 4905 6386 
10969 483 484 3899 
10970 4983 5355 5356 
10971 5940 5941 5942 
10972 4176 4175 4177 
10973 5688 5089 6574 
10974 6181 5249 6699 
10975 4174 4173 4175 
10976 488 489 6364 
10977 5527 5351 5556 
10978 5055 5054 5351 
10979 366 367 6328 
10980 4468 4464 4479 
10981 6054 6052 6055 
10982 507 3913 6334 
10983 6721 5747 7118 
10984 3925 520 6309 
10985 4957 4956 5188 
10986 277 3981 6629 
10987 4615 4617 4618 
10988 4270 5429 6231 
10989 481 482 3987 
10990 4593 4595 4673 
10991 4265 5085 6491 
10992 4170 4169 4171 
10993 4787 4579 4950 
10994 6342 5236 6395 
10995 6114 6115 6116 
10996 5209 6046 6047 
10997 4390 4391 4392 
10998 4241 4242 6398 
10999 4883 5243 6381 
11000 4989 5396 5397 
11001 4227 4230 4231 
11002 4025 4023 4274 
11003 4168 4167 4169 
11004 5408 5040 5802 
11005 479 480 3898 
11006 4267 4285 6404 
11007 4052 4053 4054 
11008 4388 4389 4390 
11009 4778 5030 6437 
11010 4396 4398 4399 
11011 4392 4393 4394 
11012 5506 5504 5507 
11013 6374 5479 6778 
11014 4140 4138 6149 
11015 4810 5019 5047 
11016 4231 4232 4233 
11017 4256 6342 6395 
11018 4270 4241 5429 
11019 4263 4259 6532 
11020 5011 5294 5296 
11021 5650 5201 5651 
11022 3975 518 6313 
11023 4303 4678 6314 
11024 4039 4686 6825 
11025 4674 4547 6389 
11026 477 478 3989 
11027 376 377 6332 
11028 4694 4692 4695 
11029 4163 4162 4164 
11030 5380 5582 5583 
11031 5429 6398 6442 
11032 6345 4913 6403 
11033 4233 4234 6403 
11034 4272 4256 6395 
11035 4224 4225 4226 
11036 5492 6236 6713 
11037 4248 4252 6386 
11038 4597 4599 6469 
11039 4221 4223 4224 
11040 4062 4061 6326 
11041 4410 4412 4413 
11042 6398 4549 6442 
11043 5493 5584 7029 
11044 5098 5007 5099 
11045 5245 5254 6453 
11046 4905 4247 6386 
11047 4623 4629 6507 
11048 4688 4322 4689 
11049 4231 4233 4550 
11050 475 476 3897 
11051 5891 5494 6606 
11052 4403 4405 4406 
11053 6174 6177 6178 
11054 5800 5799 6066 
11055 4320 4318 5289 
11056 5751 3995 7117 
11057 4018 4017 4019 
11058 4301 4303 6314 
11059 480 481 6372 
11060 505 3979 6337 
11061 4399 4400 4401 
11062 4153 4152 4154 
11063 4706 4705 4869 
11064 5286 5655 6473 
11065 5137 4277 6004 
11066 5050 5480 6380 
11067 473 474 3990 
11068 4428 4431 4432 
11069 4916 4915 4917 
11070 4159 4158 4160 
11071 4157 4156 4158 
11072 5351 5054 5394 
11073 4961 4962 4963 
11074 4426 4427 4428 
11075 4401 4402 4403 
11076 5488 5859 7005 
11077 4596 4594 4956 
11078 471 472 3896 
11079 478 479 6375 
11080 5074 5145 5147 
11081 4413 4414 4415 
11082 5989 6889 6981 
11083 374 375 6333 
11084 5167 5014 6380 
11085 4406 4407 4408 
11086 4209 4211 4212 
11087 5502 5500 5503 
11088 5574 6301 6891 
11089 4914 4915 4916 
11090 398 3974 6312 
11091 4218 4219 4220 
11092 5339 5379 5380 
11093 6124 3971 6803 
11094 4432 4433 4434 
11095 3977 514 6325 
11096 4408 4409 4410 
11097 5990 5399 5998 
11098 6152 6135 7105 
11099 5274 5612 6486 
11100 4873 4773 5487 
11101 4932 4934 6396 
11102 4215 4217 4218 
11103 4876 4331 6417 
11104 5014 5050 6380 
11105 5805 5281 6495 
11106 5152 4377 5927 
11107 6449 4327 6532 
11108 5823 5769 5824 
11109 476 477 6377 
11110 5364 5363 5497 
11111 4878 6473 6577 
11112 470 471 6344 
11113 468 469 3991 
11114 4149 4148 4150 
11115 4665 4676 6429 
11116 4226 4227 6411 
11117 4550 4913 4914 
11118 4937 4938 5105 
11119 5399 4876 6417 
11120 4729 4683 4773 
11121 4224 4226 4551 
11122 4420 4422 4423 
11123 5009 5157 5158 
11124 4550 4233 4913 
11125 5511 5512 5513 
11126 4914 4913 4915 
11127 3909 5915 7015 
11128 6233 6449 6532 
11129 4242 4245 6398 
11130 4990 5104 6458 
11131 4434 4435 4436 
11132 5489 5931 6962 
11133 4205 4207 4208 
11134 5105 5106 5339 
11135 4983 5356 6480 
11136 5227 4278 6026 
11137 466 467 3895 
11138 4959 4960 4961 
11139 4670 4327 6449 
11140 4423 4425 4426 
11141 5284 5283 5285 
11142 4704 4703 4705 
11143 4456 4458 4911 
11144 4245 4549 6398 
11145 4415 4417 4418 
11146 4145 4144 4146 
11147 4418 4419 4420 
11148 4212 4213 4214 
11149 5429 4241 6398 
11150 4397 4388 6046 
11151 5006 4904 5472 
11152 4234 4237 6403 
11153 4310 4307 4953 
11154 5490 5989 6981 
11155 5498 5497 5499 
11156 4218 4220 4552 
11157 5711 5167 6380 
11158 5729 5728 5730 
11159 463 464 3992 
11160 4813 4735 4814 
11161 4220 4221 6418 
11162 3978 510 6331 
11163 4832 4936 4937 
11164 5003 6796 6908 
11165 4436 4440 4441 
11166 5725 5538 5726 
11167 4384 4385 4386 
11168 5362 5361 5363 
11169 3951 380 6249 
11170 5476 5474 5477 
11171 6221 374 6333 
11172 4551 4226 5431 
11173 4344 4343 4345 
11174 3918 6124 7139 
11175 461 462 3891 
11176 4249 4282 6437 
11177 3903 253 6448 
11178 4197 4199 4200 
11179 4139 4138 4140 
11180 5296 6215 7171 
11181 3886 397 6312 
11182 4193 4195 4196 
11183 4994 5129 5130 
11184 501 3980 6341 
11185 4141 4140 4142 
11186 5407 6454 6703 
11187 5526 6234 6475 
11188 5357 5099 5432 
11189 4342 4341 4343 
11190 5384 5382 5534 
11191 5519 5790 7011 
11192 4271 6381 6453 
11193 5511 5509 5512 
11194 5008 4842 5283 
11195 458 459 3993 
11196 3953 358 6295 
11197 5646 5645 5647 
11198 5213 5615 6401 
11199 4135 4134 4136 
11200 5504 5503 6371 
11201 5110 4928 5381 
11202 5328 5801 6454 
11203 4297 4293 4838 
11204 4616 4614 4683 
11205 4661 5279 6466 
11206 4884 4789 5065 
11207 6726 4795 7032 
11208 5254 5447 6493 
11209 5600 5266 5601 
11210 4202 4203 4204 
11211 3876 373 6221 
11212 456 457 3889 
11213 4214 4215 6433 
11214 3979 506 6334 
11215 4552 4220 5260 
11216 4669 5203 6450 
11217 5265 5264 5266 
11218 4815 5111 6416 
11219 462 463 6385 
11220 5085 4555 6416 
11221 400 401 6378 
11222 5824 6365 6824 
11223 344 343 4014 
11224 5564 5513 5747 
11225 6248 4554 6447 
11226 4451 6128 7035 
11227 5507 5504 6371 
11228 4914 4918 6503 
11229 4379 4380 4381 
11230 4778 4987 5030 
11231 5111 5092 5112 
11232 5850 7041 7091 
11233 455 456 6367 
11234 5265 5266 5600 
11235 5380 5583 5765 
11236 5156 5155 5361 
11237 453 454 3994 
11238 4859 4858 4860 
11239 5648 5647 5743 
11240 4208 4209 6421 
11241 4212 4214 4553 
11242 4637 4639 4959 
11243 5263 5264 5265 
11244 4913 4233 6403 
11245 460 461 6393 
11246 4021 4019 4875 
11247 5263 5262 5264 
11248 5949 5948 5950 
11249 4187 4189 4190 
11250 4552 5260 5261 
11251 5101 5189 5589 
11252 451 452 3887 
11253 5597 4834 6122 
11254 4254 4272 6465 
11255 5765 5583 6022 
11256 4227 4231 6411 
11257 5160 4846 5337 
11258 5261 5262 5263 
11259 6230 4562 6461 
11260 3910 504 6337 
11261 5154 5153 5155 
11262 5942 5943 5944 
11263 6233 5899 6449 
11264 459 460 6392 
11265 325 326 5925 
11266 4351 318 5835 
11267 4200 4201 4202 
11268 6453 5254 6493 
11269 4572 4574 6458 
11270 5631 6770 6879 
11271 4696 4695 4697 
11272 4131 4130 4132 
11273 4698 4697 4699 
11274 4127 4126 4128 
11275 359 3893 6295 
11276 5186 5936 7133 
11277 5261 5260 5262 
11278 5585 5112 5586 
11279 4498 4499 6715 
11280 4783 5681 7177 
11281 448 449 3996 
11282 5536 5986 5987 
11283 4829 4898 4958 
11284 4591 6181 6492 
11285 5944 5945 5946 
11286 4706 4869 6359 
11287 3886 6312 7178 
11288 5631 5629 6530 
11289 4346 4345 4347 
11290 401 402 3874 
11291 4603 6148 6549 
11292 446 447 3885 
11293 3983 5985 6950 
11294 6879 4104 7086 
11295 497 3983 6350 
11296 4833 4605 4999 
11297 183 5931 6788 
11298 4181 4183 4184 
11299 6251 3918 7139 
11300 4204 4205 6447 
11301 4190 4191 4192 
11302 4196 4197 6370 
11303 4890 5221 6869 
11304 317 4351 5715 
11305 4209 4212 6421 
11306 445 446 6379 
11307 4221 4224 6418 
11308 5727 6684 7179 
11309 6489 5023 6752 
11310 3893 360 6306 
11311 4851 4850 4852 
11312 4855 4854 4856 
11313 5115 5080 5116 
11314 5553 5067 6496 
11315 5123 5122 5124 
11316 443 444 3997 
11317 4123 4122 4124 
11318 5579 5140 5581 
11319 4690 4689 4691 
11320 3908 500 6341 
11321 319 5705 5835 
11322 4931 4796 4955 
11323 5125 5124 5153 
11324 4806 4763 4807 
11325 5998 5399 6417 
11326 4377 4378 4379 
11327 4672 4627 4992 
11328 4553 4214 5434 
11329 4255 4253 6438 
11330 5147 5462 5673 
11331 5329 6248 6618 
11332 5750 5290 6668 
11333 4820 5084 6573 
11334 5878 5877 5879 
11335 441 442 3884 
11336 4177 4179 4180 
11337 5188 5426 5587 
11338 4553 5434 5455 
11339 4937 5105 5215 
11340 5157 5314 6463 
11341 4990 5102 5104 
11342 5541 6815 7088 
11343 4119 4118 4120 
11344 4348 4347 4349 
11345 5431 4226 6411 
11346 5609 4955 5610 
11347 5415 5608 6791 
11348 4911 4912 5073 
11349 438 439 3998 
11350 4441 4440 4446 
11351 5250 5010 6307 
11352 4642 5278 6459 
11353 4520 4521 4522 
11354 495 3902 6353 
11355 5029 5161 5162 
11356 6381 5243 6453 
11357 5356 5355 5547 
11358 5121 5120 5122 
11359 447 448 6402 
11360 5284 5285 5542 
11361 4512 4513 4514 
11362 324 325 5049 
11363 436 437 3883 
11364 5880 5879 5881 
11365 5915 5322 5916 
11366 4440 4435 4474 
11367 5461 5799 5800 
11368 5972 5970 5973 
11369 6386 4252 6465 
11370 4761 4799 4800 
11371 342 341 3945 
11372 4951 4952 5029 
11373 4738 5407 6497 
11374 4171 4173 4174 
11375 6303 4757 6419 
11376 5112 5092 5613 
11377 4434 4433 4435 
11378 4800 5057 5058 
11379 5243 5245 6453 
11380 433 434 3999 
11381 403 404 3995 
11382 4518 4519 4520 
11383 3902 496 6350 
11384 4514 4515 4516 
11385 4583 4587 6340 
11386 5653 5979 6919 
11387 4202 4204 4265 
11388 4522 4523 4524 
11389 4536 4537 4538 
11390 7106 3919 7207 
11391 4516 4517 4518 
11392 4436 4435 4440 
11393 6196 6197 6774 
11394 430 431 6384 
11395 4184 4185 4186 
11396 4231 4550 6411 
11397 493 3984 6360 
11398 4510 4511 4512 
11399 431 432 3882 
11400 5856 5857 6485 
11401 5423 6230 6640 
11402 4524 4533 4534 
11403 4549 4906 6442 
11404 361 3954 6306 
11405 4534 4535 4536 
11406 6222 4577 6481 
11407 4658 4659 4660 
11408 4432 4431 4433 
11409 5816 5544 6885 
11410 5615 6499 7184 
11411 4503 4504 4505 
11412 4266 4027 6472 
11413 5936 6702 7133 
11414 439 440 6405 
11415 4215 4218 6433 
11416 4508 4509 4510 
11417 5552 5553 5897 
11418 4192 4193 6461 
11419 3984 494 6353 
11420 428 429 4000 
11421 3953 6295 6296 
11422 4505 4507 4508 
11423 6252 6253 6635 
11424 4815 4556 4832 
11425 437 438 6406 
11426 5260 4220 6418 
11427 4538 4655 4656 
11428 6835 5162 6959 
11429 4555 4556 4815 
11430 4590 4786 5025 
11431 379 3951 6298 
11432 4787 4950 4951 
11433 4656 4657 4658 
11434 4164 4167 4168 
11435 4115 4114 4116 
11436 426 427 3881 
11437 5784 6494 7170 
11438 4815 4832 5092 
11439 4841 4842 5007 
11440 6765 5936 6985 
11441 4660 4720 4721 
11442 3901 492 6360 
11443 4771 5887 6984 
11444 4980 5077 5253 
11445 4555 4554 4556 
11446 434 435 6407 
11447 4373 4374 4375 
11448 4428 4427 4431 
11449 6749 5799 7099 
11450 491 3901 6361 
11451 5515 5473 6977 
11452 6246 5856 6485 
11453 5008 5284 5433 
11454 4934 4933 4989 
11455 4982 4839 6368 
11456 4932 4736 4933 
11457 4721 4760 4761 
11458 4111 4110 4112 
11459 5509 5506 6430 
11460 5359 5769 5823 
11461 423 424 4001 
11462 5497 5363 5760 
11463 4197 4200 6370 
11464 4482 4743 4744 
11465 5682 5683 5684 
11466 420 421 6394 
11467 6293 5482 7050 
11468 4776 4652 4777 
11469 5827 5828 5829 
11470 432 433 6409 
11471 5088 6199 6883 
11472 5540 5337 5807 
11473 5666 5235 6572 
11474 3954 362 6315 
11475 5573 5681 5682 
11476 405 406 6399 
11477 5748 4383 5771 
11478 5008 5283 5284 
11479 6343 6386 6465 
11480 4174 4175 4176 
11481 5117 5116 5118 
11482 421 422 3880 
11483 4265 4554 4555 
11484 6294 4746 6432 
11485 4757 5009 6419 
11486 5922 5923 6662 
11487 5570 5572 5573 
11488 3985 490 6361 
11489 5119 5118 5120 
11490 5307 5262 6528 
11491 4160 4162 4163 
11492 4629 4894 6507 
11493 429 430 6413 
11494 4499 4500 4501 
11495 5539 5311 5784 
11496 4265 4204 4554 
11497 5261 5267 6526 
11498 415 416 6397 
11499 287 288 6594 
11500 4271 6453 6493 
11501 418 419 4002 
11502 5684 5826 5827 
11503 4791 4772 4792 
11504 5471 5569 5570 
11505 4186 4187 6479 
11506 5270 4313 6562 
11507 4501 4502 4503 
11508 489 3985 6364 
11509 4473 4453 4475 
11510 5506 5507 6430 
11511 416 417 3879 
11512 4841 4544 4842 
11513 4205 4208 6447 
11514 4224 4551 6418 
11515 4426 4425 4427 
11516 5448 5449 6525 
11517 5321 5319 5322 
11518 5026 5784 7170 
11519 6256 3932 6525 
11520 5454 5470 5471 
11521 4252 4254 6465 
11522 4651 4648 4652 
11523 6174 4429 6177 
11524 4190 4192 4561 
11525 5233 5516 6572 
11526 5100 4999 5173 
11527 503 3910 6517 
11528 413 414 4004 
11529 4769 4768 4770 
11530 5431 6411 6503 
11531 4107 4106 4108 
11532 6231 5429 6506 
11533 3900 488 6364 
11534 5452 5453 5454 
11535 502 503 6517 
11536 406 407 3877 
11537 408 409 4003 
11538 4484 4486 6536 
11539 4168 4169 4170 
11540 4599 4606 6469 
11541 5408 5802 6251 
11542 3890 382 6544 
11543 411 412 3878 
11544 5397 5396 5577 
11545 5314 6151 6484 
11546 4829 4958 4983 
11547 419 420 6424 
11548 4443 6885 6929 
11549 6725 5753 6775 
11550 4150 4152 4153 
11551 4154 4156 4157 
11552 6176 6173 6745 
11553 6219 4592 6502 
11554 4371 4372 4373 
11555 5437 5078 5438 
11556 4983 4958 5354 
11557 5435 5173 5436 
11558 5062 5061 5078 
11559 6131 5577 6867 
11560 414 415 6426 
11561 4673 4595 4740 
11562 4018 4020 5593 
11563 5361 5155 5543 
11564 363 3892 6315 
11565 5010 4740 5011 
11566 197 198 6471 
11567 417 418 6425 
11568 4423 4422 4425 
11569 5434 4214 6433 
11570 5366 6222 6677 
11571 6411 4550 6503 
11572 3980 502 6517 
11573 3905 6000 6592 
11574 4765 4754 4766 
11575 5726 5728 5729 
11576 4749 4751 4900 
11577 6247 5693 6698 
11578 4239 4270 6504 
11579 4796 4564 4829 
11580 5063 5139 5833 
11581 4608 4756 5023 
11582 4180 4181 6468 
11583 4897 6389 6553 
11584 4664 4662 6500 
11585 5676 5436 5677 
11586 346 4009 6462 
11587 4176 4177 6481 
11588 5170 5538 5725 
11589 5388 5451 5452 
11590 4563 4562 4564 
11591 4184 4186 4569 
11592 4561 4192 4562 
11593 412 413 6428 
11594 407 408 6427 
11595 4625 6074 6615 
11596 6114 6112 6115 
11597 4212 4553 6421 
11598 5623 5517 6785 
11599 4480 4479 4738 
11600 6106 4416 6111 
11601 4983 5354 5355 
11602 6353 3902 6354 
11603 5007 4842 5008 
11604 5129 5213 6434 
11605 4420 4419 4422 
11606 4977 4976 5079 
11607 5538 5537 6684 
11608 336 4365 6467 
11609 3892 364 6323 
11610 5465 5464 6512 
11611 4596 4956 4957 
11612 4146 4148 4149 
11613 4099 4098 4100 
11614 5158 5157 6463 
11615 5402 5028 5403 
11616 4746 4994 6432 
11617 4014 343 5689 
11618 4561 4562 4563 
11619 6624 6070 7121 
11620 4218 4552 6433 
11621 4563 4564 4796 
11622 5394 6227 6762 
11623 4357 4356 4358 
11624 5386 5387 5388 
11625 5957 3889 6711 
11626 4193 4196 6461 
11627 6244 6300 6540 
11628 5698 4280 6559 
11629 6889 5989 7202 
11630 4975 4974 4976 
11631 4957 5188 6482 
11632 6068 6067 7015 
11633 4647 4645 4648 
11634 4413 4412 4414 
11635 4369 4366 4370 
11636 4142 4144 4145 
11637 4899 4654 6869 
11638 4621 4623 6507 
11639 5296 5294 5297 
11640 5715 4351 5716 
11641 4157 4158 4159 
11642 4901 4921 4922 
11643 4867 4948 4949 
11644 5171 5619 5620 
11645 4095 4094 4096 
11646 5512 5509 6430 
11647 6409 3999 6815 
11648 4618 4617 4830 
11649 5974 5973 5976 
11650 4831 4830 5027 
11651 4418 4417 4419 
11652 4658 4998 6771 
11653 4431 4427 4470 
11654 4415 4414 4417 
11655 4555 4815 6416 
11656 365 3955 6323 
11657 5429 6442 6506 
11658 4274 6247 6698 
11659 4951 5029 5218 
11660 3875 378 6298 
11661 5194 5027 5195 
11662 4569 4186 5443 
11663 4569 5443 5481 
11664 4503 4680 6927 
11665 4410 4409 4412 
11666 481 3987 6372 
11667 4181 4184 6468 
11668 4611 5277 6510 
11669 5802 5040 6482 
11670 4650 4649 4653 
11671 4654 4653 4681 
11672 4174 4176 4576 
11673 5968 6099 6600 
11674 6178 6177 6179 
11675 5009 5158 6419 
11676 5643 5645 5646 
11677 6403 4237 6504 
11678 4085 4084 4086 
11679 5180 5058 5197 
11680 4643 4326 5288 
11681 5951 5950 5952 
11682 3898 480 6372 
11683 3955 366 6328 
11684 5134 5198 5199 
11685 4919 4877 5416 
11686 5276 5551 6518 
11687 5427 4271 6493 
11688 6556 6883 6910 
11689 5657 4881 7209 
11690 479 3898 6375 
11691 6356 5353 6519 
11692 4136 4138 4139 
11693 5288 4326 6529 
11694 5849 5072 5980 
11695 10 4360 5723 
11696 4091 4090 4092 
11697 5199 5385 5386 
11698 169 3933 6721 
11699 6217 4612 6521 
11700 5522 5195 5523 
11701 5010 5011 6307 
11702 3922 5922 6903 
11703 4987 5101 6444 
11704 5081 5478 6182 
11705 4315 4324 6562 
11706 4988 4826 5464 
11707 4973 4972 4974 
11708 4132 4134 4135 
11709 4890 4681 4891 
11710 6286 5392 6531 
11711 5203 4848 5204 
11712 4554 4204 6447 
11713 4168 4170 4580 
11714 4187 4190 6479 
11715 3989 478 6375 
11716 5406 5325 5428 
11717 5537 5851 7026 
11718 4989 4933 5067 
11719 4163 4164 6483 
11720 5391 6219 6696 
11721 5467 5465 5530 
11722 4897 6553 6608 
11723 4729 4773 4873 
11724 4629 4719 4894 
11725 4811 6551 6622 
11726 4149 4150 6391 
11727 6028 5523 6029 
11728 6127 6128 7003 
11729 477 3989 6377 
11730 367 3888 6328 
11731 3912 6093 6550 
11732 5189 5536 6456 
11733 6130 6129 7003 
11734 4408 4407 4409 
11735 4159 4160 6502 
11736 5533 5532 5634 
11737 4079 4078 4080 
11738 4971 4970 4972 
11739 4860 4880 4929 
11740 6036 6034 6038 
11741 4406 4405 4407 
11742 6454 5801 7044 
11743 5350 5408 6803 
11744 3897 476 6377 
11745 5084 5280 6412 
11746 5432 5099 5595 
11747 4359 4358 4361 
11748 4736 4579 4787 
11749 6442 5015 6506 
11750 6783 5267 6853 
11751 5668 5667 5669 
11752 5693 5414 6698 
11753 4576 4176 4577 
11754 5057 4799 5202 
11755 5306 5305 5315 
11756 4403 4402 4405 
11757 4616 4683 4729 
11758 5278 6363 6687 
11759 5860 5721 7187 
11760 4128 4130 4131 
11761 6860 5722 6875 
11762 4856 4858 4859 
11763 4124 4126 4127 
11764 6270 5567 6657 
11765 4825 4668 4826 
11766 4075 4074 4076 
11767 6463 5314 6484 
11768 4576 4577 4578 
11769 4578 4577 4579 
11770 4578 4579 4736 
11771 3900 6364 6365 
11772 4989 5067 5396 
11773 5096 5095 5166 
11774 5396 5067 5552 
11775 4029 4266 6347 
11776 5324 4329 5325 
11777 4396 4395 4398 
11778 5047 5019 6541 
11779 4153 4154 6492 
11780 6465 4272 6546 
11781 377 3875 6332 
11782 4969 4968 4970 
11783 5629 5628 6667 
11784 5610 6835 6959 
11785 4139 4140 4141 
11786 5130 5129 6434 
11787 339 4383 5748 
11788 4237 4239 6504 
11789 5645 6344 7126 
11790 5344 4982 6368 
11791 4800 4799 5057 
11792 6345 6403 6504 
11793 5213 6401 6434 
11794 3956 376 6332 
11795 6337 3979 6499 
11796 4994 5130 6432 
11797 4985 4887 4986 
11798 4666 4664 4711 
11799 5116 5080 6513 
11800 5031 4822 6573 
11801 4157 4159 4591 
11802 4580 4170 5446 
11803 471 3896 6344 
11804 4401 4400 4402 
11805 4399 4398 4400 
11806 4596 4957 4981 
11807 4177 4180 6481 
11808 4832 4937 6452 
11809 4394 4393 4395 
11810 4695 4692 6551 
11811 4563 4931 6591 
11812 5434 6433 6526 
11813 5627 5630 6455 
11814 4120 4122 4123 
11815 6138 6039 6476 
11816 285 286 6645 
11817 4164 4168 6483 
11818 5742 4588 6874 
11819 4028 4030 4104 
11820 5646 5647 5648 
11821 5142 5688 5714 
11822 6433 4552 6526 
11823 5301 5202 5532 
11824 176 177 6651 
11825 5155 5153 6478 
11826 322 323 4228 
11827 178 3950 6650 
11828 6746 5053 6852 
11829 5124 5122 5219 
11830 4562 4192 6461 
11831 5929 5930 6961 
11832 6210 5376 6588 
11833 4069 4068 4070 
11834 4362 4361 4364 
11835 6372 5731 6928 
11836 5188 5587 6482 
11837 6600 4125 6724 
11838 5042 5417 5575 
11839 4852 4854 4855 
11840 4171 4174 6501 
11841 4761 4760 4799 
11842 5300 5231 6659 
11843 4116 4118 4119 
11844 4582 4172 6535 
11845 4170 4171 6501 
11846 5325 4329 6548 
11847 5011 4740 5293 
11848 6504 4270 6583 
11849 4272 6278 6546 
11850 6690 5455 6720 
11851 4422 4419 4454 
11852 375 3956 6333 
11853 4981 4957 5040 
11854 7025 5483 7033 
11855 320 321 4050 
11856 5283 4842 6488 
11857 5613 5092 6452 
11858 4434 4436 6693 
11859 5344 6050 6658 
11860 4392 4391 4393 
11861 5470 7036 7042 
11862 5012 4793 6984 
11863 4327 4263 6532 
11864 5350 5040 5408 
11865 6476 6042 6727 
11866 4777 4850 4851 
11867 6335 4897 6608 
11868 5353 5574 6519 
11869 5382 5381 6308 
11870 4752 4542 6574 
11871 4550 4914 6503 
11872 5092 4832 6452 
11873 4981 5040 5350 
11874 4390 4389 4391 
11875 5443 4186 6479 
11876 5870 5889 6627 
11877 5809 5810 6752 
11878 4967 4966 4968 
11879 5556 5351 6560 
11880 5030 4987 6444 
11881 4721 4720 4760 
11882 5128 5349 6575 
11883 4711 4664 6500 
11884 4660 4659 4720 
11885 4150 4153 6391 
11886 268 269 6702 
11887 6493 5447 6553 
11888 4595 4594 4596 
11889 5807 5337 5808 
11890 4937 5215 6452 
11891 5981 5980 6297 
11892 5746 3990 6873 
11893 4063 4062 4064 
11894 4638 4636 4640 
11895 382 383 6544 
11896 4022 4024 4675 
11897 4677 4631 4722 
11898 4658 4657 4659 
11899 3982 6218 6762 
11900 4593 4594 4595 
11901 5101 5589 6444 
11902 6039 6038 6041 
11903 215 216 6682 
11904 4112 4114 4115 
11905 4593 4592 4594 
11906 4591 4159 4592 
11907 4274 6698 6754 
11908 4591 4592 4593 
11909 5011 5293 5294 
11910 4141 4142 6521 
11911 5589 5189 6456 
11912 5260 6418 6528 
11913 5703 4228 6065 
11914 4760 4720 4941 
11915 4154 4157 6492 
11916 5530 5465 6512 
11917 5294 5293 5295 
11918 4792 4794 4816 
11919 6006 5467 6958 
11920 321 322 5702 
11921 6643 6336 6704 
11922 6293 190 6712 
11923 5301 5532 5533 
11924 6120 3916 6851 
11925 5876 5877 5878 
11926 6590 5269 6685 
11927 5431 6336 6643 
11928 4135 4136 6510 
11929 4108 4110 4111 
11930 5409 5724 6860 
11931 4965 4964 4966 
11932 5723 4360 5724 
11933 4729 4873 5309 
11934 463 3992 6385 
11935 4139 4141 4611 
11936 4724 4610 4725 
11937 5074 5147 6582 
11938 4578 4932 6616 
11939 5536 5987 6456 
11940 4659 4657 5088 
11941 5486 4332 5560 
11942 6266 4007 6645 
11943 4770 4772 4791 
11944 5742 6599 6715 
11945 5080 5079 6513 
11946 5057 5202 5301 
11947 3891 462 6385 
11948 4786 4980 6474 
11949 5327 4864 5843 
11950 6366 4396 6537 
11951 191 3930 6712 
11952 6418 4551 6528 
11953 4846 4584 6534 
11954 4656 4655 4657 
11955 5019 5252 6541 
11956 337 6467 6671 
11957 4813 4814 6435 
11958 461 3891 6393 
11959 5658 4797 5659 
11960 4102 4106 4107 
11961 4057 4056 4058 
11962 4538 4537 4655 
11963 4018 4019 4020 
11964 4763 4672 6457 
11965 6322 4011 7134 
11966 4587 4590 6477 
11967 4367 332 5754 
11968 4184 4569 6468 
11969 5343 5518 6767 
11970 4766 4768 4769 
11971 4544 4473 6488 
11972 6343 6465 6546 
11973 4174 4576 6501 
11974 5084 5150 5280 
11975 4536 4535 4537 
11976 5384 5534 6436 
11977 4367 5754 5755 
11978 4476 4466 4477 
11979 5201 5165 6414 
11980 4388 4386 4389 
11981 4160 4163 6502 
11982 5271 6343 6546 
11983 4299 4754 4765 
11984 4963 4962 4964 
11985 3890 7008 7025 
11986 4414 4412 4451 
11987 4487 4485 6578 
11988 4830 4617 5021 
11989 5942 5941 5943 
11990 5099 5007 6505 
11991 4119 4120 6420 
11992 6392 5783 6863 
11993 3993 459 6392 
11994 4851 4852 6415 
11995 6091 4444 6689 
11996 4190 4561 6479 
11997 5872 5874 5882 
11998 6873 3897 7039 
11999 4789 4297 6445 
12000 4648 4645 6644 
12001 5173 4999 5419 
12002 5118 5116 5308 
12003 4228 323 5704 
12004 5875 3997 6907 
12005 5474 5384 6436 
12006 5309 5310 5415 
12007 6862 6415 7121 
12008 4684 4640 4685 
12009 4011 6310 6688 
12010 4904 4813 6435 
12011 6392 460 6393 
12012 4928 4884 6443 
12013 4534 4533 4535 
12014 5415 5310 5608 
12015 5140 4806 6460 
12016 5309 4873 5310 
12017 5252 5691 6547 
12018 4922 4923 4924 
12019 456 3889 6367 
12020 5944 5943 5945 
12021 5008 5433 6505 
12022 6265 6267 6557 
12023 517 3975 6673 
12024 5280 5679 5752 
12025 317 318 4351 
12026 4096 4098 4099 
12027 4577 4176 6481 
12028 5195 5027 5217 
12029 4524 4523 4533 
12030 5946 5945 5947 
12031 4522 4521 4523 
12032 5209 4397 6046 
12033 4615 4616 4617 
12034 4613 4614 4615 
12035 4611 4612 4613 
12036 3945 341 5692 
12037 5878 5879 5880 
12038 5880 5881 5887 
12039 4520 4519 4521 
12040 6029 5523 6031 
12041 6161 6162 6948 
12042 4465 4450 4466 
12043 4092 4094 4095 
12044 4034 4036 4038 
12045 6882 6254 7103 
12046 4747 4539 6599 
12047 4615 4614 4616 
12048 5795 5990 6603 
12049 4449 4445 4450 
12050 4884 5065 6443 
12051 5916 5322 6705 
12052 5990 5999 6603 
12053 401 3874 6378 
12054 4297 4838 6445 
12055 4611 4141 4612 
12056 4829 4983 6480 
12057 5810 6489 6752 
12058 4605 4603 6549 
12059 319 320 5705 
12060 4407 4405 4443 
12061 4313 4315 6562 
12062 5321 5322 5915 
12063 4613 4612 4614 
12064 4961 4960 4962 
12065 4051 4049 4052 
12066 4088 4090 4091 
12067 5007 5008 6505 
12068 5079 5186 5559 
12069 499 3908 6628 
12070 4756 5063 6487 
12071 4655 4537 4993 
12072 5093 4886 6633 
12073 5543 5155 6478 
12074 4796 4829 6480 
12075 5790 5495 7029 
12076 4955 4796 6480 
12077 4340 4338 4445 
12078 4651 4652 4776 
12079 5356 6586 6610 
12080 4202 4265 6491 
12081 5517 6335 6660 
12082 4136 4139 6510 
12083 4518 4517 4519 
12084 5139 5170 6490 
12085 404 405 6607 
12086 5262 5260 6528 
12087 3920 516 6673 
12088 4165 4033 6777 
12089 4606 4608 6489 
12090 4788 6588 6736 
12091 5040 4957 6482 
12092 5843 4864 6567 
12093 4447 330 5723 
12094 6345 6504 6583 
12095 5941 5938 6140 
12096 4842 4544 6488 
12097 4383 338 6671 
12098 6278 5240 6631 
12099 5724 5604 7094 
12100 4200 4202 6491 
12101 4473 4475 6488 
12102 4943 4685 4944 
12103 5560 4332 6564 
12104 4516 4515 4517 
12105 4822 4820 6573 
12106 4552 5261 6526 
12107 483 3899 6605 
12108 5275 4944 5430 
12109 4270 6231 6583 
12110 4514 4513 4515 
12111 6323 3955 6954 
12112 4714 4712 6555 
12113 6982 3903 7167 
12114 6551 5420 6622 
12115 10 315 4360 
12116 448 3996 6402 
12117 446 3885 6379 
12118 4769 4770 6441 
12119 4384 4381 4385 
12120 4647 4648 4651 
12121 4082 4084 4085 
12122 4512 4511 4513 
12123 3983 498 6628 
12124 5055 5527 6704 
12125 6370 4200 6491 
12126 6319 4954 7205 
12127 4324 5095 5096 
12128 4168 4580 6483 
12129 3885 447 6402 
12130 5791 5694 7206 
12131 4320 5289 6589 
12132 5798 6360 7099 
12133 4924 4925 5159 
12134 4959 4639 4960 
12135 4691 4935 5420 
12136 4379 4378 4380 
12137 4371 4373 6676 
12138 3987 482 6605 
12139 4651 4776 5318 
12140 6751 5481 6799 
12141 5025 4786 6474 
12142 4099 4326 4642 
12143 3894 356 6694 
12144 5218 6147 6846 
12145 4954 6320 6843 
12146 6320 5599 6849 
12147 5235 5233 6572 
12148 336 335 4365 
12149 5459 5458 6649 
12150 4672 4992 6457 
12151 4039 4041 4686 
12152 6389 5427 6553 
12153 5351 5394 6560 
12154 6227 6224 6762 
12155 6495 5281 6622 
12156 4765 4766 6451 
12157 5126 5128 6575 
12158 5402 5403 5983 
12159 4462 5568 6648 
12160 5427 6493 6553 
12161 5878 5880 6383 
12162 3952 354 6735 
12163 340 339 5748 
12164 5426 6787 6823 
12165 5079 4976 5186 
12166 4776 4777 6558 
12167 6340 4587 6477 
12168 4499 4496 4500 
12169 5786 450 6856 
12170 4980 5253 6474 
12171 4099 4100 4326 
12172 5336 5457 5485 
12173 4142 4145 6521 
12174 5580 5579 6796 
12175 4510 4509 4511 
12176 331 4447 5754 
12177 4076 4078 4079 
12178 350 351 6730 
12179 4807 4763 6457 
12180 4048 4046 4049 
12181 318 319 5835 
12182 6541 5252 6547 
12183 4590 5025 6477 
12184 4806 4807 6460 
12185 4525 4527 5136 
12186 5280 5752 6522 
12187 4324 5096 6562 
12188 6323 6954 7063 
12189 482 483 6605 
12190 5827 5826 5828 
12191 4373 4376 6676 
12192 4592 4159 6502 
12193 4072 4074 4075 
12194 5272 6217 6580 
12195 6497 5407 6498 
12196 6553 5447 6608 
12197 5494 5496 6606 
12198 4508 4507 4509 
12199 3998 439 6405 
12200 4999 4605 6549 
12201 5684 5683 5826 
12202 5682 5681 5683 
12203 5682 5684 6708 
12204 5710 5709 7078 
12205 438 3998 6406 
12206 4494 4492 6543 
12207 5403 5028 6587 
12208 4700 4699 6664 
12209 4120 4123 6420 
12210 4692 4691 6551 
12211 4505 4504 4507 
12212 5106 4938 6720 
12213 5271 6546 6631 
12214 5679 5150 5680 
12215 5349 5393 6346 
12216 316 317 5715 
12217 5065 4789 6445 
12218 5970 5968 6600 
12219 5581 5140 6460 
12220 4533 4523 4817 
12221 3883 437 6406 
12222 5324 5406 5439 
12223 4852 4855 6415 
12224 6202 5868 6661 
12225 5318 5319 5320 
12226 4020 4019 4021 
12227 4642 4643 4644 
12228 4381 4380 6561 
12229 5381 4928 6443 
12230 4095 4096 6459 
12231 4939 5490 5592 
12232 5674 5673 5675 
12233 5428 5325 6717 
12234 4400 4398 4439 
12235 5534 5382 6308 
12236 5595 5099 6505 
12237 5337 4846 6534 
12238 4885 4714 4886 
12239 5573 5572 5681 
12240 5308 5116 6513 
12241 5477 5474 6436 
12242 4045 4044 4046 
12243 4085 4329 5323 
12244 5490 6981 7069 
12245 4143 6149 6941 
12246 4521 4519 4946 
12247 5402 5983 5984 
12248 4066 4068 4069 
12249 5320 5321 5667 
12250 4644 4645 4646 
12251 431 3882 6384 
12252 5197 5058 6524 
12253 3999 434 6407 
12254 4537 4535 6538 
12255 4377 4375 4378 
12256 4492 4490 4682 
12257 5320 5668 6706 
12258 4503 4502 4504 
12259 5559 5186 5605 
12260 5042 5031 5417 
12261 4157 4591 6492 
12262 5570 5569 5572 
12263 4689 4322 6589 
12264 5058 5057 6524 
12265 4646 4647 4649 
12266 4043 4042 4044 
12267 433 3999 6409 
12268 5406 5428 5713 
12269 5472 4904 6435 
12270 5578 5091 7213 
12271 5446 4170 6501 
12272 4588 4501 6927 
12273 6192 5829 6838 
12274 4933 4736 6496 
12275 3882 432 6409 
12276 5307 6643 6704 
12277 5633 5152 5927 
12278 4827 6476 6727 
12279 4653 4649 4803 
12280 6880 4941 6910 
12281 5311 4986 6494 
12282 4988 5465 5466 
12283 5651 5201 6414 
12284 5420 5421 6495 
12285 4988 5464 5465 
12286 430 6384 6413 
12287 4480 4738 6497 
12288 4627 4625 6615 
12289 4041 4040 4042 
12290 4891 5028 5083 
12291 5859 5370 6656 
12292 4880 5081 6508 
12293 337 336 6467 
12294 4085 4086 4329 
12295 5324 5325 5406 
12296 4091 4092 6464 
12297 5471 5470 5569 
12298 333 332 4367 
12299 4736 4787 6496 
12300 5443 6479 6591 
12301 6206 6692 6821 
12302 4000 429 6413 
12303 4057 4808 5334 
12304 4079 4633 4661 
12305 5547 6410 6969 
12306 4069 4332 5332 
12307 5376 5643 6588 
12308 4060 4062 4063 
12309 4661 4662 4663 
12310 4043 4045 4047 
12311 4063 4641 5333 
12312 5454 5453 5470 
12313 4465 4476 4478 
12314 4477 4631 4677 
12315 5096 5166 6439 
12316 4663 4664 4665 
12317 4039 4037 4040 
12318 5083 5402 6533 
12319 6199 6172 6883 
12320 288 4010 6594 
12321 4891 4681 5028 
12322 4501 4500 4502 
12323 4825 4826 4988 
12324 5318 4776 5319 
12325 4054 4056 4057 
12326 4036 4035 4037 
12327 5023 4756 6487 
12328 4705 4703 4878 
12329 6556 5088 6883 
12330 5134 4872 5198 
12331 5833 5139 6490 
12332 5333 5372 5373 
12333 5322 5319 6558 
12334 421 3880 6394 
12335 6228 3927 7146 
12336 4691 4689 4935 
12337 4051 4334 4335 
12338 5204 5205 5305 
12339 4697 4695 4811 
12340 4322 4320 6589 
12341 5317 5073 5545 
12342 5084 4819 5150 
12343 5063 5833 6487 
12344 5320 5319 5321 
12345 4373 4372 4374 
12346 6469 4606 6489 
12347 4034 4033 4035 
12348 4725 4727 6637 
12349 5170 5725 6490 
12350 4677 4864 5326 
12351 3957 371 6646 
12352 4079 4080 4633 
12353 5373 5741 5766 
12354 6546 6278 6631 
12355 6479 4561 6591 
12356 3898 6372 6928 
12357 4371 4370 4372 
12358 5452 5451 5453 
12359 5584 5291 7008 
12360 4972 4970 5210 
12361 4665 4666 4667 
12362 420 6394 6424 
12363 5067 4933 6496 
12364 6631 5240 6657 
12365 4608 5023 6489 
12366 4393 4391 4430 
12367 4032 4031 4033 
12368 5330 5016 5331 
12369 4075 4076 6466 
12370 5266 6716 6790 
12371 416 3879 6397 
12372 4478 4801 4802 
12373 4667 4668 4669 
12374 6085 6086 7098 
12375 4811 4695 6551 
12376 406 3877 6399 
12377 357 3953 6694 
12378 4642 4326 4643 
12379 4517 4515 4790 
12380 4002 419 6424 
12381 5883 5879 6991 
12382 4646 4645 4647 
12383 4669 4825 4848 
12384 415 6397 6426 
12385 5877 6379 6991 
12386 5582 6831 6898 
12387 5326 5327 5398 
12388 4770 4791 6441 
12389 4031 4029 6347 
12390 6416 5111 6830 
12391 4644 4643 4645 
12392 5417 5031 6573 
12393 5292 6345 6583 
12394 4335 4336 4337 
12395 418 4002 6425 
12396 5798 5460 6798 
12397 5349 6346 6575 
12398 6410 209 6969 
12399 5388 5387 5451 
12400 4513 4511 4827 
12401 5825 4823 7166 
12402 4802 5060 5061 
12403 330 10 5723 
12404 3879 417 6425 
12405 4612 4141 6521 
12406 4004 414 6426 
12407 4968 4966 5071 
12408 3889 5957 7030 
12409 5398 5528 5618 
12410 4030 4029 4031 
12411 4529 4531 4862 
12412 3881 5855 7090 
12413 5204 4848 5205 
12414 5695 5640 6796 
12415 4596 4981 6511 
12416 4337 4338 4339 
12417 4069 4070 4332 
12418 4766 4769 6451 
12419 5073 5074 6582 
12420 6501 4576 6616 
12421 6373 6374 6604 
12422 339 338 4383 
12423 5594 5905 7013 
12424 413 4004 6428 
12425 5996 5052 6983 
12426 4472 5993 6802 
12427 371 372 6646 
12428 231 3911 6933 
12429 5486 5560 5561 
12430 5083 5028 5402 
12431 3877 407 6427 
12432 408 4003 6427 
12433 5438 5670 5671 
12434 3878 412 6428 
12435 4339 4340 4341 
12436 4740 4595 6511 
12437 5386 5385 5387 
12438 4349 4712 4713 
12439 6155 4878 6664 
12440 5889 6545 6627 
12441 6447 4208 6618 
12442 6681 5300 6747 
12443 5518 6730 6767 
12444 3967 230 6933 
12445 523 3927 6769 
12446 4139 4611 6510 
12447 5079 5559 6513 
12448 5356 5547 6586 
12449 5093 6633 6743 
12450 5323 4329 5324 
12451 6480 5356 6610 
12452 4022 4021 4023 
12453 372 3876 6646 
12454 4595 4596 6511 
12455 332 331 5754 
12456 6279 5179 6670 
12457 6344 3896 7126 
12458 4063 4064 4641 
12459 5420 4935 5421 
12460 6364 3985 6539 
12461 4551 5431 6643 
12462 4677 4722 4864 
12463 4028 4027 4029 
12464 6335 6608 6660 
12465 5423 6640 6701 
12466 5466 5465 5467 
12467 331 330 4447 
12468 5755 6801 7045 
12469 5199 5198 5385 
12470 4777 4851 6558 
12471 4096 4099 6459 
12472 5705 5706 5707 
12473 4057 4058 4808 
12474 3991 6166 6759 
12475 4964 4962 5041 
12476 4663 4662 4664 
12477 6300 4295 6540 
12478 4375 4374 6596 
12479 4886 4714 6555 
12480 6565 5593 6566 
12481 5297 5294 6520 
12482 6089 6090 7140 
12483 5781 5958 6863 
12484 4026 4025 4027 
12485 4661 4633 4662 
12486 3995 404 6607 
12487 6152 3913 6855 
12488 4100 4102 6529 
12489 4986 5224 6494 
12490 5294 5295 6520 
12491 4665 4664 4666 
12492 5280 5150 5679 
12493 4024 4023 4025 
12494 5446 6501 6616 
12495 5850 5849 6976 
12496 4856 4859 6624 
12497 4929 4880 6508 
12498 498 499 6628 
12499 4385 4381 6561 
12500 4669 4668 4825 
12501 5147 5674 6582 
12502 5293 4740 6511 
12503 4509 4507 4716 
12504 5161 4952 6799 
12505 4092 4095 6464 
12506 6240 6239 6914 
12507 4667 4666 4668 
12508 6961 6620 7049 
12509 5447 5448 6608 
12510 6604 6374 6709 
12511 4295 4299 6540 
12512 4713 4714 4715 
12513 5882 5885 6634 
12514 405 6399 6607 
12515 4744 4743 6509 
12516 355 3894 6735 
12517 5142 5089 5688 
12518 6429 6889 6924 
12519 5081 6182 6508 
12520 5147 5673 5674 
12521 4465 4466 4476 
12522 5305 5205 5566 
12523 4380 4378 5468 
12524 3973 522 6769 
12525 4743 4867 6509 
12526 4449 4450 4465 
12527 4637 4959 6740 
12528 5057 5301 6524 
12529 4504 4502 4717 
12530 4010 6252 6635 
12531 4051 4052 4334 
12532 4943 5275 5276 
12533 4826 4668 6585 
12534 5808 5337 6534 
12535 4350 6156 6718 
12536 5438 5078 5670 
12537 5202 4799 6552 
12538 5419 4999 6549 
12539 6365 6364 6539 
12540 5985 5535 6950 
12541 4360 315 5722 
12542 4986 5223 5224 
12543 4340 4445 4449 
12544 4479 4464 6648 
12545 513 3977 6763 
12546 4715 4885 4887 
12547 4948 5171 6514 
12548 3883 6406 6545 
12549 5413 5562 6623 
12550 5906 5907 7189 
12551 5794 5793 6816 
12552 5332 4332 5486 
12553 6016 6017 6789 
12554 5276 5549 5550 
12555 5333 4641 5372 
12556 4345 4343 4455 
12557 5329 6618 6690 
12558 5755 5754 6801 
12559 6435 5611 7159 
12560 4353 4350 6718 
12561 5451 5387 5606 
12562 4442 6666 6693 
12563 4048 4049 4051 
12564 5639 3994 6955 
12565 5496 5521 6606 
12566 4380 5468 5469 
12567 5373 5372 5741 
12568 6514 5620 6515 
12569 5766 5741 5767 
12570 4738 4739 5004 
12571 6461 4196 6640 
12572 4727 5036 5037 
12573 338 337 6671 
12574 4365 335 5735 
12575 4616 4729 6527 
12576 5326 4864 5327 
12577 5686 5435 7214 
12578 4911 5073 5317 
12579 5679 5680 6542 
12580 261 3922 6794 
12581 5643 5646 6588 
12582 241 242 6848 
12583 5765 3937 6937 
12584 4476 4477 6614 
12585 4553 5455 6690 
12586 5021 4617 6527 
12587 5736 4367 6894 
12588 4561 4563 6591 
12589 5398 5327 5528 
12590 4045 4046 4048 
12591 4354 4456 6619 
12592 5855 6697 7090 
12593 4478 4476 4801 
12594 4637 4638 4639 
12595 4951 5218 6638 
12596 5973 5970 6600 
12597 4803 6581 6706 
12598 5334 4808 5524 
12599 4993 4537 6538 
12600 5370 5371 6656 
12601 6065 5191 7007 
12602 5405 5746 7039 
12603 4960 4639 4978 
12604 6511 4981 6669 
12605 388 1 6990 
12606 4076 4079 6466 
12607 4638 4640 4684 
12608 1 344 6990 
12609 5385 5198 5742 
12610 5674 5675 5700 
12611 4086 4088 6548 
12612 4020 4021 4022 
12613 5553 6496 6638 
12614 5680 5150 6678 
12615 4617 4616 6527 
12616 4326 4100 6529 
12617 6425 4002 6523 
12618 4335 4334 4336 
12619 3934 6284 7120 
12620 4802 4801 5060 
12621 4391 4389 6579 
12622 5061 5060 5410 
12623 6245 6244 6813 
12624 5004 5016 5328 
12625 435 436 6665 
12626 3915 512 6763 
12627 5402 5984 6533 
12628 4869 6077 6804 
12629 4691 5420 6551 
12630 5328 5330 5737 
12631 4043 4044 4045 
12632 4729 5309 6527 
12633 4955 6480 6610 
12634 4349 4347 4712 
12635 4041 4042 4043 
12636 5838 5515 6815 
12637 4337 4336 4338 
12638 4339 4338 4340 
12639 4949 4948 6514 
12640 5319 4776 6558 
12641 4080 4082 6554 
12642 4823 4575 7166 
12643 5284 5542 6686 
12644 4543 4610 4724 
12645 4826 6585 6970 
12646 6045 7060 7095 
12647 4635 4636 4637 
12648 4039 4040 4041 
12649 4036 4037 4039 
12650 5021 6527 6683 
12651 4684 4685 4943 
12652 4727 5037 6637 
12653 4855 4856 6624 
12654 3928 6022 6892 
12655 436 3883 6665 
12656 5610 4955 6610 
12657 4032 4033 4034 
12658 4034 4035 4036 
12659 6274 6783 6853 
12660 4724 4725 4797 
12661 4867 4949 6509 
12662 5239 5489 6781 
12663 3890 6544 7008 
12664 6476 4827 6625 
12665 4123 4124 6695 
12666 4719 5045 6728 
12667 5290 5401 6668 
12668 4935 4689 6589 
12669 3917 6235 6775 
12670 4760 4941 6552 
12671 4799 4760 6552 
12672 4030 4031 4032 
12673 5317 5545 6154 
12674 4943 4944 5275 
12675 5293 6511 6669 
12676 5574 5422 7146 
12677 6215 6978 7171 
12678 4208 6421 6618 
12679 5171 5620 6514 
12680 4941 4720 6556 
12681 4885 4886 5093 
12682 473 3990 6714 
12683 4469 4482 6672 
12684 5960 3874 7114 
12685 5744 5647 7126 
12686 4992 4627 6615 
12687 6334 6134 7067 
12688 6248 6447 6618 
12689 5948 4984 7112 
12690 4666 4711 6585 
12691 6658 3942 6739 
12692 6407 435 6665 
12693 5784 5311 6494 
12694 4366 4364 6707 
12695 4637 4636 4638 
12696 5316 5271 6631 
12697 4986 4887 5223 
12698 4442 4452 6666 
12699 5715 5716 6875 
12700 4028 4029 4030 
12701 5868 5872 6661 
12702 4070 4072 6564 
12703 276 277 6629 
12704 6584 4371 6676 
12705 6527 5309 6683 
12706 4464 4462 6648 
12707 5582 5379 6853 
12708 4329 4086 6548 
12709 6581 5318 6706 
12710 4659 5088 6556 
12711 5650 6766 6833 
12712 4099 4642 6459 
12713 6318 5664 6896 
12714 4374 4372 4444 
12715 4007 285 6645 
12716 6544 5584 7008 
12717 4064 4066 6568 
12718 4058 4060 6569 
12719 5027 4830 6563 
12720 5662 5801 7123 
12721 6296 6295 6641 
12722 3896 472 6714 
12723 4869 4705 6577 
12724 4022 4023 4024 
12725 6397 5652 6426 
12726 5650 6833 6915 
12727 5632 5633 6931 
12728 4722 4939 6567 
12729 5659 4797 6637 
12730 5329 6690 6720 
12731 5979 5652 6919 
12732 4102 4107 6529 
12733 5680 6678 6804 
12734 6730 5518 6739 
12735 3981 278 6935 
12736 9 389 6992 
12737 4433 4431 6692 
12738 4838 6408 7194 
12739 4720 4659 6556 
12740 4899 5713 7072 
12741 4633 4080 6554 
12742 177 178 6650 
12743 5545 5073 6582 
12744 4024 4025 4026 
12745 4713 4712 4714 
12746 329 9 6992 
12747 4026 4027 4028 
12748 4361 4358 4437 
12749 6496 4787 6638 
12750 5217 5027 6563 
12751 5728 5727 6928 
12752 4147 4144 7116 
12753 4830 5021 6563 
12754 4715 4714 4885 
12755 210 3924 6969 
12756 6148 6003 6636 
12757 458 3993 6711 
12758 6709 6374 6772 
12759 4299 4765 6540 
12760 4052 4054 6576 
12761 6767 3917 6775 
12762 5523 5195 6571 
12763 4738 4479 4739 
12764 5276 5275 5549 
12765 4378 4375 6596 
12766 6749 6354 7115 
12767 5563 5791 7120 
12768 4772 4771 6984 
12769 5316 6631 6657 
12770 3895 6167 6906 
12771 3948 297 6840 
12772 298 4012 6840 
12773 6412 5280 6522 
12774 4576 4578 6616 
12775 4635 4444 4636 
12776 3888 368 6784 
12777 6231 5232 6681 
12778 5918 5919 6655 
12779 6031 5523 6571 
12780 5915 5916 7015 
12781 4374 4444 4635 
12782 279 3929 6935 
12783 6746 5710 7078 
12784 5179 5336 6670 
12785 5195 5217 6571 
12786 3889 457 6711 
12787 6579 5850 6976 
12788 5142 5714 6738 
12789 6481 4180 6677 
12790 5550 5549 6611 
12791 5813 5812 7168 
12792 4496 4494 6570 
12793 6205 6207 6865 
12794 5231 5482 6659 
12795 516 517 6673 
12796 6500 4662 6729 
12797 5972 5974 6971 
12798 4380 5469 6561 
12799 4 345 7020 
12800 6002 3875 7188 
12801 4773 5272 7034 
12802 6040 6626 7102 
12803 4900 4901 6722 
12804 5513 5512 6800 
12805 5518 5344 6658 
12806 4724 4797 5404 
12807 4079 4661 6466 
12808 275 3919 7106 
12809 5707 5708 5709 
12810 5567 5316 6657 
12811 4332 4070 6564 
12812 356 357 6694 
12813 4787 4951 6638 
12814 6230 6461 6640 
12815 4149 6212 6839 
12816 6865 4474 6877 
12817 4196 6370 6640 
12818 526 3946 6891 
12819 4409 4407 6647 
12820 5266 5264 6716 
12821 5909 5732 7079 
12822 6352 4336 6761 
12823 182 183 6788 
12824 4532 5764 7174 
12825 468 3991 6759 
12826 5711 6380 6733 
12827 5599 5241 6849 
12828 5766 5896 6737 
12829 4367 5755 6894 
12830 4001 424 6697 
12831 5478 6373 6782 
12832 5052 4919 6983 
12833 4917 5292 6747 
12834 5727 5538 6684 
12835 6608 5448 6660 
12836 4548 4954 6843 
12837 4088 4091 6548 
12838 4651 5318 6581 
12839 5328 5016 5330 
12840 4641 4064 6568 
12841 4031 6347 6777 
12842 6812 5609 6959 
12843 5004 4739 5016 
12844 4803 4649 6581 
12845 5307 6528 6643 
12846 4864 4722 6567 
12847 6889 5561 6924 
12848 5078 5061 6602 
12849 5737 5330 5803 
12850 4492 4682 6543 
12851 4407 4443 6647 
12852 5620 5619 6864 
12853 5746 5405 7089 
12854 392 3934 6912 
12855 5823 5825 6837 
12856 6321 6318 6896 
12857 6852 5268 6875 
12858 4001 6075 6974 
12859 6194 3967 6886 
12860 4649 4647 6581 
12861 4808 4058 6569 
12862 4703 4700 6664 
12863 349 350 6739 
12864 3895 467 6759 
12865 216 3972 6682 
12866 4082 4085 6554 
12867 6301 525 6891 
12868 5237 4759 6849 
12869 4759 4546 6843 
12870 3995 5960 7114 
12871 5331 5016 6806 
12872 509 3978 6855 
12873 6750 6136 6999 
12874 4085 5323 6554 
12875 4681 4653 6587 
12876 4108 4111 6710 
12877 4922 4924 5269 
12878 4490 4487 6578 
12879 4477 4677 6614 
12880 6062 5288 6811 
12881 5696 5695 6674 
12882 4334 4052 6576 
12883 5437 5438 6633 
12884 5459 6103 6943 
12885 4131 4132 6772 
12886 4647 4651 6581 
12887 3962 268 6702 
12888 5366 6677 6751 
12889 6274 5455 6783 
12890 6373 4909 6782 
12891 5707 5706 5708 
12892 424 425 6697 
12893 5982 3986 7053 
12894 370 3957 6776 
12895 4984 4538 7112 
12896 269 270 7023 
12897 5161 6812 6959 
12898 5897 5553 6846 
12899 4430 4391 6579 
12900 5420 6495 6622 
12901 6530 5629 6667 
12902 6240 5339 6937 
12903 4944 5026 7170 
12904 4643 5288 6644 
12905 5404 4797 5658 
12906 6538 4535 6593 
12907 4801 4476 6614 
12908 6716 5527 6790 
12909 6701 5085 6792 
12910 5660 6584 6676 
12911 6282 5531 6916 
12912 6591 4931 6663 
12913 6583 6231 6681 
12914 4569 5481 6751 
12915 4006 391 6912 
12916 6555 4712 6621 
12917 3940 385 7047 
12918 5381 6443 6675 
12919 5818 6939 7014 
12920 4535 4533 6593 
12921 4739 4479 6648 
12922 4072 4075 6564 
12923 6310 6311 6688 
12924 6030 6029 6845 
12925 4352 6619 6793 
12926 295 296 6911 
12927 3972 6131 6867 
12928 4677 5326 6614 
12929 5481 5443 6663 
12930 5299 5006 6975 
12931 4872 4747 6599 
12932 4069 5332 6568 
12933 4063 5333 6569 
12934 6353 6354 6749 
12935 6502 4163 6696 
12936 4374 4635 6596 
12937 4817 4523 6595 
12938 4939 5592 6567 
12939 3913 508 6855 
12940 4970 4968 6601 
12941 485 3986 6826 
12942 5414 5412 6698 
12943 4057 5334 6576 
12944 5229 5814 7006 
12945 5632 6931 6960 
12946 5783 5781 6863 
12947 201 3937 7125 
12948 4533 4817 6593 
12949 4436 4442 6693 
12950 530 5 7040 
12951 4153 6492 6699 
12952 4988 5466 6598 
12953 4005 6282 6916 
12954 6394 3880 6649 
12955 4066 4069 6568 
12956 6295 3893 6641 
12957 5205 4848 6598 
12958 4482 4744 6672 
12959 4781 6359 6678 
12960 4043 4047 6620 
12961 6528 4551 6643 
12962 4653 4803 6587 
12963 4523 4521 6595 
12964 4705 4878 6577 
12965 6694 3953 7098 
12966 5285 5283 6966 
12967 4668 4666 6585 
12968 4645 4643 6644 
12969 5949 5951 6997 
12970 5834 5996 6983 
12971 4060 4063 6569 
12972 6728 5686 7214 
12973 4521 4946 6595 
12974 4494 6543 6570 
12975 5263 5265 6831 
12976 5028 4681 6587 
12977 4981 5350 6669 
12978 4048 5928 6842 
12979 5246 5340 6882 
12980 6290 6441 7199 
12981 4500 4496 6570 
12982 4946 4519 6609 
12983 4848 4825 6598 
12984 6308 5381 6675 
12985 294 295 6936 
12986 4456 4911 6619 
12987 6199 5088 6857 
12988 4527 4529 6597 
12989 6096 5069 7212 
12990 5061 5410 6602 
12991 5691 5445 6732 
12992 5366 6751 6799 
12993 3954 6904 6997 
12994 3899 484 6826 
12995 5448 6525 6660 
12996 6491 5085 6701 
12997 4054 4057 6576 
12998 5423 6701 6792 
12999 4686 4041 6620 
13000 5872 5882 6661 
13001 4633 6554 6729 
13002 6678 6359 6804 
13003 6222 6481 6677 
13004 5412 5411 6754 
13005 5526 6475 6968 
13006 5210 4970 6601 
13007 4347 4345 6621 
13008 7036 6001 7042 
13009 4180 6468 6677 
13010 4519 4517 6609 
13011 5295 5293 6669 
13012 5391 6696 6787 
13013 5306 5843 7163 
13014 4966 4964 6613 
13015 457 458 6711 
13016 5 287 7040 
13017 5857 3881 6884 
13018 5292 6583 6681 
13019 5264 5307 6716 
13020 175 4 7020 
13021 5577 6251 7142 
13022 5468 4378 6596 
13023 5443 6591 6663 
13024 5433 5284 6686 
13025 4825 4988 6598 
13026 5951 5952 6641 
13027 6160 3977 7031 
13028 4474 6241 6902 
13029 5613 6452 6653 
13030 6084 5441 6723 
13031 5760 5363 6822 
13032 5852 5824 6824 
13033 472 473 6714 
13034 396 3886 6942 
13035 6452 5215 6653 
13036 6276 5185 6917 
13037 4790 4515 6612 
13038 4968 5071 6601 
13039 4878 4703 6664 
13040 6478 5153 6779 
13041 4958 5377 6871 
13042 4517 4790 6609 
13043 6618 6421 6690 
13044 3938 6293 7050 
13045 5136 4527 6597 
13046 6640 6370 6701 
13047 5946 6315 7155 
13048 4515 4513 6612 
13049 5455 5434 6783 
13050 4682 4490 6578 
13051 4372 4370 6689 
13052 5824 5769 6963 
13053 354 355 6735 
13054 5476 6786 7070 
13055 4934 4989 6932 
13056 3947 167 7118 
13057 6313 3925 6750 
13058 5071 4966 6613 
13059 6227 5394 7066 
13060 6475 5285 6966 
13061 5336 5485 6670 
13062 3970 395 6942 
13063 4531 4543 6617 
13064 4513 4827 6612 
13065 5670 5078 6602 
13066 6406 3998 6627 
13067 453 3994 6832 
13068 4433 6692 6877 
13069 6459 5278 6687 
13070 3884 6258 6921 
13071 4827 4511 6625 
13072 475 3897 6873 
13073 6235 3952 6725 
13074 5770 5910 7208 
13075 5124 5219 6779 
13076 4684 6518 6691 
13077 5361 5543 6822 
13078 4432 4434 7150 
13079 4431 4470 6692 
13080 4797 4725 6637 
13081 4539 4498 6715 
13082 286 7 7054 
13083 7 163 7054 
13084 5253 5077 6837 
13085 299 8 7055 
13086 8 176 7055 
13087 6526 5267 6783 
13088 5717 5682 6708 
13089 5207 6092 7152 
13090 5309 5415 6683 
13091 4095 6459 6687 
13092 5722 5715 6875 
13093 5957 5775 7030 
13094 4964 5041 6613 
13095 4744 6509 6667 
13096 4511 4509 6625 
13097 5198 4872 6599 
13098 5173 5419 6753 
13099 6405 5869 6989 
13100 4819 4781 6678 
13101 6704 5527 6716 
13102 3887 452 6832 
13103 4146 4149 6839 
13104 5989 5087 7202 
13105 4446 6169 7161 
13106 4474 4435 6877 
13107 4449 6216 6809 
13108 3964 6958 7148 
13109 5203 5204 7093 
13110 5150 4819 6678 
13111 4124 4127 6695 
13112 4962 4960 6630 
13113 6100 3914 6791 
13114 5514 5564 7162 
13115 190 191 6712 
13116 6557 6267 7051 
13117 3990 474 6873 
13118 7062 5477 7081 
13119 5723 5724 7094 
13120 443 3997 6847 
13121 6336 5055 6704 
13122 6197 6194 6886 
13123 5359 5823 6837 
13124 6545 6406 6627 
13125 4430 6579 6976 
13126 5703 6065 7007 
13127 6219 6502 6696 
13128 4641 6568 6748 
13129 386 4008 7047 
13130 4978 4639 6691 
13131 6842 5675 7185 
13132 6421 4553 6690 
13133 6687 6363 6897 
13134 6139 6030 6895 
13135 4507 4504 6626 
13136 6558 4851 6705 
13137 5041 4962 6630 
13138 4716 4507 6626 
13139 6492 6181 6699 
13140 451 3887 6856 
13141 6292 6291 6945 
13142 4938 5329 6720 
13143 4163 6483 6696 
13144 4509 4716 6625 
13145 5887 5881 6844 
13146 4954 6357 7205 
13147 5652 6397 6919 
13148 4107 4108 6710 
13149 4686 6620 6961 
13150 4529 4862 6597 
13151 5270 6562 6679 
13152 4370 4366 6707 
13153 6344 5644 6944 
13154 6191 7106 7207 
13155 5223 4887 6639 
13156 5339 5380 6937 
13157 177 6650 6651 
13158 4135 6510 6709 
13159 3884 442 6847 
13160 6391 4153 6699 
13161 3910 6337 6868 
13162 4639 4638 6691 
13163 6066 6749 7115 
13164 5746 6873 7039 
13165 5285 6475 6986 
13166 5742 5198 6599 
13167 5449 5255 7103 
13168 4345 4455 6621 
13169 4504 4717 6626 
13170 5185 5461 6917 
13171 6470 5709 7000 
13172 6464 4095 6687 
13173 168 169 6721 
13174 6554 5323 6729 
13175 6613 5041 6655 
13176 6097 4015 6758 
13177 4041 4043 6620 
13178 4862 4531 6617 
13179 4887 4885 6639 
13180 3945 5692 7141 
13181 4470 4427 6872 
13182 466 3895 6906 
13183 4717 4502 6652 
13184 384 3940 7057 
13185 5347 5345 6756 
13186 7006 5814 7157 
13187 6325 3920 6732 
13188 4712 4347 6621 
13189 4808 6569 6755 
13190 5326 5398 6768 
13191 5305 5566 6744 
13192 6663 5609 6812 
13193 6588 5646 6736 
13194 5339 6240 7186 
13195 5325 6548 6717 
13196 6270 6657 6781 
13197 6838 5939 6870 
13198 5424 5142 6738 
13199 4911 5317 6619 
13200 4448 4441 7010 
13201 239 240 6719 
13202 6510 5277 6709 
13203 4960 4978 6630 
13204 470 6344 6944 
13205 4334 6576 6761 
13206 4364 4361 6654 
13207 6789 5065 6918 
13208 6633 5438 6743 
13209 5664 6318 7205 
13210 6472 4274 6754 
13211 6189 5219 6965 
13212 5118 5308 6808 
13213 6791 6196 7143 
13214 6475 6234 6986 
13215 4440 4474 6902 
13216 351 3917 6730 
13217 5480 5567 7027 
13218 6215 5310 6978 
13219 6134 6133 7067 
13220 6524 5301 6802 
13221 5396 5552 6867 
13222 4769 6441 6760 
13223 487 3900 7053 
13224 5973 6600 6724 
13225 428 4000 6884 
13226 445 6379 6907 
13227 4851 6415 6705 
13228 5088 4657 6857 
13229 6370 6491 6701 
13230 5458 5456 6979 
13231 6823 6396 6993 
13232 6487 5540 7104 
13233 369 370 6776 
13234 5479 5594 6778 
13235 5482 5230 7050 
13236 6589 5289 6741 
13237 6657 5240 6781 
13238 5708 5706 6854 
13239 6118 6113 7138 
13240 467 468 6759 
13241 4356 4353 6718 
13242 5333 5373 6755 
13243 6162 5360 6764 
13244 6730 3917 6767 
13245 5821 5822 6797 
13246 6851 5295 7183 
13247 6134 6334 7105 
13248 5544 5338 6929 
13249 6022 200 7125 
13250 4502 4500 6652 
13251 5516 5623 7198 
13252 5324 5439 6828 
13253 6289 6290 7199 
13254 5394 5054 7066 
13255 6178 6880 6910 
13256 6578 5209 7095 
13257 6331 3915 6827 
13258 441 3884 6921 
13259 5400 5343 6767 
13260 4638 4684 6691 
13261 4543 4724 6617 
13262 4972 5210 6765 
13263 4035 4165 7180 
13264 3991 469 6944 
13265 5322 6558 6705 
13266 6399 3877 6700 
13267 5468 6596 6740 
13268 5318 5320 6706 
13269 6101 5297 7001 
13270 4916 4917 7066 
13271 6380 5480 6733 
13272 6466 5279 6742 
13273 4444 4372 6689 
13274 6249 3890 7025 
13275 455 6367 6955 
13276 5218 5029 6888 
13277 6224 3982 6762 
13278 6698 5412 6754 
13279 3881 427 6884 
13280 368 369 6784 
13281 6596 4635 6740 
13282 4885 5093 6639 
13283 6318 6319 7205 
13284 3997 444 6907 
13285 5887 4771 7153 
13286 5222 5632 7191 
13287 5592 5490 7069 
13288 4901 4922 6722 
13289 5469 5847 7151 
13290 6807 5926 6982 
13291 5649 5650 6915 
13292 3960 5926 6807 
13293 260 261 6794 
13294 512 513 6763 
13295 5993 6524 6802 
13296 5976 5973 6724 
13297 4128 4131 6900 
13298 5166 6387 6940 
13299 5096 6439 6679 
13300 5426 6823 6993 
13301 3986 486 7053 
13302 6562 5096 6679 
13303 5586 5112 6949 
13304 6649 3880 7021 
13305 5132 6352 6930 
13306 4894 4719 6728 
13307 5799 5798 7099 
13308 6507 4894 6881 
13309 6201 4454 7017 
13310 5242 5852 6824 
13311 522 523 6769 
13312 6548 4091 6717 
13313 5623 6785 6936 
13314 6405 440 6921 
13315 6568 5332 6748 
13316 5560 6564 6742 
13317 5548 7009 7130 
13318 4013 6232 7043 
13319 6544 383 7057 
13320 4032 4034 6934 
13321 5460 6082 6798 
13322 3994 454 6955 
13323 3959 5902 6967 
13324 6443 5065 6789 
13325 5527 5556 6790 
13326 3939 182 6788 
13327 3974 399 7122 
13328 5634 5532 7130 
13329 3891 6385 6713 
13330 6674 5012 6938 
13331 3979 6334 7067 
13332 4091 6464 6717 
13333 400 6378 7122 
13334 423 4001 6974 
13335 5548 6552 6880 
13336 3984 6353 6749 
13337 4165 6522 7180 
13338 6168 465 6906 
13339 3971 6121 6803 
13340 5646 5648 6736 
13341 4655 4993 6857 
13342 6378 5734 7122 
13343 4935 6589 6741 
13344 4361 4437 6654 
13345 6569 5333 6755 
13346 5754 4447 6801 
13347 6137 5365 6821 
13348 6387 5636 6940 
13349 3910 6868 7144 
13350 4724 5404 6617 
13351 5774 6367 7030 
13352 5845 5442 7165 
13353 5051 5268 6852 
13354 6667 5628 6850 
13355 3927 6301 7146 
13356 6897 6363 7072 
13357 5315 5305 6744 
13358 4500 6570 6652 
13359 6576 5334 6761 
13360 5784 5026 7149 
13361 5890 5483 7025 
13362 5105 5339 7186 
13363 6677 6468 6751 
13364 5223 7108 7201 
13365 5706 5995 6854 
13366 5219 5122 6965 
13367 4422 4454 6923 
13368 6805 4147 7116 
13369 5457 5459 6943 
13370 6564 4075 6742 
13371 5926 3903 6982 
13372 6384 3882 6977 
13373 6522 5752 7180 
13374 3880 422 6974 
13375 6267 6734 7051 
13376 6363 4899 7072 
13377 403 3995 7114 
13378 5724 4360 6860 
13379 5436 5173 6753 
13380 4475 4453 7073 
13381 6043 6040 7102 
13382 5595 6505 6773 
13383 4386 4385 7041 
13384 4656 4658 6771 
13385 6794 3922 6903 
13386 5497 5760 7096 
13387 6988 5988 7181 
13388 5512 6430 7083 
13389 426 3881 7090 
13390 4003 409 6972 
13391 5310 4873 6978 
13392 4123 6695 7189 
13393 5240 5239 6781 
13394 5220 4891 7158 
13395 5825 7166 7196 
13396 6498 5407 6703 
13397 4924 5159 6685 
13398 369 6776 6784 
13399 4662 4633 6729 
13400 6025 5648 7210 
13401 4454 4419 7017 
13402 5904 5000 7062 
13403 4443 4405 6939 
13404 3900 6365 6963 
13405 5670 6602 6982 
13406 4135 6709 6772 
13407 5398 5618 6866 
13408 6013 6014 7059 
13409 5161 6799 6812 
13410 4340 4449 6809 
13411 4744 6667 6850 
13412 6232 4013 6992 
13413 5466 5467 7097 
13414 6213 3942 6810 
13415 3902 6350 7132 
13416 5438 5671 6743 
13417 3874 402 7114 
13418 6689 4370 6707 
13419 6594 4010 7145 
13420 5428 6897 7072 
13421 5475 6384 6977 
13422 5557 6002 7188 
13423 5377 5423 6792 
13424 4974 4972 6765 
13425 5450 5913 6836 
13426 4922 5269 6722 
13427 6245 6813 6926 
13428 5421 4935 6741 
13429 4816 4794 6995 
13430 5931 5598 6788 
13431 6540 4765 6813 
13432 4132 4135 6772 
13433 5456 6523 6979 
13434 4075 6466 6742 
13435 6520 5295 6851 
13436 6610 6586 7127 
13437 5307 6704 6716 
13438 5406 5713 6861 
13439 4801 6614 6768 
13440 5517 6660 6785 
13441 6136 5699 6999 
13442 6259 6263 7197 
13443 4952 5366 6799 
13444 6543 7060 7074 
13445 5393 6285 6766 
13446 5331 6806 6988 
13447 5566 5205 6946 
13448 6244 6540 6813 
13449 4635 4637 6740 
13450 5640 5580 6796 
13451 6238 6653 6914 
13452 5153 5124 6779 
13453 5584 6544 7057 
13454 4033 4031 6777 
13455 4451 4412 7024 
13456 6050 5357 6810 
13457 5355 5354 6780 
13458 6692 6206 6877 
13459 5521 5520 6952 
13460 6226 6747 7176 
13461 5400 6767 6775 
13462 6468 4569 6751 
13463 5085 6416 6792 
13464 4680 6001 7036 
13465 6462 4009 7016 
13466 5606 5387 6874 
13467 6531 4003 6972 
13468 5829 5939 6838 
13469 5446 6396 6823 
13470 3897 5851 7039 
13471 5279 6429 6924 
13472 5483 6020 7033 
13473 6592 5566 6946 
13474 6451 4769 6760 
13475 5275 5430 6890 
13476 5221 5444 6829 
13477 3993 6392 6863 
13478 4437 4358 6795 
13479 5321 5915 6925 
13480 5601 5266 6790 
13481 4792 4816 7068 
13482 5288 6529 6811 
13483 6505 5433 6773 
13484 4455 4343 6858 
13485 5939 5940 6870 
13486 3892 7063 7155 
13487 5525 5701 7161 
13488 6530 4949 6770 
13489 6097 6758 7182 
13490 5372 4641 6748 
13491 6110 6109 6956 
13492 5674 5700 6726 
13493 4036 4039 6825 
13494 5269 4924 6685 
13495 5186 4976 6985 
13496 5765 6022 7125 
13497 5995 5304 6854 
13498 7052 6096 7212 
13499 6048 4737 6841 
13500 6070 6068 6862 
13501 5747 5513 6800 
13502 4045 4048 6842 
13503 6696 6483 6787 
13504 6614 5326 6768 
13505 5277 6604 6709 
13506 6182 5478 6782 
13507 6706 5668 6817 
13508 4009 6213 6820 
13509 4930 6025 7210 
13510 4393 4430 6899 
13511 5304 5841 6854 
13512 6213 6810 6820 
13513 6612 4827 6727 
13514 6365 6539 6824 
13515 6086 6694 7098 
13516 5524 4808 6755 
13517 6361 3901 6798 
13518 6014 6016 6918 
13519 6121 6120 6851 
13520 5641 5786 6856 
13521 5206 5617 7080 
13522 4336 4334 6761 
13523 4414 4451 7035 
13524 3911 6193 6845 
13525 6901 5986 7216 
13526 5434 6526 6783 
13527 5021 6683 6774 
13528 5924 5591 7178 
13529 6828 5439 6947 
13530 6801 4447 7094 
13531 4439 4398 7038 
13532 5904 7062 7081 
13533 484 485 6826 
13534 6747 5300 7176 
13535 4402 4400 7014 
13536 6525 3932 6785 
13537 5060 4801 6768 
13538 6582 5674 6726 
13539 6285 3878 6833 
13540 6354 6073 7115 
13541 6146 6144 6835 
13542 4358 4356 6795 
13543 6710 4111 7173 
13544 5405 5932 7089 
13545 5786 5696 6834 
13546 6176 6745 7154 
13547 6831 5582 6853 
13548 5685 5250 7131 
13549 6688 6311 6734 
13550 6257 5315 6819 
13551 5518 6658 6739 
13552 6267 6688 6734 
13553 452 453 6832 
13554 4925 5312 6951 
13555 5357 5432 6820 
13556 242 3964 6848 
13557 4699 4697 7077 
13558 5012 6844 6938 
13559 5120 5118 6808 
13560 5385 5742 6874 
13561 5301 5533 6802 
13562 4107 6710 6811 
13563 6656 5371 6750 
13564 5184 7045 7209 
13565 5634 7130 7150 
13566 6563 5021 6774 
13567 6810 5357 6820 
13568 5677 5436 6805 
13569 6108 6118 7046 
13570 6619 5317 6793 
13571 3919 6478 7207 
13572 5550 6611 6794 
13573 5111 5585 6830 
13574 6500 6729 6828 
13575 3892 6323 7063 
13576 6756 5491 7128 
13577 5636 6388 7175 
13578 5531 5558 6916 
13579 6707 4364 7140 
13580 6539 3985 7137 
13581 5690 6748 6994 
13582 5436 6753 6805 
13583 6206 6865 6877 
13584 5611 6023 7159 
13585 6483 4580 6787 
13586 4679 6019 7022 
13587 5363 5361 6822 
13588 6482 5587 7111 
13589 5292 6681 6747 
13590 6124 6803 7139 
13591 6240 6914 7186 
13592 5403 6587 6817 
13593 6732 5445 7031 
13594 6740 4959 6814 
13595 6768 5398 6866 
13596 6016 6789 6918 
13597 4941 6556 6910 
13598 6121 6851 7183 
13599 6579 4389 7041 
13600 442 443 6847 
13601 6892 5583 6898 
13602 6611 260 6794 
13603 6675 6443 6789 
13604 5884 6834 6938 
13605 6516 5620 6864 
13606 5545 6582 6726 
13607 5377 6830 6871 
13608 5818 5816 6885 
13609 4675 4024 7193 
13610 5424 6440 6878 
13611 6379 3885 6991 
13612 6580 6839 7085 
13613 5225 6881 6941 
13614 297 298 6840 
13615 5317 6154 6793 
13616 6680 6289 7068 
13617 5267 5263 6831 
13618 6109 6108 6905 
13619 4737 5785 7113 
13620 5971 5975 6920 
13621 4006 6912 7206 
13622 6514 6515 6770 
13623 4026 6516 7193 
13624 5880 5887 7153 
13625 5534 5840 7195 
13626 6787 4580 6823 
13627 6017 6675 6789 
13628 3988 6250 7027 
13629 4341 4340 6809 
13630 6523 4002 6979 
13631 168 6721 7118 
13632 508 509 6855 
13633 4654 4890 6869 
13634 4580 5446 6823 
13635 6102 6101 7001 
13636 6488 4475 6966 
13637 5560 6742 6924 
13638 6654 4437 6757 
13639 4765 6451 6813 
13640 4656 6771 7112 
13641 4546 4548 6843 
13642 5077 5359 6837 
13643 6896 5663 7136 
13644 6359 4869 6804 
13645 6817 5668 7012 
13646 6001 4679 7042 
13647 4356 6718 6795 
13648 5241 5237 6849 
13649 5038 6066 7115 
13650 7108 5903 7201 
13651 6306 3954 6997 
13652 4816 6680 7068 
13653 6660 6525 6785 
13654 3964 6006 6958 
13655 6580 4145 6839 
13656 4942 5003 6908 
13657 5564 6876 7162 
13658 5664 5663 6896 
13659 5417 6412 6957 
13660 6743 6967 7037 
13661 5469 5468 6814 
13662 6367 3889 7030 
13663 5520 5846 6952 
13664 4409 6647 7024 
13665 6206 6205 6865 
13666 6067 3909 7015 
13667 4030 4032 7086 
13668 450 451 6856 
13669 4145 4146 6839 
13670 4717 7056 7102 
13671 6648 5568 6806 
13672 4949 6514 6770 
13673 6764 4470 6872 
13674 6464 6687 6897 
13675 5947 5949 6904 
13676 5379 6274 6853 
13677 5393 6766 6859 
13678 5600 6892 6898 
13679 5881 5884 6844 
13680 5016 4739 6806 
13681 5470 5453 7036 
13682 6742 5279 6924 
13683 4131 6778 6900 
13684 6839 6212 7085 
13685 6697 425 7090 
13686 6801 5603 7045 
13687 5615 5614 6868 
13688 6167 6168 6906 
13689 5403 6817 7012 
13690 5451 5606 7018 
13691 3931 6270 6962 
13692 5969 5971 6998 
13693 474 475 6873 
13694 6529 4107 6811 
13695 3987 6605 7079 
13696 6587 4803 6817 
13697 5225 6507 6881 
13698 5775 5774 7030 
13699 5967 5969 7110 
13700 6172 6174 6883 
13701 3907 5983 7087 
13702 6325 6732 7031 
13703 5159 4925 6951 
13704 4900 6722 7168 
13705 6471 3928 7172 
13706 6350 3983 6950 
13707 4908 6229 7124 
13708 4038 4036 6825 
13709 6162 6872 6923 
13710 3937 6240 6937 
13711 6334 3913 7105 
13712 4014 6126 6990 
13713 5850 6579 7041 
13714 7068 6289 7199 
13715 3939 6788 7075 
13716 4855 6624 7121 
13717 4682 6578 7095 
13718 5462 6961 7049 
13719 427 428 6884 
13720 6019 4783 7177 
13721 5323 5324 6828 
13722 6235 6725 6775 
13723 5550 6794 6903 
13724 6653 5215 6914 
13725 6103 5459 7109 
13726 6695 5906 7189 
13727 6092 5485 7152 
13728 6337 6499 6868 
13729 6586 6146 7127 
13730 3950 6896 7136 
13731 6729 5323 6828 
13732 6267 6266 7134 
13733 6095 6096 6909 
13734 6916 5558 7169 
13735 5191 5097 7007 
13736 4657 4655 6857 
13737 6684 5537 7026 
13738 5583 5582 6898 
13739 525 526 6891 
13740 5623 6911 7198 
13741 5762 6685 7119 
13742 5060 6768 6866 
13743 4047 4045 6842 
13744 5462 5929 6961 
13745 5745 5746 7089 
13746 5481 6663 6812 
13747 5247 5246 6882 
13748 6883 6174 6910 
13749 6239 6238 6914 
13750 5577 5396 6867 
13751 5617 6103 6922 
13752 4341 6809 6858 
13753 5354 4958 6871 
13754 6788 5598 7075 
13755 3950 6321 6896 
13756 4427 4425 6872 
13757 4343 4341 6858 
13758 3998 6405 6989 
13759 5428 6717 6897 
13760 5851 5405 7039 
13761 6719 3907 7087 
13762 6685 5159 7119 
13763 5588 5477 7062 
13764 5731 5728 6928 
13765 6044 6043 7056 
13766 6313 6750 6999 
13767 5545 6726 7032 
13768 5439 5406 6861 
13769 6126 388 6990 
13770 5902 5903 7108 
13771 4435 4433 6877 
13772 444 445 6907 
13773 6819 3904 7019 
13774 4790 6893 6905 
13775 6834 5696 6938 
13776 5445 6160 7031 
13777 6700 5612 7107 
13778 6022 5583 6892 
13779 6494 5224 6818 
13780 391 392 6912 
13781 6348 4266 7071 
13782 6346 5393 6859 
13783 5601 6471 7172 
13784 6073 5038 7115 
13785 3984 6749 7099 
13786 6072 6071 6895 
13787 5473 5475 6977 
13788 6174 6178 6910 
13789 6163 6161 6948 
13790 5468 6740 6814 
13791 3949 6097 7182 
13792 6806 5568 6988 
13793 6971 4816 6995 
13794 4803 6706 6817 
13795 6286 6531 6972 
13796 4437 6795 7165 
13797 440 441 6921 
13798 6440 5463 7215 
13799 6125 5331 7181 
13800 6149 5225 6941 
13801 296 3948 6911 
13802 6280 4005 6916 
13803 6499 5615 6868 
13804 3878 6428 6833 
13805 6518 5551 6980 
13806 4113 6299 6945 
13807 465 466 6906 
13808 6868 5614 7144 
13809 6020 5557 7092 
13810 4360 5722 6860 
13811 5029 5162 6888 
13812 5491 6713 7128 
13813 4501 4503 6927 
13814 6928 5727 7179 
13815 5495 5493 7029 
13816 6150 3978 7084 
13817 6638 5218 6846 
13818 5585 5586 6913 
13819 5848 5850 7091 
13820 3933 6204 7064 
13821 7008 5890 7025 
13822 5535 5565 6950 
13823 5893 5299 6922 
13824 5265 5600 6898 
13825 6871 5585 6913 
13826 6352 6761 6930 
13827 5847 5848 7151 
13828 5551 5550 6903 
13829 5521 7006 7157 
13830 5869 5870 6989 
13831 6647 6130 7024 
13832 6692 4470 6821 
13833 5946 5947 6904 
13834 7060 6044 7074 
13835 4793 4772 6984 
13836 5354 6871 6913 
13837 5716 6746 6852 
13838 6500 6828 6947 
13839 5596 5519 7011 
13840 4430 6797 6899 
13841 4739 6648 6806 
13842 4989 5397 6932 
13843 4676 6450 6981 
13844 6061 6710 7173 
13845 6388 4953 7175 
13846 4446 4440 6902 
13847 6129 6127 7003 
13848 4974 6765 6985 
13849 5410 5060 6866 
13850 5120 6808 6965 
13851 3908 6341 6901 
13852 5387 5385 6874 
13853 5668 5669 7012 
13854 5975 5972 6971 
13855 3899 6826 7208 
13856 5619 5621 7028 
13857 6889 4676 6981 
13858 6021 5800 7192 
13859 230 231 6933 
13860 5579 5581 6908 
13861 5551 6662 6980 
13862 6162 6764 6872 
13863 4127 4128 6900 
13864 5849 5981 6976 
13865 5940 5942 6954 
13866 5312 6738 6951 
13867 5568 6327 6988 
13868 278 279 6935 
13869 395 396 6942 
13870 469 470 6944 
13871 6813 6451 6926 
13872 6408 5190 7194 
13873 5709 6470 7078 
13874 5701 5526 6968 
13875 5528 6257 7019 
13876 5037 6703 7044 
13877 3932 294 6936 
13878 6816 4699 7077 
13879 4034 4038 6934 
13880 6665 3883 7076 
13881 6672 4744 6850 
13882 6872 4425 6923 
13883 6045 6044 7060 
13884 6075 5893 7021 
13885 4015 175 7020 
13886 6713 6385 7128 
13887 5612 5607 7107 
13888 5461 5800 6917 
13889 6761 5334 6930 
13890 7004 5220 7158 
13891 6065 5704 7002 
13892 4395 4393 6899 
13893 6605 5909 7079 
13894 5464 6970 7004 
13895 4634 5904 7081 
13896 5986 6901 7052 
13897 5769 5982 6963 
13898 5556 6560 7200 
13899 454 455 6955 
13900 6280 6916 7169 
13901 4266 6472 7071 
13902 6234 5514 6986 
13903 4425 4422 6923 
13904 6799 5481 6812 
13905 4859 6139 7164 
13906 6429 4676 6889 
13907 6361 6798 7137 
13908 5549 5275 6890 
13909 6066 5038 7192 
13910 4013 329 6992 
13911 5721 6474 7187 
13912 3908 6901 7216 
13913 5411 6348 7071 
13914 6954 5942 7063 
13915 6023 5206 7080 
13916 6798 6082 7137 
13917 5093 6743 7037 
13918 6968 4475 7073 
13919 5291 5890 7008 
13920 6169 5525 7161 
13921 7023 3912 7135 
13922 6893 6109 6905 
13923 6781 5489 6962 
13924 6870 5940 6954 
13925 5599 6317 7075 
13926 5380 5765 6937 
13927 6070 6862 7121 
13928 6110 6956 7082 
13929 6770 6515 6879 
13930 5464 4826 6970 
13931 422 423 6974 
13932 6864 4675 7193 
13933 5635 5636 7175 
13934 270 3912 7023 
13935 6135 6134 7105 
13936 409 410 6972 
13937 6552 4941 6880 
13938 5439 6829 6947 
13939 209 210 6969 
13940 6126 4014 7100 
13941 5558 6519 7169 
13942 6867 5552 7211 
13943 5581 6460 6920 
13944 6423 4006 7206 
13945 5087 7065 7202 
13946 6800 5512 7083 
13947 6571 5217 6886 
13948 5932 4930 7147 
13949 6748 5332 6994 
13950 5247 6882 7103 
13951 7056 6043 7102 
13952 5553 6638 6846 
13953 6585 4711 6996 
13954 4365 5735 6878 
13955 389 6232 6992 
13956 5879 5877 6991 
13957 6947 6829 6996 
13958 6090 6707 7140 
13959 5006 5472 6975 
13960 4881 5184 7209 
13961 7046 6118 7138 
13962 4894 6728 7214 
13963 287 6594 7040 
13964 4790 6612 6893 
13965 5065 6445 6918 
13966 5986 5985 7216 
13967 5529 5229 7006 
13968 5112 5613 6949 
13969 6119 5987 7212 
13970 5552 5897 7211 
13971 6212 5685 7085 
13972 344 4014 6990 
13973 5667 5321 6925 
13974 6428 4004 6915 
13975 5609 5610 6959 
13976 6841 4737 7113 
13977 6512 5464 7004 
13978 6151 6150 7084 
13979 6397 3879 6919 
13980 5162 5161 6959 
13981 6430 5507 7051 
13982 6645 286 7054 
13983 176 6651 7055 
13984 5561 5560 6924 
13985 6774 6683 7143 
13986 4978 6691 6980 
13987 4405 4402 6939 
13988 385 386 7047 
13989 7012 5669 7087 
13990 5539 5784 7149 
13991 5204 5306 7093 
13992 6833 6428 6915 
13993 6885 4443 6939 
13994 6178 6179 7009 
13995 6613 6655 6964 
13996 5562 5563 7120 
13997 6166 5578 7101 
13998 6900 5594 7013 
13999 7111 5397 7142 
14000 6703 6454 7044 
14001 6688 6267 7134 
14002 5661 5662 7123 
14003 6560 3936 7200 
14004 383 384 7057 
14005 6598 5466 6946 
14006 3883 6545 7076 
14007 6315 3892 7155 
14008 5122 5120 6965 
14009 5487 4773 7034 
14010 5485 5457 6943 
14011 6738 5714 6951 
14012 4919 5416 6983 
14013 5136 6597 6887 
14014 6981 6450 7069 
14015 5840 4634 7195 
14016 6439 5166 6940 
14017 5884 5883 7058 
14018 6423 5590 7043 
14019 5023 6487 7104 
14020 4993 6538 7154 
14021 6766 6285 6833 
14022 5334 5524 6930 
14023 4873 5487 6978 
14024 7063 5944 7155 
14025 5283 6488 6966 
14026 5091 5597 7213 
14027 6396 4934 6993 
14028 5586 6324 7061 
14029 6624 4859 7164 
14030 6317 3939 7075 
14031 5587 6932 7111 
14032 5555 5554 7076 
14033 5942 5944 7063 
14034 5467 5530 6958 
14035 6570 6543 7074 
14036 6609 4790 6905 
14037 3975 6313 6999 
14038 5300 6659 7176 
14039 6250 6733 7027 
14040 6632 5224 7201 
14041 5587 5426 6993 
14042 3989 6684 7026 
14043 6533 5530 7190 
14044 6795 5845 7165 
14045 6778 5594 6900 
14046 4365 6878 7215 
14047 6785 3932 6936 
14048 5802 7111 7142 
14049 486 487 7053 
14050 5575 5417 6957 
14051 4441 4446 7010 
14052 6281 530 7040 
14053 5843 6567 7163 
14054 6899 5822 7038 
14055 6804 6077 6987 
14056 4794 4942 6995 
14057 163 6322 7054 
14058 5673 5462 7049 
14059 4144 4143 7116 
14060 4012 299 7055 
14061 6722 5813 7168 
14062 6829 5439 6861 
14063 5969 6998 7110 
14064 6324 3935 7061 
14065 4976 4974 6985 
14066 5026 6089 7149 
14067 5614 5616 7144 
14068 6627 3998 6989 
14069 4575 4863 7166 
14070 3951 6249 7033 
14071 7049 4047 7185 
14072 4711 6500 6947 
14073 6647 4443 6929 
14074 5435 5676 7214 
14075 5422 6228 7146 
14076 6517 3910 7144 
14077 3977 6325 7031 
14078 5701 7010 7161 
14079 3929 6259 7197 
14080 5038 6021 7192 
14081 345 6462 7020 
14082 6612 6727 6893 
14083 6448 5671 7167 
14084 5230 5711 7050 
14085 5554 6665 7076 
14086 6834 5884 7058 
14087 5069 6119 7212 
14088 5617 6975 7080 
14089 4127 6900 7013 
14090 4419 4417 7017 
14091 4395 6899 7038 
14092 6597 4862 6931 
14093 274 275 7106 
14094 4111 6271 7173 
14095 5944 5946 7155 
14096 5598 5599 7075 
14097 4538 4656 7112 
14098 3996 6834 7058 
14099 5205 6598 6946 
14100 6462 4015 7020 
14101 6686 5542 7064 
14102 6931 4862 6960 
14103 5987 5986 7052 
14104 6797 5822 6899 
14105 5846 3945 7141 
14106 5647 5645 7126 
14107 425 426 7090 
14108 3946 6280 7169 
14109 3936 6273 7200 
14110 7034 5685 7131 
14111 6225 6226 7176 
14112 5983 5403 7012 
14113 4011 6688 7134 
14114 4002 6424 6979 
14115 4412 4409 7024 
14116 6669 5350 7183 
14117 6331 6827 7084 
14118 5521 6952 7006 
14119 4000 6413 7070 
14120 4447 5723 7094 
14121 3895 6759 7101 
14122 5054 4916 7066 
14123 6542 5680 6987 
14124 6377 3989 7026 
14125 5223 6639 7108 
14126 6460 4807 6998 
14127 5696 6674 6938 
14128 4417 4414 7035 
14129 6691 6518 6980 
14130 6717 6464 6897 
14131 6014 6918 7059 
14132 5897 6682 7211 
14133 5332 5486 6994 
14134 167 168 7118 
14135 402 403 7114 
14136 200 201 7125 
14137 5463 6467 7215 
14138 4438 4432 7150 
14139 6745 4993 7154 
14140 4717 6652 7056 
14141 4400 4439 7014 
14142 6594 6281 7040 
14143 5255 5247 7103 
14144 6307 5296 7171 
14145 399 400 7122 
14146 6236 5492 7203 
14147 6650 3950 7136 
14148 6655 5919 6964 
14149 5267 6831 6853 
14150 5430 4944 7170 
14151 6545 5555 7076 
14152 5677 6805 7116 
14153 5250 6307 7131 
14154 6956 6042 7082 
14155 6196 6774 7143 
14156 3995 6607 7117 
14157 6566 4675 7028 
14158 6754 5411 7071 
14159 4453 4448 7073 
14160 3978 6331 7084 
14161 6467 4365 7215 
14162 6998 4807 7110 
14163 5297 6520 7001 
14164 6827 6151 7084 
14165 7017 4417 7035 
14166 5453 5451 7018 
14167 5665 5666 7129 
14168 5983 7012 7087 
14169 4398 4395 7038 
14170 6920 6460 6998 
14171 5663 5665 7136 
14172 6519 3946 7169 
14173 5507 6557 7051 
14174 6967 5902 7037 
14175 6446 4900 7168 
14176 3903 6448 7167 
14177 4389 4386 7041 
14178 3992 6756 7128 
14179 5253 6837 7196 
14180 5499 5497 7096 
14181 5397 5577 7142 
14182 5226 5378 7156 
14183 5673 7049 7185 
14184 6357 5664 7205 
14185 5071 6613 6964 
14186 5680 6804 6987 
14187 6572 5516 7198 
14188 5572 5569 7022 
14189 3951 7033 7092 
14190 5569 5470 7042 
14191 5549 6890 7204 
14192 6042 6041 7082 
14193 4791 4792 7068 
14194 5616 6517 7144 
14195 6445 4838 7059 
14196 6620 4047 7049 
14197 6154 5545 7032 
14198 6499 3979 7067 
14199 5870 6627 6989 
14200 6780 5354 6913 
14201 6360 3984 7099 
14202 6830 5585 6871 
14203 5595 6773 7182 
14204 5675 5673 7185 
14205 6450 5203 7069 
14206 5802 6482 7111 
14207 6322 6645 7054 
14208 6451 6760 6926 
14209 5709 5708 7000 
14210 6298 3951 7092 
14211 5532 5548 7130 
14212 6651 4012 7055 
14213 6071 6624 7164 
14214 5713 5428 7072 
14215 4037 4035 7180 
14216 6402 3996 7058 
14217 5221 6829 6861 
14218 5985 6628 7216 
14219 6918 6445 7059 
14220 6994 5486 7065 
14221 6251 5802 7142 
14222 4942 6908 7048 
14223 4104 4030 7086 
14224 5486 5561 7065 
14225 6401 5615 7184 
14226 3953 6296 7098 
14227 4697 4811 7077 
14228 5782 6236 7203 
14229 5743 5745 7147 
14230 5745 7089 7147 
14231 5600 5601 7172 
14232 4946 7046 7138 
14233 7022 5569 7042 
14234 6354 3902 7132 
14235 4891 5083 7158 
14236 5477 6436 7081 
14237 6023 7080 7159 
14238 6257 6819 7019 
14239 6533 5984 7148 
14240 6478 6779 7207 
14241 7131 6307 7171 
14242 5971 6920 6998 
14243 3985 6361 7137 
14244 6512 7158 7190 
14245 7147 4930 7210 
14246 7021 5893 7109 
14247 5743 7147 7210 
14248 5053 6746 7078 
14249 6912 5791 7206 
14250 5215 5105 7186 
14251 4012 6651 7129 
14252 6538 6116 7154 
14253 5408 6251 7139 
14254 5083 6533 7190 
14255 5800 6066 7192 
14256 6628 3908 7216 
14257 6790 5556 6973 
14258 4862 6617 6960 
14259 6760 6292 6926 
14260 6565 5621 7002 
14261 3999 6407 7088 
14262 4807 6457 7110 
14263 5605 5186 7133 
14264 3905 6592 7097 
14265 6659 6225 7176 
14266 6878 6440 7215 
14267 4385 6561 7091 
14268 6472 6754 7071 
14269 4711 6947 6996 
14270 5632 6960 7191 
14271 7158 5083 7190 
14272 6385 3992 7128 
14273 6826 5770 7208 
14274 5883 6402 7058 
14275 5648 5743 7210 
14276 5487 7131 7171 
14277 6887 6597 6931 
14278 4946 6609 7046 
14279 6695 4127 7013 
14280 6415 4855 7121 
14281 6375 3898 7179 
14282 7033 6020 7092 
14283 3875 6298 7188 
14284 5548 6880 7009 
14285 5415 6791 7143 
14286 6607 5546 7117 
14287 7089 5932 7147 
14288 6436 5534 7195 
14289 6270 6781 6962 
14290 5794 6816 7077 
14291 5272 6580 7085 
14292 3912 6550 7135 
14293 7092 5557 7188 
14294 6960 5404 7191 
14295 6383 5880 7153 
14296 6543 4682 7060 
14297 5572 7022 7177 
14298 5472 6435 7159 
14299 5432 6758 7016 
14300 6204 6686 7064 
14301 7080 5472 7159 
14302 6786 4000 7070 
14303 6298 7092 7188 
14304 6567 5592 7163 
14305 6617 5404 6960 
14306 4791 7068 7199 
14307 6908 5581 7048 
14308 6844 5884 6938 
14309 6803 5408 7139 
14310 3948 6572 7198 
14311 6773 3949 7182 
14312 5669 6719 7087 
14313 4679 7022 7042 
14314 6914 5215 7186 
14315 6311 6800 7083 
14316 6639 5093 7037 
14317 6474 5253 7187 
14318 5618 5528 7160 
14319 6606 5521 7157 
14320 6733 5480 7027 
14321 6743 5671 6967 
14322 7187 5253 7196 
14323 5681 5572 7177 
14324 5610 6610 7127 
14325 6420 4123 7189 
14326 3972 6867 7211 
14327 6727 6042 6956 
14328 6820 5432 7016 
14329 4024 4026 7193 
14330 7130 4438 7150 
14331 5601 6790 6973 
14332 6609 6905 7046 
14333 5714 5688 7174 
14334 6611 5549 7204 
14335 5671 5670 7167 
14336 7022 6019 7177 
14337 6652 6570 7074 
14338 5530 6512 7190 
14339 4009 6820 7016 
14340 6815 3999 7088 
14341 5596 7011 7100 
14342 6441 4791 7199 
14343 5975 6971 6995 
14344 6702 5605 7133 
14345 5665 6650 7136 
14346 4010 6635 7145 
14347 7081 6436 7195 
14348 6901 6096 7052 
14349 5860 7187 7196 
14350 7091 6561 7151 
14351 6995 4942 7048 
14352 5224 5223 7201 
14353 6920 5975 7048 
14354 5818 6885 6939 
14355 6626 4717 7102 
14356 6734 6311 7083 
14357 6595 4946 7138 
14358 6752 5023 7104 
14359 4634 7081 7195 
14360 6880 6178 7009 
14361 5581 6920 7048 
14362 5404 5658 7191 
14363 6759 6166 7101 
14364 5633 6887 6931 
14365 6905 6108 7046 
14366 6561 5469 7151 
14367 6893 6727 6956 
14368 5542 6876 7064 
14369 6952 5529 7006 
14370 6829 5444 6996 
14371 4364 6654 7140 
14372 6682 3972 7211 
14373 3935 6780 7061 
14374 5848 7091 7151 
14375 5984 6848 7148 
14376 5975 6995 7048 
14377 6892 5600 7172 
14378 6683 5415 7143 
14379 5295 6669 7183 
14380 6952 5846 7141 
14381 7018 4680 7036 
14382 6109 6893 6956 
14383 5378 6700 7107 
14384 6516 6864 7193 
14385 3928 6892 7172 
14386 6779 6191 7207 
14387 6757 4437 7165 
14388 6913 5586 7061 
14389 6904 5949 6997 
14390 6139 6895 7164 
14391 5528 7019 7160 
14392 6837 5825 7196 
14393 6780 6913 7061 
14394 6835 5610 7127 
14395 5331 6988 7181 
14396 5529 6952 7141 
14397 6876 3933 7064 
14398 6146 6835 7127 
14399 6273 6973 7200 
14400 5893 6922 7109 
14401 6932 5397 7111 
14402 4047 6842 7185 
14403 6841 5782 7203 
14404 5701 6968 7073 
14405 5453 7018 7036 
14406 3898 6928 7179 
14407 7056 6652 7074 
14408 6848 3964 7148 
14409 6973 5556 7200 
14410 6922 6103 7109 
14411 6876 5542 7162 
14412 5561 6889 7202 
14413 6975 5472 7080 
14414 6044 7056 7074 
14415 6895 6071 7164 
14416 5592 7093 7163 
14417 6639 7037 7108 
14418 6911 3948 7198 
14419 5485 6943 7152 
14420 7037 5902 7108 
14421 7107 5607 7156 
14422 6512 7004 7158 
14423 6978 5487 7171 
14424 6986 5514 7162 
14425 7010 4446 7161 
14426 5487 7034 7131 
14427 7096 3929 7197 
14428 5378 7107 7156 
14429 7093 5306 7163 
14430 7065 5561 7202 
14431 5987 7052 7212 
14432 5499 7096 7197 
$EndElements
